Date,DBC,GLD,QQQ,SPY,TLT,VNQ
2006-02-06,2.954133865623214,4.038126903745436,3.5509622371036693,4.465129003121367,3.859930312916661,3.296688946434453
2006-02-07,2.9247816371114905,4.000033854804359,3.546541588902339,4.456243088208736,3.855194835980168,3.2887939985184067
2006-02-08,2.9205171477584333,4.004237522811081,3.5580431612715295,4.4652870509666664,3.8528740684687266,3.284344865963578
2006-02-09,2.929875032538752,4.028560827108205,3.5485088441774146,4.463627575912849,3.8573996034831843,3.289110173938007
2006-02-10,2.9115021358040294,4.003507712260077,3.5546308592581313,4.465444722897507,3.851878057330089,3.2900605166009633
2006-02-13,2.8958567395542225,3.9837853943784753,3.5430901866187905,4.463627575912849,3.8519888102430055,3.291484871459709
2006-02-14,2.887499408157992,3.9980172293982146,3.55316530905194,4.47417185477437,3.848438374895364,3.2970034826057595
2006-02-15,2.87281622633318,3.984529664993413,3.5595020195033116,4.477687965059057,3.850881296476876,3.305769587824872
2006-02-16,2.8848456570687318,3.998567615224584,3.5686917126237256,4.485148719331508,3.8511033352445567,3.312449226238552
2006-02-17,2.898918096567705,4.006605631256027,3.5607156232065567,4.482434798402314,3.8590510407059826,3.323075610071127
2006-02-21,2.9153760519395777,4.009512607327405,3.549490529088476,4.4799477710545546,3.8573996034831843,3.3218490786096027
2006-02-22,2.898918096567705,4.01349597711606,3.561928188967148,4.485999984896583,3.8642047580157612,3.3329834267769876
2006-02-23,2.8954184560416554,4.000766204092118,3.5592590784960736,4.484529419860122,3.861685899511461,3.331313790508236
2006-02-24,2.9222253317063385,4.018902356085587,3.561928188967148,4.487082280942005,3.8601492267513144,3.32598208450465
2006-02-27,2.9024054276135707,4.011325228608186,3.573015514306388,4.487469077136138,3.8585006499669765,3.3261347220903037
2006-02-28,2.915805367026399,4.026600904692817,3.5580431612715295,4.477922112490511,3.863439290436118,3.322462635567461
2006-03-01,2.9136561179008065,4.027135785329382,3.5715763590766474,4.4867732343542714,3.8573792172182566,3.328270368177197
2006-03-02,2.9315670144512076,4.038479458962425,3.5722965170665626,4.486695592748913,3.850391469105673,3.3270504694943464
2006-03-03,2.9408225394697722,4.030339210556368,3.5665229424608715,4.4820469125822004,3.844586653564189,3.321542399877606
2006-03-06,2.9247816371114905,4.011506275624781,3.5577997568215487,4.47745402285229,3.8358175686437135,3.33948438698929
2006-03-07,2.907180931908404,4.006423694733879,3.5519418457751435,4.47589242912668,3.8364947935029736,3.327355532369719
2006-03-08,2.8910269294074276,3.98842835924873,3.5524314544478703,4.478000005052274,3.836156073787828,3.3325283663977237
2006-03-09,2.901099326000274,3.993418674577324,3.543830043891416,4.471271381428525,3.8364947935029736,3.340689017907589
2006-03-10,2.896732309554893,3.985830966588371,3.5448176521449244,4.480725885557028,3.8327642857556734,3.349679396441919
2006-03-13,2.909775935906105,3.9947083973329076,3.5477712337130476,4.482590652305853,3.8319703095557207,3.3430942719673395
2006-03-14,2.9243560568218454,4.004966731604596,3.5645909501683106,4.4930143599759305,3.8386360445047996,3.3502754493607165
2006-03-15,2.91322567177875,4.009512607327405,3.573015514306388,4.497460280458194,3.8332167601418248,3.3690312601541255
2006-03-16,2.9217984565083888,4.01349597711606,3.5645909501683106,4.4995231879189745,3.842233580466007,3.3793653413055216
2006-03-17,2.917092517034417,4.009512607327405,3.5672241298860263,4.500357903947445,3.8392001005885037,3.388303523432147
2006-03-20,2.896294620382408,4.010419294095021,3.5696337002656593,4.498748876360546,3.84077411312488,3.3713285045477597
2006-03-21,2.8997909914024484,4.004237522811081,3.5589873010804287,4.4924409059627815,3.8355918623234024,3.3596623011414164
2006-03-22,2.898044439121841,4.00277736869661,3.561416668121593,4.498518537018926,3.837735702949158,3.361887909280177
2006-03-23,2.9149462422875696,4.0018637233756404,3.558500675190215,4.496445643630441,3.834574687388783,3.3645518664806966
2006-03-24,2.9127951439072306,4.020159647598918,3.5635992312472626,4.4972137508120955,3.841897699548466,3.3630726710721355
2006-03-27,2.918806452897468,4.032291826995335,3.5638407960566276,4.495753638087373,3.838186426826224,3.3514582715210137
2006-03-28,2.9315670144512076,4.026422570233449,3.559717121743364,4.489581453580349,3.8287913194382672,3.3624804325896505
2006-03-29,2.938306660574564,4.044278579201222,3.5784993593326697,4.495830749832117,3.8240030966925795,3.380972408720882
2006-03-30,2.950407995289667,4.070734670544077,3.5815954359631768,4.494060107088743,3.817007238761953,3.3664715157234304
2006-03-31,2.9433318031058247,4.062165637594889,3.578737564846587,4.494291134595258,3.8166625237605594,3.3685349700877834
2006-04-03,2.9479162469944358,4.068513823065006,3.57992880548061,4.493520522463697,3.8169864316839215,3.3511588705012545
2006-04-04,2.942496014244406,4.066116572156848,3.5853924239831074,4.4998979978637355,3.815946281293419,3.344243414694958
2006-04-05,2.948747519818121,4.0717580609480795,3.594824808657113,4.503339065648625,3.817333047980052,3.349659782960709
2006-04-06,2.9664543147076365,4.082271960395674,3.597637554320946,4.502269326677586,3.809682893914399,3.345600494837406
2006-04-07,2.961954363042346,4.070564036161031,3.5879963613354207,4.492055601295072,3.7998595833210094,3.3304206389644633
2006-04-10,2.9802366476984887,4.087655548469309,3.586577563956591,4.493597721294357,3.801739094151108,3.320893348978089
2006-04-11,2.9842541257538904,4.077706892625308,3.5784993593326697,4.4850835117489956,3.8052505641102607,3.318419045417949
2006-04-12,2.9822471142545544,4.0847991545136155,3.578737564846587,4.486947218981374,3.799155285637556,3.318419045417949
2006-04-13,2.988655058205491,4.085976312551584,3.58278317302152,4.485627322943037,3.7920745696569926,3.3051740442807485
2006-04-17,2.9993758162294903,4.112348189159431,3.572277228137914,4.485238781387938,3.795738442143135,3.3023461841412853
2006-04-18,3.012324828689663,4.124712074167859,3.591298870905579,4.500969767150064,3.797507483296362,3.326436638735646
2006-04-19,3.0220241977113784,4.154969184038536,3.595763025639403,4.502880697913844,3.7913630440965322,3.3386459528735957
2006-04-20,3.010373614237583,4.110217896359898,3.592240190174514,4.50425474932108,3.7905335971691434,3.339707390996172
2006-04-21,3.031247763498969,4.146304313224639,3.5804057550368737,4.504406817678885,3.7963284988693573,3.3398597732571704
2006-04-24,3.011154481819974,4.121473254361025,3.579453224268815,4.5025753971653035,3.8003293231070367,3.3346945845067033
2006-04-25,3.014272149701359,4.139636531969667,3.5773052407833763,4.498441886925081,3.7883961014915313,3.327050264079551
2006-04-26,3.010373614237583,4.153399348976375,3.5770673336949423,4.4986717347155905,3.786730113659991,3.3239763045833812
2006-04-27,2.99462501709499,4.142499589567735,3.586577563956591,4.50349144222516,3.788038961375262,3.330268176459264
2006-04-28,3.011154481819974,4.175770871322052,3.5768278765415626,4.506843842564088,3.7887529414984114,3.3339328447150014
2006-05-01,3.0220241977113784,4.176845839935644,3.566982734704733,4.4986717347155905,3.781209734557843,3.3218188623683433
2006-05-02,3.0335406986286237,4.197953590697736,3.5696337002656593,4.506158913568167,3.783849547852919,3.3115846765964085
2006-05-03,3.015438762117998,4.196600249150833,3.5681883751111045,4.502422965480167,3.7816899663858554,3.3134530368096713
2006-05-04,3.003317473425988,4.2118313074248555,3.576350177588127,4.506007448424826,3.780006665006541,3.327510834962828
2006-05-05,3.014272149701359,4.219360604118593,3.5842084191680343,4.51479890058105,3.786005167899686,3.3403138752866743
2006-05-08,3.0115447809436198,4.213016055802739,3.5851566449409313,4.513590952578478,3.7866028103961167,3.3446960018275553
2006-05-09,3.027030915144826,4.243913336923923,3.5813576979326953,4.515553211231509,3.786005167899686,3.344243414694958
2006-05-10,3.0516954380065027,4.253909092868402,3.57251777732841,4.515025270223769,3.7877973704673025,3.340616878230553
2006-05-11,3.0613934138496,4.2631023058239785,3.549946492761333,4.502880697913844,3.782890492864556,3.321973237816553
2006-05-12,3.0580470376788553,4.264368629824631,3.5363542936411596,4.489736625852711,3.774576050315838,3.309244254432608
2006-05-15,3.02356753330292,4.210793429191253,3.5356075486145397,4.491745951682835,3.778561887957035,3.322898302808349
2006-05-16,3.0266466148382074,4.228438305598756,3.5281098275411904,4.4902780843582235,3.786005167899686,3.3190378848979485
2006-05-17,3.025108305466316,4.221711180532547,3.5144691400747767,4.471070656278808,3.779765825064328,3.3001413047831694
2006-05-18,3.0254930121447217,4.211534816062094,3.5075788374700005,4.4660121185557635,3.7932753303861286,3.29238631871902
2006-05-19,3.003317473425988,4.183270799337433,3.5152319454899907,4.473039440765609,3.795884467978313,3.2947670484384854
2006-05-22,3.011154481819974,4.178992083016807,3.5055280474434087,4.465378217679981,3.7980144992515408,3.292068766692925
2006-05-23,3.0266466148382074,4.195395764915178,3.495729407331541,4.45773839481811,3.7974231267549197,3.2810419394996035
2006-05-24,3.000954476815314,4.159820106069768,3.50244395501364,4.465695963905712,3.797895551483366,3.2826479896932614
2006-05-25,3.018155452336661,4.169761154339036,3.5154860469036855,4.477983889847621,3.7939877292520805,3.30124424675636
2006-05-26,3.0277989806236447,4.175924525775523,3.5187829377874644,4.483060223401043,3.7932753303861286,3.3131418973264974
2006-05-30,3.022410185325745,4.176078156622931,3.4970237994862026,4.465140412186554,3.792800373564369,3.3048601077538957
2006-05-31,3.0072437492168156,4.162470443533962,3.501671673422417,4.476260143656571,3.786841750127495,3.306584666702551
2006-06-01,2.995021915413383,4.136126118188638,3.5250939164963415,4.485782594142639,3.7912955566888478,3.324746006766699
2006-06-02,3.014661234133142,4.151039905898646,3.5225746853259583,4.487878029052834,3.8041150991611747,3.3362162577075942
2006-06-05,3.0119348339586085,4.147727353252806,3.500640959248124,4.473196939871676,3.8028169262133704,3.341071109293261
2006-06-06,3.003317473425988,4.135966224715647,3.49986682260441,4.470755137150374,3.807530168783542,3.3290436071087717
2006-06-07,2.9966073635734682,4.131640327365555,3.492354918370539,4.463235577923818,3.807764245353394,3.3360644048994907
2006-06-08,2.985856724183488,4.109397362343256,3.490793612955657,4.462361094780533,3.809760053492064,3.3339328447150014
2006-06-09,2.987456758400214,4.1018165896818015,3.484261806718105,4.4591754966896255,3.8150240071839265,3.34046528689618
2006-06-12,2.975393823867105,4.094844416928867,3.4644070884358973,4.448266314697825,3.8158398632210604,3.328430520315232
2006-06-13,2.9479162469944358,4.023922065181372,3.460388685101732,4.4365845766337015,3.8165390586961685,3.318109378377997
2006-06-14,2.947500301268505,4.018542829602021,3.4705376693284897,4.444306362235938,3.8064705496930156,3.3095562604031854
2006-06-15,2.9582575709423486,4.048649597635899,3.497283031419483,4.465299335705143,3.800689520766729,3.330268176459264
2006-06-16,2.960313163034424,4.054910498267536,3.4899029027316235,4.457985303411956,3.798438525689787,3.328277412128134
2006-06-19,2.9416598282540924,4.0317596978599965,3.4817846797889196,4.45009223209612,3.7970139907010365,3.321356075019885
2006-06-20,2.949992885258839,4.048300610405869,3.4830986422929917,4.45348284943939,3.795348764164276,3.3160939595359435
2006-06-21,2.964411320499914,4.066116572156848,3.4987321748001214,4.46086960491195,3.795587337801958,3.327663855266375
2006-06-22,2.9640022793865635,4.055776961143453,3.4859825258552064,4.456459913526602,3.789861664607027,3.320584102740584
2006-06-23,2.961954363042346,4.060270610832422,3.484934802943528,4.456299401793961,3.787825358960233,3.312986360715852
2006-06-26,2.972963539826558,4.065258960381515,3.487552171499152,4.460709270577057,3.7859065935196763,3.3235949758380423
2006-06-27,2.9766066574057417,4.054910498267536,3.468549571486686,4.452031224121013,3.790817419158415,3.3225048695555923
2006-06-28,2.9725581779193857,4.052480374034547,3.475983141092079,4.458787666773259,3.7855453595707163,3.32546045976068
2006-06-29,2.994228343229708,4.0863123982157585,3.5059446111539287,4.478786475242693,3.788904477975887,3.347433531152272
2006-06-30,2.9985855028406143,4.11463725801373,3.5010563412798175,4.4788647333353255,3.7985568106671512,3.3550029610053733
2006-07-03,3.0247231728047517,4.130033409538549,3.5069710199808752,4.482942204699554,3.7975677091707847,3.373385305239325
2006-07-05,3.0169922868693013,4.135166556742356,3.484934802943528,4.477213782923319,3.789551528842762,3.3717548573483844
2006-07-06,3.02356753330292,4.143452143592913,3.4838859811571337,4.480121390947611,3.7956598501650904,3.374125231231477
2006-07-07,3.016215872890432,4.137244413591692,3.4728038188583574,4.4735871417279665,3.8020862660409627,3.3699735791678087
2006-07-10,3.009200980200081,4.127456921053207,3.4640092758031447,4.475480977210598,3.8030346674446474,3.3778175171178035
2006-07-11,3.030865356851149,4.15590993940182,3.4714763689712207,4.4798858554746985,3.806230148738683,3.3794382479965552
2006-07-12,3.0407663625195345,4.173155714441604,3.4524330438500623,4.469154194234937,3.806466310317886,3.382084046168734
2006-07-13,3.040387305657151,4.182813256765891,3.435501906688426,4.4527572557546575,3.8103568460539927,3.3684863589027607
2006-07-14,3.0449259875873755,4.187379405017249,3.4252598434658084,4.448878595032837,3.810945601500871,3.354701888780428
2006-07-17,3.0220241977113784,4.158101539955101,3.4277611039229354,4.44742017643429,3.812472486691288,3.354701888780428
2006-07-18,3.015827392991857,4.141546187965201,3.4310863537837233,4.452515274148966,3.8038638452276357,3.3696763251309507
2006-07-19,3.019317825288739,4.159351704466161,3.4440033686811358,4.46629451229034,3.8132934578008433,3.385015807315676
2006-07-20,3.008809859169394,4.1358063666687634,3.429147149520665,4.4594286705894906,3.816221890926116,3.3767852355535246
2006-07-21,3.006067437080596,4.122445977497011,3.4185595666104542,4.452353861281166,3.8143502499512043,3.360268265235154
2006-07-24,3.010373614237583,4.113166306479837,3.4382521572796465,4.470422407940348,3.8137634120171615,3.3766378565923016
2006-07-25,3.001742541741436,4.1198498402350205,3.4440033686811358,4.473982236760159,3.810827337859168,3.3817901115352815
2006-07-26,2.995021915413383,4.127134385045092,3.443184346754671,4.475323316221789,3.814466583702015,3.385308343295876
2006-07-27,3.014272149701359,4.141546187965201,3.4366026324698606,4.474376654025947,3.8129419001500646,3.382084046168734
2006-07-28,3.010764124248049,4.144879245267382,3.4572956521333467,4.484349848534098,3.818675931953935,3.3965126583717575
2006-07-31,3.0204786626256874,4.145671186971547,3.457025722470328,4.483333363009789,3.8199584607451404,3.39317880485877
2006-08-01,3.025108305466316,4.163870620126063,3.4401728848684616,4.4783936205857655,3.81986485045075,3.387938740651157
2006-08-02,3.038490137210489,4.1705337005796475,3.4513497361185665,4.485130998430367,3.823602110588058,3.386039760909968
2006-08-03,3.0289499277389695,4.1607563705763795,3.4575650882984847,4.487781855445414,3.8238354553952365,3.39549931404454
2006-08-04,3.0277989806236447,4.163248521878908,3.452974529615777,4.486066851630605,3.829877506314736,3.411164053890221
2006-08-07,3.04341538130325,4.1666652238017265,3.446458179535937,4.483724282229378,3.830456704712915,3.401276024911654
2006-08-08,3.029333344069833,4.1584142425444774,3.4401728848684616,4.4798858554746985,3.828254544540074,3.386332320196212
2006-08-09,3.030865356851149,4.168678656777789,3.4415423947690793,4.4765050380395,3.8250001981530204,3.3801738402862274
2006-08-10,3.0177681917860597,4.1470951276076295,3.448634835832527,4.4795714623427445,3.8234865847582795,3.3809093460470736
2006-08-11,3.0080270636795787,4.138520909955546,3.4415423947690793,4.476741371068192,3.819162368209249,3.3747168825396523
2006-08-14,2.9985855028406143,4.131158535344817,3.448090812440539,4.477528051240563,3.8174045037787585,3.3842840280825435
2006-08-15,3.000165410570731,4.127295635294107,3.4730694051914544,4.489415978471127,3.825815027661718,3.3956439394742013
2006-08-16,2.989453063771666,4.135006570800757,3.49640190032997,4.497699783458755,3.8325384673985723,3.3975247216228364
2006-08-17,2.973774355927009,4.111365526554714,3.5000231492938703,4.500240892444809,3.832192041896109,3.396078648875324
2006-08-18,2.979028114435359,4.1115294019750115,3.501571617137798,4.505303567451428,3.8350769361037678,3.4005561162199265
2006-08-21,2.9870567492963325,4.134206073653461,3.491987115896752,4.5010097318964215,3.838644336923054,3.4063040257321386
2006-08-22,2.9854561707632072,4.127940499355057,3.4922469600799455,4.50093259511547,3.838987960243042,3.4133005463826023
2006-08-23,2.9749891540084694,4.124388713184818,3.484672817579526,4.498162144878532,3.839447554464971,3.40558715925257
2006-08-24,2.989453063771666,4.123093975508087,3.487552171499152,4.4973146305094875,3.8412812016242435,3.4094513528974533
2006-08-25,2.989054140590187,4.123417817118584,3.4893812282027894,4.4985476506312345,3.8427698559747947,3.4087364874864807
2006-08-28,2.973369127578803,4.110873864173311,3.4969205038706974,4.503312287543364,3.8436838138529246,3.4205313645799094
2006-08-29,2.971746374721737,4.109889751022429,3.5000231492938703,4.504461917763392,3.8450539613466765,3.4206721655179835
2006-08-30,2.986657061305504,4.117735485200649,3.5046603461548567,4.505073889888541,3.8476747331192023,3.426586879543399
2006-08-31,2.986657061305504,4.131800913963876,3.503632020772967,4.504920826540383,3.8500616455818024,3.4274288927667187
2006-09-01,2.984655064420613,4.1293898941427,3.5090196550506483,4.510873759130339,3.8504039652006434,3.42166051877949
2006-09-05,2.9830506340932543,4.148832757139244,3.518696450499148,4.5127744942531915,3.8441162693899433,3.431768713979414
2006-09-06,2.977817924669615,4.140910041079119,3.498472972197923,4.5039252166678185,3.8427401749149515,3.4270083465280163
2006-09-07,2.974584417731572,4.114963849424837,3.4938077384333286,4.499317622889611,3.844690464206489,3.4188343957693768
2006-09-08,2.9664543147076365,4.104954731268952,3.4997652029108406,4.502161587868153,3.84549185905485,3.4282702594803354
2006-09-11,2.9429142473428964,4.069026754237811,3.5059446111539287,4.503159123275317,3.844575227206209,3.4314891518817365
2006-09-12,2.9269070303375413,4.065945082467622,3.5242567516343764,4.512926611290895,3.849605930348436,3.4442619768601865
2006-09-13,2.9243560568218454,4.0710759170617425,3.531038166899851,4.516942804517155,3.8500610773864024,3.4499018022933643
2006-09-14,2.918378321528771,4.046379033914442,3.5320387064307925,4.51701838290329,3.8477800135341726,3.444537321659435
2006-09-15,2.9153760519395777,4.0500443299087765,3.535610105389535,4.5193628900429665,3.846980288194666,3.4525046790695426
2006-09-18,2.9273316287156876,4.0644006779877255,3.5358593039983357,4.520725619120901,3.845378182306711,3.4453643614137928
2006-09-19,2.9123645342604445,4.041646741052736,3.5291064745889558,4.518225196398817,3.8565376996494694,3.452778428122483
2006-09-20,2.906314362435507,4.047602270356891,3.543556466367395,4.5235220974641654,3.858009870863832,3.4505874843182074
2006-09-21,2.9235041474801156,4.059580582951239,3.5373538587809086,4.518680412552599,3.8671270510346925,3.4394225625543653
2006-09-22,2.911933324295104,4.069026754237811,3.5296080604564506,4.515642578872898,3.8720458477956012,3.4420522125573534
2006-09-25,2.914086378818716,4.069026754237811,3.5470126369104,4.52329549042749,3.8790466290519654,3.443558718131178
2006-09-26,2.918378321528771,4.073120954344985,3.5519306906633137,4.5315647238043315,3.874829508543688,3.4411861433981823
2006-09-27,2.933256341427159,4.091172894017358,3.5507036345435954,4.532761338070824,3.8719342764979916,3.449948005409963
2006-09-28,2.94124107007689,4.090838438205195,3.5534012169681266,4.532387734526613,3.8702603251986734,3.4478691153710197
2006-09-29,2.9437494859567828,4.0854720042448704,3.5489836832040607,4.5315647238043315,3.8690304784473417,3.4468973520675994
2006-10-02,2.932834251764359,4.080076616221165,3.536357737155281,4.527814853262062,3.871766141642482,3.4449511704618887
2006-10-03,2.9162344978808665,4.044979243364069,3.5405838652363544,4.529915844959061,3.8704223506427495,3.4546449041228438
2006-10-04,2.9235041474801156,4.031937083145191,3.564847498163142,4.541546204214175,3.877684562338265,3.4661548356878598
2006-10-05,2.9290279158462056,4.041646741052736,3.569677751912677,4.543471297893454,3.8706466930514396,3.472673366941719
2006-10-06,2.932834251764359,4.0428758432988605,3.56750659919952,4.542212527259029,3.860165378186528,3.466427792523951
2006-10-09,2.960313163034424,4.046553911723854,3.570881973716808,4.542804920109236,3.8628809727196147,3.4721316081948883
2006-10-10,2.933256341427159,4.04305126783455,3.5725653445693744,4.544136502054936,3.8549409095484948,3.472266986575002
2006-10-11,2.91966206323241,4.0409438042733825,3.5706410306656178,4.542953592739402,3.8519751187039026,3.4684686147804693
2006-10-12,2.9307212286852886,4.0516110488310035,3.586404827304175,4.551575790607922,3.85254595354671,3.4775346194605583
2006-10-13,2.952065618528366,4.070222614891246,3.591839893592482,4.554140592950816,3.8475113393987233,3.488918104276374
2006-10-16,2.960723518094114,4.080414625742942,3.5927824887397493,4.555676290676431,3.8519751187039026,3.4910472585604038
2006-10-17,2.9615443154904235,4.071587601116175,3.581654145050166,4.552528792868253,3.8527744229387966,3.487719181380064
2006-10-18,2.94541817408845,4.070564036161031,3.5768805727022324,4.553847819169307,3.8548269285972463,3.492773059674154
2006-10-19,2.961954363042346,4.084462559799262,3.579270100832627,4.555457095442754,3.8530025973474324,3.490382435576713
2006-10-20,2.9479162469944358,4.07380164022345,3.581654145050166,4.555676290676431,3.8519751187039026,3.4890520444793784
2006-10-23,2.949992885258839,4.056296465525242,3.591839893592482,4.56026976293645,3.8479693927451315,3.4950261309571333
2006-10-24,2.9570222637098063,4.063369726445023,3.584981758089263,4.563247443069709,3.8479693927451315,3.4898505380593794
2006-10-25,2.974584417731572,4.073461322740891,3.591839893592482,4.566650649072427,3.8558509178244598,3.4948933359431766
2006-10-26,2.9676781304091002,4.08244067316079,3.600990068663106,4.569753683938075,3.862316329471122,3.5047727049583677
2006-10-27,2.9705277263204244,4.084294252056796,3.586640523536456,4.563465335230817,3.866940228130012,3.4980654026143734
2006-10-30,2.959902342975192,4.092676530595175,3.593017631398944,4.562740196532087,3.869748862104727,3.503723608024866
2006-10-31,2.95372059805811,4.0983366113546325,3.5953687445319704,4.562594436928263,3.877462109361731,3.5054281471488604
2006-11-01,2.9664543147076365,4.1167581670060605,3.581654145050166,4.555822581168648,3.882979738762846,3.497669559572916
2006-11-02,2.959080196190424,4.125843199710174,3.5826059614624297,4.555237451150949,3.878858628724304,3.4784767816008517
2006-11-03,2.971340323577163,4.131961413547188,3.5799854857170508,4.553481691191843,3.8669565894968985,3.467379996360597
2006-11-06,2.988655058205491,4.125358605889393,3.594429738126122,4.564697413701037,3.869888211595903,3.4765907433578978
2006-11-07,2.9862568283988797,4.127779353065387,3.6012231853884336,4.568528456407679,3.8744957672043814,3.465609831029315
2006-11-08,2.9850558423999454,4.112675528894576,3.6058813974690986,4.570690316863179,3.878076202526596,3.4690123610845807
2006-11-09,2.9981903971994077,4.142340772610125,3.6012231853884336,4.565420817496197,3.8775177075021774,3.4705051619205944
2006-11-10,2.977010576201009,4.135006570800757,3.6058813974690986,4.565855608566416,3.881866882797484,3.4745660920253383
2006-11-13,2.969714370331093,4.1301941930336135,3.616055769730652,4.5683118231091076,3.8816446505261,3.47699525290797
2006-11-14,2.9725581779193857,4.121148782305244,3.62658176759805,4.575788344864128,3.88553216520928,3.489584483169965
2006-11-15,2.9802366476984887,4.124550406746629,3.6306708526278997,4.5786495753493,3.881756087388956,3.490781521916175
2006-11-16,2.9549598887358224,4.115942984173732,3.6349689675304204,4.581217225172413,3.8771822553089663,3.49753803897581
2006-11-17,2.9672702274054847,4.123579667731564,3.6349689675304204,4.58150217381893,3.8828681239799847,3.4937012120213136
2006-11-20,2.963593169372358,4.123417817118584,3.6369985237232587,4.582071671486941,3.8844234809730223,3.5277091201085424
2006-11-21,2.972963539826558,4.131479776235632,3.638349309840223,4.583067512658722,3.886862389740944,3.5437216583632147
2006-11-22,2.9766066574057417,4.135166556742356,3.6446290309351093,4.58505653620834,3.888522314891547,3.548124243647931
2006-11-24,2.9902506248159924,4.151039905898646,3.6428386312766468,4.58100355809039,3.890288731598975,3.55238270113351
2006-11-27,2.993036611659629,4.154184574555189,3.619958173757603,4.567156708919888,3.8939245739686896,3.5250146018913244
2006-11-28,2.995814953699126,4.152141656147692,3.622933489541837,4.571481997821359,3.896011174393644,3.5277091201085424
2006-11-29,3.0084184909379723,4.145671186971547,3.629763824554892,4.581858030726657,3.89370453928126,3.5417025267622617
2006-11-30,3.0173803145812337,4.164958332071111,3.629082886639873,4.582284720194046,3.9002814449684027,3.5521327757490395
2006-12-01,3.0169922868693013,4.1607563705763795,3.6204167190595498,4.58007669616692,3.9028218689564245,3.550256122613702
2006-12-04,3.012324828689663,4.1607563705763795,3.634065529136945,4.587678463763292,3.9045703766930373,3.5618372325473384
2006-12-05,3.015438762117998,4.15590993940182,3.6376737935367705,4.5919865865708385,3.8998648137806513,3.5541315232925728
2006-12-06,3.002136436193053,4.138201923379815,3.634065529136945,4.591140109494645,3.8978879297549813,3.548500613694482
2006-12-07,2.9985855028406143,4.138839794811288,3.621332363099913,4.586758237063319,3.897117624529036,3.542333439658451
2006-12-08,2.9906491669260618,4.127940499355057,3.625898861841133,4.588598387406373,3.889829927148892,3.5456108230776207
2006-12-11,2.9922414618020188,4.136285925132922,3.6295368630329015,4.591493095164871,3.8941430068457255,3.547873251563624
2006-12-12,2.9906491669260618,4.1354865128751515,3.6236183208809023,4.59071726004805,3.8962371353556056,3.5433432644000775
2006-12-13,2.9910474544483385,4.134846498204867,3.6254432304966033,4.591774899151494,3.887278998008172,3.538158513620318
2006-12-14,3.0025304597168736,4.1290679810861,3.6365478224109364,4.600547395757274,3.88360505378644,3.5389193117191073
2006-12-15,3.0072437492168156,4.110873864173311,3.63911668920728,4.600638678707004,3.8841623569120785,3.5314173378264053
2006-12-18,2.98942216155061,4.1115294019750115,3.629164789702633,4.597894637749443,3.8844969661980744,3.525143456846714
2006-12-19,3.0012038607912337,4.123903352118346,3.625976963739572,4.599795661649871,3.8831591917286468,3.5166307442116116
2006-12-20,3.0032212130105393,4.120986475834616,3.622321989542678,4.599232717960562,3.883047989659294,3.5270685734150824
2006-12-21,2.9930934112114445,4.1170840665932715,3.615200880651771,4.595568034412165,3.888056525700154,3.5188301917340254
2006-12-22,3.0007998256137123,4.121473254361025,3.60477256168737,4.589405242820894,3.88036628877022,3.5100140608445303
2006-12-26,2.985327242821029,4.126811744973935,3.608956989594915,4.595284985917921,3.883382108351333,3.517168179599926
2006-12-27,2.982450567460222,4.130676511088635,3.614047557246737,4.601832713638257,3.8760027378905715,3.52610535613457
2006-12-28,2.9898308190110114,4.141546187965201,3.6091894960303015,4.599724937053338,3.8737459874794427,3.5288487602939815
2006-12-29,2.993907565963971,4.146462502000307,3.6101164019946568,4.595568034412165,3.8729547891915406,3.533535524703955
2007-01-03,2.961659868039702,4.131640327365555,3.611968052401269,4.593800867891519,3.8800538474562583,3.5350925030919003
2007-01-04,2.935264334112882,4.121473254361025,3.630754344015397,4.595920615861901,3.886097948051172,3.5363879507062164
2007-01-05,2.9318070693447087,4.097173858800904,3.625976963739572,4.587912211077301,3.881736348948456,3.517695819789867
2007-01-08,2.9369882922734827,4.1023127243024335,3.626661135545052,4.592526658063832,3.8835281275273643,3.5191463287570213
2007-01-09,2.9283378104178883,4.108411794357465,3.631661585327723,4.59167653971262,3.8835281275273643,3.531715459921721
2007-01-10,2.91345784784008,4.104129865475265,3.643384122283981,4.595002319726544,3.8790417402293125,3.544513384988525
2007-01-11,2.9121343852109653,4.104789837700582,3.6536410430638324,4.599374001573452,3.873180071249198,3.557403812672013
2007-01-12,2.935264334112882,4.129872538828862,3.6587295825262203,4.606941991877433,3.868534801035709,3.5605692618313873
2007-01-16,2.9121343852109653,4.126650416672307,3.6580682887082445,4.60498538497789,3.870690028836631,3.5746274147903434
2007-01-17,2.9209253513716606,4.1374040419387486,3.6498627835580755,4.605404686078686,3.8676253407370353,3.574253586887757
2007-01-18,2.9103666930981906,4.1313191380544705,3.6312084716736943,4.602043048167374,3.870690028836631,3.5730057697367235
2007-01-19,2.9252923810144185,4.143134726391533,3.633248086348826,4.604005796802189,3.8679657677110226,3.5829439194792143
2007-01-22,2.9261632168170855,4.138680395504894,3.622321989542678,4.60091998625176,3.8703495736835367,3.5745031774279674
2007-01-23,2.9574495282692306,4.162470443533962,3.619800816380283,4.6038652425123665,3.863751680942323,3.579228172446092
2007-01-24,2.948974692136897,4.164026113886373,3.636186793361665,4.61188639697391,3.863637418677472,3.592171909442354
2007-01-25,2.9399984641694226,4.159820106069768,3.6232364006790503,4.60007651625654,3.856421238916808,3.598276548129053
2007-01-26,2.9523732103409204,4.161535783227989,3.619571173230113,4.599162260552267,3.855616127602874,3.6015579288246653
2007-01-29,2.9318070693447087,4.155282867505535,3.620489021113052,4.598599267268094,3.8534269976092843,3.604828784727296
2007-01-30,2.959135792008446,4.1623147076695135,3.6209470169045557,4.603794805160556,3.8545794539303238,3.609774499615755
2007-01-31,2.9696113939514537,4.171768487430845,3.630981534675523,4.610495868856596,3.8629520515663196,3.617685841292551
2007-02-01,2.9658529481867864,4.177766189077873,3.629391633251554,4.616460201881655,3.8617479174359444,3.6216177052433483
2007-02-02,2.978740060635392,4.163248521878908,3.633021510949296,4.617842692821826,3.863010225081425,3.6233998368011697
2007-02-05,2.975430223471307,4.163715102183682,3.632115604075279,4.618119353428405,3.864385531300987,3.6233998368011697
2007-02-06,2.970444689252835,4.171151284592555,3.630754344015397,4.618394808141266,3.8698675212942266,3.6380126121689744
2007-02-07,2.9582929165688685,4.168678656777789,3.639792033167378,4.620601202779908,3.872824594272267,3.658736757417286
2007-02-08,2.9812154867609215,4.1823553883095625,3.639566835602647,4.619291656194977,3.873619463182566,3.6510298327501034
2007-02-09,2.987376942480685,4.191471314492175,3.626661135545052,4.611816901313438,3.8679292505256164,3.6394148386535154
2007-02-12,2.968360147586562,4.184642172320214,3.6227789430344157,4.608406672646616,3.8656440364514535,3.62114164753894
2007-02-13,2.986557354957938,4.1872275007474675,3.6262046330335425,4.616806625984018,3.8634695647938835,3.6403493993931377
2007-02-14,2.9729406120857713,4.195245188540717,3.6429361905913145,4.623352349046715,3.872938128995905,3.633204328122096
2007-02-15,2.9729406120857713,4.1958477026965655,3.648748773538021,4.624656143276569,3.8758859119353657,3.6405824277619927
2007-02-16,2.990239117753245,4.195094474519826,3.645399377561911,4.624175972142019,3.8793881566596955,3.6380126121689744
2007-02-20,2.9791530089466884,4.1791451265327515,3.65297508943076,4.626300642744622,3.8816432348756282,3.64570362602301
2007-02-21,3.0003957220495105,4.209902880200413,3.656077837449019,4.625890014214215,3.8799530924752315,3.642447999112285
2007-02-22,3.014044918775104,4.206928945692685,3.6611545139052293,4.6251357100285135,3.874525946310248,3.6370760648577645
2007-02-23,3.0204044168275885,4.2153815752906745,3.657625510372752,4.621220422329991,3.8816432348756282,3.619474783022854
2007-02-26,3.023173919891048,4.2209771907490214,3.6527533358812883,4.6203255286322165,3.8882620246977604,3.614456734579953
2007-02-27,3.0040269779252085,4.180675207960116,3.6108110954160297,4.5804848308329325,3.900817806594254,3.5829439194792143
2007-02-28,3.0192150816755543,4.196901201042582,3.614047557246737,4.590683356248453,3.896280461315136,3.5903328798052474
2007-03-01,3.0120496810188566,4.186923738878673,3.609421019130102,4.587698882926794,3.895646118262986,3.5802203607471244
2007-03-02,3.0028179922568645,4.154341521758167,3.594235603852731,4.5745170787006755,3.9006472825077383,3.5642283667232983
2007-03-05,2.9877862441626464,4.1420230023882905,3.586436946958342,4.5649529559689555,3.902308922911259,3.52453341162276
2007-03-06,2.9971568107870157,4.161224114847754,3.6029076311497414,4.5819174580495385,3.8993159639085957,3.5605692618313873
2007-03-07,3.010850173802312,4.1635596787048135,3.598932768012036,4.5809147641928485,3.9031933979533933,3.5464380055334686
2007-03-08,3.012448728301123,4.166355150259997,3.6057045016299747,4.589334709649774,3.902308922911259,3.562337174043595
2007-03-09,2.9991822405559785,4.162781723775329,3.60477256168737,4.589618284795657,3.891739174115046,3.575499848931437
2007-03-12,2.9898308190110114,4.16464772873319,3.6112738533346365,4.591108928133049,3.895646118262986,3.580468360367839
2007-03-13,2.9820391722718416,4.154498504199147,3.5916426281822686,4.571483970517742,3.901644551785046,3.556642585431675
2007-03-14,2.984095519160714,4.157945122153888,3.6061697317490533,4.578906198596138,3.8970932307408086,3.561453608626639
2007-03-15,2.9779137491634873,4.158570527366579,3.603841102241123,4.580269677490768,3.8969826381035633,3.570380596636776
2007-03-16,2.9803909285493115,4.168524002899942,3.603070682617262,4.577465718092915,3.8967598667840617,3.559178085042928
2007-03-19,2.985327242821029,4.1703792155010255,3.613291546641386,4.5894486453766605,3.8946422248914923,3.569128256796509
2007-03-20,2.986557354957938,4.178532461215631,3.6204303016237454,4.594925782664013,3.895200240264976,3.57313072861262
2007-03-21,2.9881954744741974,4.186923738878673,3.6395208481920682,4.611249084100447,3.895646118262986,3.5851661660331655
2007-03-22,3.004429711583427,4.18601178323318,3.6359133215895874,4.610481070449041,3.887703328202066,3.586152588765069
2007-03-23,3.004831999601927,4.176692326991866,3.6327452554690143,4.611946945962285,3.884892376139165,3.58676812072835
2007-03-26,3.009248965747972,4.1872275007474675,3.6368167003355487,4.61062062211053,3.8861298930156387,3.570624929951572
2007-03-27,3.0120496810188566,4.185098879040673,3.6297944801428543,4.608243613684468,3.8844408920481133,3.5601231069384007
2007-03-28,3.0215922462088476,4.190412077172085,3.6190526214460776,4.60093768506101,3.8824110096331776,3.5534870474292135
2007-03-29,3.0407971768005884,4.184337623991438,3.620201007296202,4.601994142448139,3.8810554881772923,3.5551503316324444
2007-03-30,3.025935773986255,4.185707535740933,3.619282179212997,4.602205590837096,3.8791315488191978,3.5693654805594455
2007-04-02,3.016036650736524,4.187379405017249,3.620659237086082,4.603332408220658,3.880790177053978,3.575647138674927
2007-04-03,3.0120496810188566,4.187075689294682,3.6336516002008588,4.6140366311644705,3.879541065197121,3.584374865618244
2007-04-04,3.023173919891048,4.201852733394858,3.637719564845054,4.615150127518267,3.8805632963501377,3.5793968330593597
2007-04-05,3.0251476625238727,4.2026008901207526,3.6426684538682856,4.6178572320256785,3.876809231787053,3.5783980755149307
2007-04-09,3.0148423870616106,4.197652955405635,3.640196820478807,4.6192427593123995,3.8701778308790606,3.580270220732535
2007-04-10,3.0286902057986773,4.207077886737471,3.6453581400418575,4.620418780969087,3.873155800340166,3.584374865618244
2007-04-11,3.027117239906953,4.205885964251589,3.6347828486466227,4.61633096921458,3.8724693877472074,3.5693654805594455
2007-04-12,3.0330029868227597,4.2045433226313795,3.6426684538682856,4.62076503848589,3.8726987468751624,3.5625369508267126
2007-04-13,3.0384652827189154,4.217151937502081,3.6446859478760136,4.625317049156023,3.86960392121604,3.573766524180172
2007-04-16,3.0306528250430946,4.225372846936676,3.653826747149056,4.634768023301913,3.875098147213508,3.575020660062399
2007-04-17,3.0204044168275885,4.219507705176107,3.656043936531542,4.637423641611114,3.8806765856896965,3.5879688279544912
2007-04-18,3.020800423739861,4.225080344044702,3.652716652333099,4.6386461481509995,3.8856595412604515,3.581764547017471
2007-04-19,3.018024423585921,4.212571925510294,3.655822468251139,4.638374518955279,3.883962918571209,3.575020660062399
2007-04-20,3.0318285503471127,4.229749154806791,3.661344317752935,4.647771529145403,3.8813569963736043,3.5825117752145705
2007-04-23,3.0384652827189154,4.223323974774055,3.6628849442367875,4.643996146789047,3.884980876997011,3.5936430096892362
2007-04-24,3.024753003192136,4.215529262790278,3.667930286231044,4.644401316145033,3.8887037436407073,3.5868549366621494
2007-04-25,3.044284990043231,4.2178887393232545,3.6811900541986162,4.653541226925634,3.885207384700652,3.5862355481339954
2007-04-26,3.037297430581274,4.202750477139343,3.686359248438463,4.654678054901688,3.8779484093748327,3.5868549366621494
2007-04-27,3.0423486966800377,4.213016055802739,3.6867881499033746,4.653875623958613,3.877720725025514,3.584374865618244
2007-04-30,3.0333940368798067,4.206034946989769,3.673603281501151,4.645548502996472,3.8881410745072924,3.568104658173731
2007-05-01,3.03534763828963,4.200055053252495,3.672732545357351,4.648107860799505,3.8888646823612354,3.559359496926186
2007-05-02,3.027510597918401,4.199605127816726,3.6835622460137416,4.65394218476746,3.8882997600382594,3.56722079103731
2007-05-03,3.032220243748252,4.211979407102767,3.6872178227514274,4.6593446788226185,3.886036090929671,3.5698694077097666
2007-05-04,3.030260609223203,4.222297962335556,3.6880760423232504,4.663128615931787,3.8901071223038546,3.561139950095278
2007-05-07,3.025541703328489,4.223177434065069,3.6880760423232504,4.663327597970859,3.8928117834175757,3.563931462370345
2007-05-08,3.0192150816755543,4.2177413999037086,3.6902179934477135,4.662001431785332,3.890558316520131,3.5573204932795828
2007-05-09,3.014044918775104,4.211386537409022,3.692355936640932,4.664717423866443,3.886601588811443,3.568104658173731
2007-05-10,3.0100497962467814,4.189654742026425,3.678594968621407,4.654209909207595,3.8889775036233147,3.554638385028578
2007-05-11,3.024753003192136,4.1964497392336275,3.691287726670444,4.662730749111969,3.8854681577107444,3.568104658173731
2007-05-14,3.0211965528016558,4.193888174140994,3.6844237988477313,4.660540838556952,3.882857283879247,3.562409687024262
2007-05-15,3.0310448870900473,4.197803284349383,3.6766450942361737,4.660807091086671,3.88251583912151,3.5470641803875265
2007-05-16,3.0211965528016558,4.1835756726896935,3.686359248438463,4.66762433150459,3.8818333073447695,3.5346162502813256
2007-05-17,3.0294755313755672,4.1753098835197475,3.6816214661859736,4.665643357342918,3.8777281469000204,3.5171098628599533
2007-05-18,3.0279038936083023,4.1823553883095625,3.689790179719342,4.6743298424751565,3.871077899870362,3.5069670161951243
2007-05-21,3.0376868052228123,4.184642172320214,3.696192223426589,4.673805988932225,3.874065318783864,3.510982982918237
2007-05-22,3.023173919891048,4.177459422126505,3.697042684117217,4.673018410510471,3.8688900534915653,3.525703844528359
2007-05-23,3.0279038936083023,4.182660657239654,3.692355936640932,4.673149288983936,3.866003912080915,3.518039241949199
2007-05-24,3.022383535050389,4.1705337005796475,3.677945625678783,4.664055661370293,3.866928655294235,3.5011821073469287
2007-05-25,3.034566729040911,4.173463804269498,3.684208528124327,4.6682175513114235,3.8646156318637885,3.50683270849392
2007-05-29,3.012448728301123,4.175463608816932,3.691929036772029,4.671837091980822,3.864499228078206,3.5418965262568807
2007-05-30,3.02198796889687,4.170070291611533,3.700013943652797,4.679948535369806,3.866581886973506,3.568356325877071
2007-05-31,3.0310448870900473,4.182660657239654,3.704665113953247,4.678905790717246,3.8647316221578505,3.564311868694474
2007-06-01,3.0384652827189154,4.196299321491123,3.7052980924534418,4.683850812039927,3.859464358753746,3.5657040168788336
2007-06-04,3.0473750285100465,4.197803284349383,3.708244398725763,4.683980421551614,3.864011064670459,3.569743181143225
2007-06-05,3.0435110316493006,4.195245188540717,3.708244398725763,4.680014303528292,3.857709858534901,3.5537431846240706
2007-06-06,3.0431236458005166,4.1958477026965655,3.6974677852127993,4.669205875152817,3.857241981860975,3.546935481581187
2007-06-07,3.048145912754217,4.178379323899321,3.681837582613056,4.650995973636395,3.8391630100491803,3.5149832265839613
2007-06-08,3.030260609223203,4.1623147076695135,3.6940628545054546,4.6639235872298945,3.8383288481633167,3.5268881599785353
2007-06-11,3.049301352005028,4.169761154339036,3.692142271845015,4.665643357342918,3.835460252274398,3.511784540520286
2007-06-12,3.046603368270246,4.160444340121961,3.6861443940024725,4.654678054901688,3.820873857134784,3.4942781040472544
2007-06-13,3.0592593886174395,4.167130213030917,3.697042684117217,4.669535433333193,3.8327044909789274,3.51617961922166
2007-06-14,3.068741649984039,4.168214387168139,3.7036098850982193,4.675901109176028,3.83018118224922,3.505355850688428
2007-06-15,3.074763487032845,4.172076887233094,3.7128017594945986,4.681575257081404,3.837014664685342,3.516312904152511
2007-06-18,3.074763487032845,4.173617696130344,3.713011242014886,4.680397923905674,3.834981187103847,3.5007774823255704
2007-06-19,3.064959492579413,4.181744803769481,3.7128017594945986,4.6828808166946105,3.844277279646367,3.5026653672558155
2007-06-20,3.0660955892201875,4.169915734921016,3.7033349765106416,4.668886301782333,3.836178296527667,3.472163470547632
2007-06-21,3.0615432591868106,4.167594986145611,3.712383501128049,4.6744285861840185,3.8313836346486365,3.4777033106377147
2007-06-22,3.0592593886174395,4.170996894899356,3.702912080672007,4.664975021043958,3.837850991259836,3.473967071266865
2007-06-25,3.055440948675546,4.165579367887099,3.6986739178871293,4.66018093493504,3.843328398781986,3.457435277571357
2007-06-26,3.043897994839859,4.152927869532013,3.692923618351967,4.649849039895547,3.8435655195971323,3.453574609992529
2007-06-27,3.0423486966800377,4.153713465270418,3.70818509361329,4.663977469255392,3.8445145837068373,3.478895823821927
2007-06-28,3.039243154659188,4.162937386931261,3.7077642443336187,4.663844737270893,3.844277279646367,3.4737143773766155
2007-06-29,3.0384652827189154,4.163092907151459,3.7094463929579202,4.6641772893891655,3.8545455153125125,3.469915930315535
2007-07-02,3.0446718355392504,4.174694863246511,3.7184392007703773,4.673177159039199,3.8597882022221577,3.492767838337941
2007-07-03,3.045831112111043,4.1703792155010255,3.7242519959542175,4.676794165419801,3.853672250387908,3.490008787357042
2007-07-05,3.0550584273521926,4.165424115479353,3.731471000217938,4.675743716754383,3.8424020102950744,3.5049540575349822
2007-07-06,3.0634426864864115,4.173771681759713,3.7355722432692247,4.680986657672545,3.838336978873267,3.5037281986437985
2007-07-09,3.0611629761348222,4.1802163592865496,3.736186327210929,4.681770673240878,3.841925277945483,3.5030469498910612
2007-07-10,3.068364095044114,4.183728132659508,3.727765096353809,4.667429428689261,3.8587316256592206,3.477358358614788
2007-07-11,3.070627377908962,4.181133729602044,3.734548508321498,4.6744944336348615,3.8483490193266086,3.4753979558456063
2007-07-12,3.073261490158535,4.189957675577824,3.7497975401610275,4.6901615428989,3.844904662013066,3.488211418339953
2007-07-13,3.074763487032845,4.190109165719381,3.7566345170869657,4.69313652957126,3.847637467379732,3.497714935361523
2007-07-16,3.056970020933257,4.186923738878673,3.755632040324772,4.693007053262222,3.8572044262145435,3.4893174260286273
2007-07-17,3.050839743533458,4.185859671057874,3.763225884532922,4.692490168867615,3.8550871028055798,3.4857170756468254
2007-07-18,3.0623034809453875,4.199004873993123,3.7620305763445367,4.690679211766821,3.858848380873437,3.483494555768346
2007-07-19,3.0657171226560176,4.204841893864358,3.765015862833381,4.6945562449004,3.8586150982499188,3.4872419862750252
2007-07-20,3.0653382459355676,4.213312108380768,3.759636109388628,4.684380074382775,3.8676128187253127,3.469634186979
2007-07-23,3.060782637773838,4.211683072731866,3.7600356003871602,4.6874371450050045,3.865982582034272,3.452140892974169
2007-07-24,3.0531430825347776,4.211683072731866,3.7451459278588644,4.6699441177612675,3.8697037344920684,3.4317042113293565
2007-07-25,3.0619234869379017,4.203198989942537,3.7465640570491523,4.6719906759618,3.871675669103715,3.420808769623071
2007-07-26,3.0512241523499246,4.184337623991438,3.7380255025343883,4.648027022874166,3.8799834224468115,3.402281121901258
2007-07-27,3.060782637773838,4.180675207960116,3.717606380510581,4.628171663217208,3.8828514710232045,3.3685410134753653
2007-07-30,3.049301352005028,4.18616375627276,3.729207338544795,4.643694107389583,3.8799834224468115,3.387698270689735
2007-07-31,3.0573519912058345,4.18646786501381,3.7079744104217456,4.6323666431681705,3.887196096939991,3.383711534195053
2007-08-01,3.0558235033432446,4.188593577753993,3.715728857809672,4.637226973778238,3.8850292395237753,3.396837547040213
2007-08-02,3.0573519912058345,4.187986675662539,3.724872792815582,4.64518521437374,3.8875512718388183,3.4132301300515127
2007-08-03,3.046217360074247,4.200055053252495,3.7056574308975123,4.619102750552783,3.8941688707375786,3.3738302543909
2007-08-06,3.032220243748252,4.197502603859698,3.7171892002601883,4.635723869905758,3.886864032735514,3.408145626686247
2007-08-07,3.0376868052228123,4.196901201042582,3.7242519959542175,4.646336335147532,3.8860616172435045,3.413677481523826
2007-08-08,3.036127938194905,4.201253827593701,3.7351629478888033,4.66018093493504,3.8738346876381264,3.4524276075783877
2007-08-09,3.028297034677513,4.181439255086977,3.7117546202501472,4.6300990958057495,3.8752253552618092,3.4413219895101568
2007-08-10,3.0318285503471127,4.198254021028328,3.702700847843646,4.625411108212619,3.872905125122152,3.4106913303086044
2007-08-13,3.024753003192136,4.193586429111871,3.7094463929579202,4.628998181979357,3.875805067028523,3.405894052909872
2007-08-14,3.0279038936083023,4.1940390700642425,3.692283231102938,4.613594002174046,3.8784657958523616,3.3767738343312548
2007-08-15,3.03534763828963,4.191622460153498,3.6730782954975987,4.599722942577882,3.874877968598755,3.3597677385122626
2007-08-16,3.018024423585921,4.169452039427147,3.6632260921038164,4.607210339786469,3.8851438266446374,3.3991091355935623
2007-08-17,3.0172296765251843,4.174541137076406,3.681971647374219,4.625411108212619,3.881119857423231,3.421548576490015
2007-08-20,3.020007973791167,4.1762317638715265,3.6867106419956897,4.624927185472122,3.8816956912516165,3.4397254874646195
2007-08-21,3.0184214671551524,4.175463608816932,3.697186170029667,4.626930677437531,3.8865199620646838,3.4443629413635763
2007-08-22,3.020800423739861,4.180522281794635,3.7107060101219105,4.638728190600784,3.8849145608807594,3.4564362530614163
2007-08-23,3.0239637732295686,4.1791451265327515,3.7079744104217456,4.637841524678329,3.8883520246486025,3.4391440305149388
2007-08-24,3.035737864350758,4.191320030577851,3.721972745427825,4.650119175199376,3.893259116105759,3.4445077327318288
2007-08-27,3.0369076297069357,4.189351716678482,3.715311264913213,4.640772060805635,3.898481799822111,3.4225836737485693
2007-08-28,3.026329596919879,4.183423189472293,3.6912132308125645,4.6185465092664,3.900178307083072,3.3915162069609464
2007-08-29,3.035737864350758,4.190714781422818,3.7194795522849633,4.63797767931713,3.8974615523178113,3.4274482154317534
2007-08-30,3.0376868052228123,4.186619884710568,3.724665872674839,4.635312873811762,3.904126999923122,3.4325820399457045
2007-08-31,3.0380761197242636,4.197502603859698,3.7357770101519456,4.645117628277127,3.9049152857981526,3.4489798370840097
2007-09-04,3.049301352005028,4.21123834989476,3.752215652915246,4.655162455882357,3.905389495261737,3.4621337128961445
2007-09-05,3.0512241523499246,4.213016055802739,3.7421003680938414,4.646472143432712,3.9133746306336135,3.4378355875032414
2007-09-06,3.0473750285100465,4.232075466774036,3.7412867584610674,4.648769521296256,3.9107946817673436,3.446674235942324
2007-09-07,3.053909714729893,4.239742756115499,3.7225944051797164,4.634765504956134,3.924846694585905,3.422287898698773
2007-09-10,3.060782637773838,4.243051921834341,3.721972745427825,4.63284675737153,3.9325695958718274,3.4118864962259154
2007-09-11,3.063063214363498,4.255896309927094,3.737003913730653,4.644439902128657,3.9317991538868617,3.43243588111294
2007-09-12,3.0736373773692693,4.255045159919516,3.7372084785624002,4.647013070355742,3.9280534957496656,3.426565680658435
2007-09-13,3.0660955892201875,4.249637472756199,3.7421003680938414,4.6540219647027605,3.9190716980629112,3.4488358130797603
2007-09-14,3.0668521817290504,4.2483523441795095,3.742913316304084,4.653954319284613,3.9205186146435276,3.455292289220369
2007-09-17,3.078508814374924,4.262257269737161,3.734548508321498,4.648566963493817,3.925289564139295,3.4479715972187313
2007-09-18,3.0822401665653465,4.272490705042704,3.759436348461272,4.677581615500328,3.917734128641593,3.48293870971507
2007-09-19,3.090769752021859,4.268717953439257,3.7620305763445367,4.683467314910345,3.9084342676970336,3.501545738883024
2007-09-20,3.1061602938288497,4.28661646665557,3.759236014291832,4.676400420873941,3.8893401631250692,3.4752575690496452
2007-09-21,3.1130457369017295,4.281377175900376,3.7663302107057977,4.679095352039962,3.897795146802215,3.4823818510771924
2007-09-24,3.1112383965011254,4.280547448835495,3.77088752725841,4.677251362361811,3.900635707420844,3.5011628925122475
2007-09-25,3.1039760207462344,4.281239006176476,3.780330479784186,4.675271390800592,3.8971125909389213,3.4760046157624114
2007-09-26,3.1054328752207763,4.276666119016055,3.7852134425607757,4.680542132766773,3.898023567737492,3.4904785006312045
2007-09-27,3.1312962988970883,4.286341342562062,3.7902670153980877,4.686437916752333,3.90493810646921,3.4981218399080825
2007-09-28,3.128099768706977,4.297421480446403,3.786966515722027,4.683101102599219,3.9071947789235515,3.487404381814918
2007-10-01,3.1177295410345347,4.302712848602043,3.7983772410482928,4.694311251587995,3.912892911983879,3.5114619674937826
2007-10-02,3.0973947730660107,4.281515431987252,3.7985693733507766,4.6929487030885575,3.916038522525131,3.5294678117821245
2007-10-03,3.0984948033382205,4.275276285949238,3.791623482124469,4.690935249847861,3.9131183678240715,3.5246260267156244
2007-10-04,3.112323141748429,4.2886770693737235,3.7939442870238413,4.6924948531306345,3.9169347815243603,3.534820974447937
2007-10-05,3.1152101408888813,4.295923956409011,3.8140231307027213,4.704306184534708,3.9061194595675124,3.5580377263565923
2007-10-08,3.094087835330924,4.284000252545001,3.8202514486631785,4.698966241791313,3.905325363765574,3.5389494479759853
2007-10-09,3.1010564440231407,4.2916915083881895,3.8245693864434136,4.7083409584952784,3.904077937318767,3.550051795199401
2007-10-10,3.112684462172292,4.29537883626816,3.8270022217978323,4.706677485226184,3.90464570122266,3.543061388619157
2007-10-11,3.123821547986875,4.30284818634502,3.8109894930839414,4.70186476639814,3.9036238017350318,3.5390825019884105
2007-10-12,3.128455350936106,4.312006400870551,3.8273753598336264,4.707381147087414,3.8987298567942132,3.5296024687805327
2007-10-15,3.1453811383618784,4.319353032022964,3.8196868077652155,4.698901638902123,3.89895698218402,3.510642029407454
2007-10-16,3.146429491634899,4.3190868714626,3.8149694473866904,4.690935249847861,3.8992995053480635,3.4983986712126742
2007-10-17,3.1411763703028273,4.310799125385514,3.8277489397052373,4.693987036874888,3.9101888200656805,3.496875669790873
2007-10-18,3.158925314128589,4.330733340286331,3.832035024447181,4.690349403114495,3.9157016860999576,3.4971526151969066
2007-10-19,3.156161972644747,4.3267781201295605,3.8068027760180687,4.663844881163342,3.930513338961863,3.453676207186169
2007-10-22,3.15339081102582,4.312140486755574,3.818745449300886,4.669641232391408,3.930624403868855,3.479536697530293
2007-10-23,3.146429491634899,4.320550132194402,3.839444929281024,4.67771253674649,3.929295984300339,3.4900600966426203
2007-10-24,3.1499162496844826,4.324397477386323,3.8318489681778893,4.675865708703919,3.936684802233122,3.4731695143531236
2007-10-25,3.172969046283609,4.3311279831848,3.818367903590607,4.6782393835466,3.9332725995659406,3.475296534560214
2007-10-26,3.1881591511666443,4.352726580387303,3.8348198268248104,4.68989416137229,3.930954904389965,3.490338703148913
2007-10-29,3.2044412436555434,4.358246141166978,3.83889118960395,4.693208632153143,3.934816664851958,3.4738786297563826
2007-10-30,3.181773624138595,4.348340557292134,3.840920344155504,4.6862423553208705,3.9342656305148127,3.4875443568062816
2007-10-31,3.2097010217678767,4.364626154928616,3.855011908832757,4.696576702047238,3.925193190251906,3.508178059368089
2007-11-01,3.1968316490923634,4.355810991771494,3.836117141649462,4.672890580739342,3.93810216406017,3.4603125185207677
2007-11-02,3.2181894015894965,4.379899396594632,3.8438651494242064,4.674015748448517,3.941292219109741,3.4459758335064046
2007-11-05,3.211666289502394,4.378896741664954,3.83741277562871,4.666380573710175,3.9408542321294058,3.4314306763319014
2007-11-06,3.2375075524440566,4.399743759226747,3.8486311248240654,4.679753754125838,3.9360060931898024,3.4439322183842664
2007-11-07,3.2323923853403,4.40964177573129,3.824007595624458,4.652016526935321,3.937771712688472,3.4123056522731554
2007-11-08,3.2298250318235224,4.409520239806512,3.7931711118508495,4.646932509744577,3.9360060931898024,3.415317961716392
2007-11-09,3.2295036581225447,4.408911967168768,3.759156189408738,4.633110914860198,3.9444730902134135,3.407163600353506
2007-11-12,3.2074033300991576,4.360547641971952,3.7334280472573447,4.623140454842869,3.948080444804523,3.4186214862950193
2007-11-13,3.1881591511666443,4.370965722028587,3.7738481056467155,4.653164978362165,3.9443634790257533,3.4512130683660054
2007-11-14,3.2103565915460903,4.385520508722568,3.76095496916982,4.650392373141224,3.9454583127680203,3.4306901837594532
2007-11-15,3.2004783302109034,4.356067556353588,3.755549696812303,4.6358631247004505,3.9548212197671684,3.428911255918283
2007-11-16,3.2037819380875208,4.353498551059343,3.764740622015817,4.637579574221212,3.9562293301136484,3.410040245574381
2007-11-19,3.211339025788407,4.3469174299032645,3.7531379432273675,4.62355775664593,3.9627011509336163,3.3880273236634992
2007-11-20,3.2359118903628485,4.375379607312641,3.757154218091953,4.629659798864325,3.961625769501359,3.3685186790349873
2007-11-21,3.2371886386357116,4.373994470667539,3.745260140896231,4.608983022017405,3.9674204380233102,3.3615599302776813
2007-11-23,3.2463965402862813,4.3975308212098465,3.7559508233078853,4.626127774936741,3.970411961346834,3.381047598624892
2007-11-26,3.2339936687546085,4.398146054090761,3.7385457065158176,4.603817189802584,3.9899582270477096,3.33192340922507
2007-11-27,3.225961638265143,4.383275835024639,3.7583558995577766,4.615244996639738,3.980391434758596,3.3550316583589233
2007-11-28,3.2136277025339277,4.376637133554131,3.7883268594347417,4.646728993955575,3.9736083615933446,3.398023736267488
2007-11-29,3.2159112297172054,4.360292126933814,3.7925910528428695,4.647068456584157,3.982185734763577,3.3818265420831684
2007-11-30,3.2034520060056826,4.347952650393211,3.7850188999397374,4.657074103233724,3.977323246004458,3.408678369991631
2007-12-03,3.2106841768804593,4.360292126933814,3.7766032342589604,4.65045974952036,3.9852274344825105,3.39787039647028
2007-12-04,3.215259369051457,4.374498387470708,3.7724675579973077,4.641481706212918,3.9851215626107064,3.370565855617163
2007-12-05,3.2077318070005667,4.364753271072964,3.7902670153980877,4.658082831208268,3.9731228704567223,3.403670250859517
2007-12-06,3.2256388688095146,4.374120497707572,3.8045118260211286,4.672294348821703,3.9643241497659787,3.4349763214511895
2007-12-07,3.2224067998189527,4.364371680021943,3.8047033779529507,4.672095716104786,3.953053034948245,3.4314306763319014
2007-12-10,3.2217592370790378,4.382026634673881,3.8087079563266113,4.679818968647117,3.947040417352719,3.4526629106925832
2007-12-11,3.23046739413349,4.367420435834628,3.7852134425607757,4.652016526935321,3.966477652603026,3.398482977120218
2007-12-12,3.257397690768066,4.388132926565321,3.7941374445272156,4.66183873631388,3.95610114315089,3.3951120727171444
2007-12-13,3.246712457308187,4.363098624788363,3.788714794872096,4.659760943798877,3.9451753064539097,3.3836908300496553
2007-12-14,3.239737255304512,4.363353326655666,3.77837040707681,4.647000704979659,3.9405504188478337,3.3582217128463747
2007-12-17,3.234834460410226,4.358374070854652,3.753741605900912,4.6326285522178905,3.949450010088107,3.3268427735899855
2007-12-18,3.230565805454355,4.37260741275739,3.756953604348633,4.638196934969434,3.9558829831398787,3.3421695007971133
2007-12-19,3.240063200439021,4.372481194871359,3.756753128569935,4.638196934969434,3.9690558357873877,3.3523122747076015
2007-12-20,3.235816779239531,4.365261865066018,3.7769966168080322,4.644483621329917,3.9669075227864683,3.3481354493034754
2007-12-21,3.2475318771887736,4.383275835024639,3.796529759911774,4.658795776615031,3.9521806680006657,3.3675662423037718
2007-12-24,3.254945333257549,4.383775097591932,3.804023563681487,4.666194113411503,3.947479164725349,3.399445346748034
2007-12-26,3.2667572423377784,4.400848347735205,3.808988189672398,4.668335880884779,3.938672632598831,3.382685322134447
2007-12-27,3.2702420574221147,4.401338915772386,3.7969156395970174,4.655685792343009,3.949515341689919,3.362582401356831
2007-12-28,3.267074499735698,4.418840607796598,3.7959509609407087,4.653177049596116,3.964988762926534,3.3448599350576558
2007-12-31,3.2683427415970256,4.4123133161760695,3.7843053686036896,4.645749475276564,3.9710262250170576,3.3530286578882986
2008-01-02,3.2955360954763018,4.441002846966632,3.7683644736310535,4.636956584721915,3.985326205030348,3.3499327974787256
2008-01-03,3.3032155988880216,4.449334750863576,3.772521855154611,4.636473485979003,3.983947498767879,3.318263084132501
2008-01-04,3.2973847171244883,4.444179467632579,3.7276748297783877,4.611661371170595,3.9841595509951424,3.27681575121372
2008-01-07,3.2790581671379395,4.439941667019823,3.722911358214595,4.610811895383754,3.988499745326793,3.2860789589300383
2008-01-08,3.288108027250989,4.463376166303563,3.6966193895108166,4.5945317514720125,3.9873366484787756,3.2508447571654284
2008-01-09,3.2781172956042157,4.460722316882273,3.717708216132501,4.604987368985113,3.9892379742602397,3.268351600190493
2008-01-10,3.27339946886864,4.480173695813406,3.7191679860618088,4.611519993597141,3.9756369650359416,3.2836408180091983
2008-01-11,3.2825004515874836,4.4839061191662495,3.699386009507133,4.603418622378207,3.983416425501661,3.2838148566872665
2008-01-14,3.294919222333376,4.494685463037605,3.7166640713757184,4.611449259406156,3.987125268964117,3.279621217194893
2008-01-15,3.2825004515874836,4.477223147379364,3.6887023411097974,4.589190527470224,3.998273563232226,3.2591006196157895
2008-01-16,3.2730842120966885,4.462453848587444,3.67790262326987,4.580540351807363,3.991030796186849,3.2704743819540067
2008-01-17,3.260070308599485,4.460144413937834,3.6639075499961726,4.554282291656814,4.003905534095091,3.256774017993857
2008-01-18,3.263896876736684,4.4707240684896785,3.6625851939318315,4.5439622126740264,3.9970182165957686,3.243428344519109
2008-01-22,3.2603897674371787,4.479266748331614,3.6364474268029134,4.533762832115275,4.007642960023406,3.267111214526736
2008-01-23,3.2413660688069332,4.47608602563206,3.6325918144788547,4.557500144674003,4.005361054760412,3.357735964363119
2008-01-24,3.2658046473942575,4.500698184718363,3.6528357947942536,4.565905758500446,3.9851138327449767,3.333974053055058
2008-01-25,3.287797303018948,4.503137494218707,3.632137406326039,4.551355131034553,4.001823274214198,3.3281531440792627
2008-01-28,3.292447846497733,4.51906748693468,3.639836906337577,4.56775637212347,3.9980646232093964,3.361454020151883
2008-01-29,3.300764455856429,4.512506517864978,3.6416392822764916,4.572698412557616,3.9912416337828005,3.3523773670410995
2008-01-30,3.2921384680389942,4.522440511869366,3.6407380500580877,4.5653136384107205,3.984689520393086,3.32531348084414
2008-01-31,3.297076721387717,4.5152454951546215,3.6577221296999594,4.583383592725768,3.9917678641367034,3.345188124362881
2008-02-01,3.2793716901192105,4.492561224527889,3.6678635743398584,4.5993436130842404,3.9977611799664623,3.3861542003130576
2008-02-04,3.296768701337093,4.489759317351298,3.6537260958640396,4.586653787114606,3.987416815228488,3.3757111911546347
2008-02-05,3.2884187261320004,4.473693826680268,3.6248360089737255,4.559514991425743,3.9950273734209736,3.3397620863247823
2008-02-06,3.2837493633522628,4.488074379803155,3.604946822079513,4.551430487607642,3.9919691085633184,3.3233039525572527
2008-02-07,3.295844424727751,4.498141596247054,3.611930047736784,4.558022851931847,3.970186392019045,3.3466626376770585
2008-02-08,3.3253075134415906,4.51085950651685,3.6232319198110328,4.551581022732118,3.981563771633865,3.314211597495772
2008-02-11,3.3318708047301806,4.514479340752363,3.633954305088982,4.55667809216789,3.985717575143691,3.293704438786518
2008-02-12,3.3114435724363034,4.492337398211393,3.628265614719611,4.565905758500446,3.97974846234944,3.3217941518249967
2008-02-13,3.319604329564141,4.49356803670337,3.6499368547492503,4.576076965196535,3.969107576718396,3.3296533133431963
2008-02-14,3.3395722286458005,4.496582235365782,3.6316826906114312,4.567238808520539,3.9543011414080884,3.3108225888342884
2008-02-15,3.334839851444469,4.49032036142501,3.628265614719611,4.567016664413721,3.9619490134242312,3.318936278719543
2008-02-19,3.366931196844452,4.517212927222994,3.6264380367156086,4.569824347160663,3.9517762405519252,3.3164081266587546
2008-02-20,3.372085924898255,4.535176791256461,3.631000229117348,4.5727722566813735,3.958678950295256,3.322633280188073
2008-02-21,3.3666441594812984,4.535284058523925,3.6213954167451177,4.56442329050025,3.9692150855240254,3.2950853002158
2008-02-22,3.3803353058668657,4.536784266586113,3.625065056315193,4.5705619027028535,3.963471492545631,3.32296856947036
2008-02-25,3.3899208003030985,4.5297998559286965,3.6300893530636142,4.583092004050896,3.953204017525128,3.3530286578882986
2008-02-26,3.4110209633695474,4.540204897365939,3.633954305088982,4.590564529064106,3.953534020331829,3.352865457897758
2008-02-27,3.409646365081604,4.55155840366011,3.638934348315617,4.589551796392279,3.954411789470538,3.3481354493034754
2008-02-28,3.4192289206288886,4.564243997120726,3.6350881298476527,4.579736561000797,3.972020491872509,3.32731829449203
2008-02-29,3.402745077609081,4.566221439022482,3.6082122126739726,4.5572008289682895,3.987204815745663,3.312857469195249
2008-03-03,3.4173199291570633,4.577182127479283,3.601671045940701,4.55480708435107,3.984623466954411,3.319777876596201
2008-03-04,3.4137644415535036,4.555769838899266,3.6072799175606103,4.550979471103752,3.9748581016922344,3.310313116653908
2008-03-05,3.43544550845644,4.582106258881385,3.6121618640235704,4.557275826368028,3.962816094625294,3.3239739006961995
2008-03-06,3.442924240107041,4.56954300834494,3.589884122950503,4.536360675636586,3.9681495030874254,3.277342429927881
2008-03-07,3.432760950682908,4.5652852141779325,3.5875098266298906,4.526006519436635,3.969451751513018,3.293532325359593
2008-03-10,3.4514032491541284,4.56299313573793,3.5680680701648226,4.512735750078255,3.9840886352848233,3.2792710718048617
2008-03-11,3.466850722479609,4.564243997120726,3.605413856111908,4.5480426123780004,3.9755042967525984,3.3422320195734208
2008-03-12,3.47770366401115,4.574814087993916,3.602607646770379,4.53864694920895,3.9946118838575426,3.3209545254049297
2008-03-13,3.4787309814904197,4.588430824744527,3.61030510515519,4.5408525877108925,3.9867572473676645,3.332646576734225
2008-03-14,3.4774464929211586,4.592186249154877,3.5917797827362747,4.525235180491762,3.999043219760725,3.3121799600408153
2008-03-17,3.436517390539064,4.5968355307342375,3.5733862728233463,4.515076782826229,4.006698079254094,3.318263084132501
2008-03-18,3.458501990152105,4.56954300834494,3.6170200928267313,4.555780018854829,4.0028253735062975,3.3612924541816382
2008-03-19,3.4143123982943244,4.533029518050557,3.592016106870477,4.530698706893317,4.019257641205631,3.3536793914871503
2008-03-20,3.3732276824907736,4.498809210727516,3.612246915075876,4.549051602502681,4.02173085399044,3.386468921812137
2008-03-24,3.391322763325616,4.500920147678899,3.64624178462574,4.568842677278416,4.002196041952699,3.408721595594674
2008-03-25,3.401359048179194,4.529692081013295,3.6518340618322966,4.569807195584557,4.0063839849954,3.411277164637628
2008-03-26,3.430877518482245,4.54116488854691,3.6489295322815263,4.557495583582807,4.002196041952699,3.3919108109554825
2008-03-27,3.4418592071060288,4.537533527476353,3.626533453589465,4.554337761432243,3.9951402758439807,3.3836759486803722
2008-03-28,3.4178656915254413,4.520483347927754,3.6214872353316516,4.544726946112681,4.004816065085738,3.3718397787373866
2008-03-31,3.3935617983015893,4.504354921254853,3.6267621125099576,4.548218776585791,4.008367542789301,3.3756941035045767
2008-04-01,3.3879547828112426,4.464297634133518,3.6686449441716777,4.582774271353783,3.9919588254407823,3.4310342107561893
2008-04-02,3.4173199291570633,4.491665447586995,3.6664491117257048,4.583432559430835,3.9940860941341216,3.4261698856282203
2008-04-03,3.4227649421067263,4.49334435032882,3.6686449441716777,4.585916809681436,3.996314112757495,3.448771068259202
2008-04-04,3.429799570773802,4.502583597212991,3.674549593951548,4.584821808906472,4.005388852394195,3.432851995579624
2008-04-07,3.440526441020031,4.51272587551285,3.6723666060882314,4.585332688699195,4.0001227207285135,3.4235754872482778
2008-04-08,3.444519483172082,4.503691000149705,3.6646884008641645,4.5843105121779315,3.996632226631692,3.422199310990051
2008-04-09,3.4611184156004806,4.524935803197599,3.653394141521311,4.577047952857796,4.006963646191621,3.3967875464766584
2008-04-10,3.4566664647455947,4.5192854102510625,3.6675475819467622,4.578445859221691,4.003601004025266,3.406470497570637
2008-04-11,3.452721848591801,4.5141508210265275,3.6394894873724604,4.558846197513712,4.0103137741502355,3.39411581227499
2008-04-14,3.4595494539258307,4.5120675744248295,3.6349621233174894,4.555466556946102,4.0044428121746725,3.3882767956785003
2008-04-15,3.4715163117499364,4.518086119034167,3.6363228981259543,4.557796331001208,3.9919588254407823,3.398355530551573
2008-04-16,3.4810390052299147,4.535498476747203,3.663807419366687,4.58452954896842,3.9821165994296397,3.438136420009981
2008-04-17,3.476417854337123,4.527857056508949,3.6616012210502524,4.5859898397053245,3.9803946411007125,3.4417441918382967
2008-04-18,3.4769321880092767,4.506674969547776,3.6929143100208113,4.596370134776844,3.9795322634770103,3.4360266018108705
2008-04-21,3.478217336942803,4.502583597212991,3.699954431354648,4.596875304038716,3.983512960056827,3.428604603810343
2008-04-22,3.4843632589180866,4.502805142122364,3.684961725128604,4.592463221738139,3.9869423722937136,3.4261698856282203
2008-04-23,3.4748723191781,4.491105243382064,3.695907218364637,4.590866717205769,3.983620351790153,3.438588632181766
2008-04-24,3.457978086810495,4.468433676410299,3.7048324769570935,4.595214018631075,3.975102962920972,3.4582612713136966
2008-04-25,3.476160234345708,4.469006722709153,3.702290292771946,4.604424745252304,3.9692393670791053,3.4638534864132455
2008-04-28,3.478474192195451,4.473807895632594,3.7041974191350686,4.604640107777317,3.972283791533145,3.4625316742436447
2008-04-29,3.4540382894726753,4.452135521367727,3.7117891075952985,4.600693321859452,3.9760767279403963,3.4515978068829463
2008-04-30,3.4521945449422025,4.461877033771296,3.7035617698034384,4.594779937523542,3.983189934058453,3.437534112683453
2008-05-01,3.428720459840088,4.430697718703192,3.734635423528662,4.6152545132682725,3.983254945477572,3.4588511066226686
2008-05-02,3.4537753208668365,4.437697853693133,3.736071254992524,4.618014437791816,3.970565166885172,3.4579655924127004
2008-05-05,3.474356924680774,4.4574818741765405,3.7331967976220604,4.613197269781788,3.970565166885172,3.4551570026034786
2008-05-06,3.487422229716154,4.461646144197304,3.739346950050848,4.621822976448056,3.963334228732121,3.4620911203347853
2008-05-07,3.4892022691004048,4.4522520760073805,3.7209901225415636,4.603852179126641,3.9676130742740856,3.4345163844540187
2008-05-08,3.5053317889005053,4.468662916846605,3.7284565028681214,4.601268158532759,3.976550273145464,3.428452541732594
2008-05-09,3.5207127664846425,4.4707240684896785,3.7245227792402416,4.5993982503114825,3.9802326723412316,3.4229640318566075
2008-05-12,3.5035801405629825,4.465793144962253,3.742611498063784,4.6105665946313215,3.9787182462996045,3.4466829233986003
2008-05-13,3.509074678434459,4.447228990771704,3.7452564451773833,4.610709169264622,3.9677225478797085,3.4507064486197385
2008-05-14,3.492752754324628,4.445001398016516,3.7430189311708526,4.612771456755414,3.9681600339807748,3.456931801123554
2008-05-15,3.5040809246838576,4.465908118654584,3.760378997759145,4.625196733381182,3.977200951454057,3.468977071116594
2008-05-16,3.518494843898523,4.489759317351298,3.761179445143582,4.626108275006839,3.973071408645197,3.463706392744682
2008-05-19,3.5199740053967874,4.493008812271799,3.7539545710844116,4.628838670107696,3.9743778047158598,3.4653202528458773
2008-05-20,3.533676095119327,4.509760017969779,3.746271533245069,4.6206964576167175,3.979583893049671,3.451746752785695
2008-05-21,3.562420509406247,4.521353689939268,3.7239002916208728,4.603637105292265,3.979800152055646,3.427387892798547
2008-05-22,3.5479122330316746,4.5106397390393465,3.7274224254098374,4.60378028925456,3.9679413148545026,3.4188278992024066
2008-05-23,3.5498268224201035,4.513383827153761,3.7243154184658525,4.590285481262584,3.972310512753243,3.414057350172692
2008-05-27,3.533676095119327,4.4926731615912,3.7417962239581075,4.597668977608029,3.9655307231531776,3.4276924415504366
2008-05-28,3.5399746475079317,4.490208160671298,3.7458656036411253,4.602273615213723,3.9566047445317087,3.4293646911741194
2008-05-29,3.512307290900224,4.460260038885734,3.7547600860738064,4.607286399208024,3.9493833512876932,3.44009234976063
2008-05-30,3.518987877143145,4.471067166567437,3.761179445143582,4.609783399586093,3.9559403752259787,3.4354223461696307
2008-06-02,3.5322168546105015,4.476882155278109,3.7489068301743687,4.5993982503114825,3.959790162315031,3.4185207008337835
2008-06-03,3.5083271518833556,4.464527824572111,3.7434263789533313,4.593549351275491,3.9669626246901593,3.4251020574748035
2008-06-04,3.493258988709194,4.461877033771296,3.7561677766568558,4.593042266946185,3.958016540971723,3.430275515307977
2008-06-05,3.5305118234076955,4.4595661768284565,3.771919245912137,4.612842400330354,3.952008126429923,3.452933718557569
2008-06-06,3.5557870912526908,4.489310272480505,3.7413883827622674,4.580428759340122,3.9648710293178993,3.410193936011959
2008-06-09,3.565956181554272,4.477223147379364,3.736071254992524,4.582847765278395,3.9648710293178993,3.390174300273998
2008-06-10,3.5619483281985342,4.449101036010415,3.73134469005833,4.57785759188869,3.9583496214865255,3.390648275005655
2008-06-11,3.598138610994858,4.466137938715958,3.706945335671999,4.563035869619295,3.9560177690065217,3.3753732971624624
2008-06-12,3.5979108321110855,4.4496852653220085,3.70799995297768,4.566836012115753,3.945962065047043,3.385582453498677
2008-06-13,3.591509239159609,4.452368617063633,3.7278357261015107,4.579401242102654,3.9438271416782142,3.4021088695122117
2008-06-16,3.5905916418999912,4.466023079129484,3.7366863964025883,4.579988680563144,3.944052971880431,3.4152909433258616
2008-06-17,3.6006418020410766,4.468777561082536,3.73134469005833,4.5751323154594115,3.9460748931945555,3.386534215567929
2008-06-18,3.6141859893131687,4.480513567560906,3.72057352029904,4.565347698787545,3.9544608568341517,3.3716787035088176
2008-06-19,3.5905916418999912,4.482098167689494,3.736071254992524,4.566613461330026,3.94854176013821,3.3945881149461727
2008-06-20,3.597455118634766,4.488074379803155,3.708697863660537,4.5502482005716605,3.954349556012634,3.3718397787373866
2008-06-23,3.6044979362130056,4.466942024654935,3.7008640828721013,4.549259700652169,3.9564620832208384,3.346748575485531
2008-06-24,3.604724323534042,4.471295891387441,3.6957503835930616,4.547280249624348,3.9631075645005023,3.3473836819962774
2008-06-25,3.6008691680691243,4.4707240684896785,3.7118558418910474,4.551994595905153,3.963548378138566,3.363625942474185
2008-06-26,3.633505051670456,4.506564588969998,3.670657375645594,4.524458697245397,3.9702559971725035,3.3296846596153946
2008-06-27,3.636140549713122,4.516011063013666,3.670657375645594,4.518984828279701,3.98191400253225,3.3218302193770475
2008-06-30,3.6182138019500942,4.5152454951546215,3.660087078863966,4.522507306207717,3.9821296160151527,3.323200923074543
2008-07-01,3.63570183239564,4.528936919510511,3.6741556720710027,4.525628070160633,3.979757944937038,3.322344384669392
2008-07-02,3.6546134337827922,4.534425761809498,3.6498508840600463,4.508343002233064,3.984973691974194,3.3099328098292586
2008-07-03,3.6541826494376877,4.522440511869366,3.6480597841721254,4.50937268195523,3.982804752403944,3.2996462058617984
2008-07-07,3.640517970020726,4.513383827153761,3.654091908359984,4.499106840938262,3.987354550349143,3.276958011321015
2008-07-08,3.603592185642319,4.5093198670487515,3.6776429304109044,4.516708533558595,3.9938216543831953,3.348886651881108
2008-07-09,3.6029118922338474,4.516338972281476,3.6507450342752925,4.497265594219181,3.998215540381495,3.278211774906848
2008-07-10,3.6297592716646494,4.5382822273949985,3.662518809896639,4.501344289319102,3.998109144743616,3.297364897075718
2008-07-11,3.643570742866218,4.555559723918461,3.6464902592124817,4.489623760108278,3.9837818438349615,3.2924343078758898
2008-07-14,3.6440060222517676,4.563410289922628,3.639056848170916,4.480538543404989,3.9925316314379042,3.2570405566393337
2008-07-15,3.6117167210390146,4.5661174396846205,3.639283062549443,4.466341672426185,3.992208900716433,3.247300611874711
2008-07-16,3.5963144024550586,4.547964738068712,3.663843209395393,4.490592124343999,3.97396712626758,3.317708457872426
2008-07-17,3.5725227055710542,4.545632486227776,3.6704383434571373,4.500545974848018,3.9688029296811966,3.3296846596153946
2008-07-18,3.555311548720431,4.5451016400778315,3.6471634274951543,4.50675654736209,3.965052146640052,3.331383536519268
2008-07-21,3.5673670437007856,4.555139281257443,3.6514150483964043,4.507312092902771,3.9689139308324073,3.3388259713631987
2008-07-22,3.5452732187956126,4.533244420181748,3.6514150483964043,4.518592647094788,3.9639451761282096,3.3652683032357937
2008-07-23,3.522434573066976,4.506123029017355,3.6645048008225123,4.523990879363202,3.9619516262437835,3.393106316278013
2008-07-24,3.523171631841876,4.514479340752363,3.6494032609407183,4.503018864042228,3.9716632561915803,3.3245695445899064
2008-07-25,3.5105678292686737,4.518413348688554,3.662298281438271,4.502779617511313,3.961618727094197,3.34084611309233
2008-07-28,3.5155294872448772,4.518849516117373,3.6433433006268587,4.488007647175808,3.9716632561915803,3.324397994329464
2008-07-29,3.5040809246838576,4.5063437912561,3.663843209395393,4.509134698961577,3.967591856513174,3.3698528119210773
2008-07-30,3.523662702722701,4.494462026504411,3.668903189612342,4.526795664669903,3.9685831254646633,3.366416352952099
2008-07-31,3.5152820902574913,4.500698184718363,3.666486172715126,4.513481081938921,3.978450139085665,3.3538789885204703
2008-08-01,3.5040809246838576,4.495020439079983,3.653645686086286,4.508184217763566,3.9806583809735114,3.354708748988666
2008-08-04,3.4704814332184384,4.478926452489045,3.6435681483802793,4.498867080778719,3.9783634671205785,3.340004832574924
2008-08-05,3.463467341779455,4.4552771176850205,3.676772424180038,4.525472172166184,3.9708889873041486,3.383965966077303
2008-08-06,3.452721848591801,4.461761595648049,3.6918971854551144,4.5299031773080465,3.9667988266435397,3.379121955619018
2008-08-07,3.4582400727906384,4.455393218131712,3.6841476844292216,4.514899190909527,3.982950527708309,3.3523841764557964
2008-08-08,3.429799570773802,4.43592279229595,3.706586740887565,4.533309758984162,3.9856716479501917,3.3810625840301776
2008-08-11,3.428720459840088,4.396052772552887,3.7156324842679784,4.543614354134072,3.976060268945691,3.4128620753596333
2008-08-12,3.4200462040392066,4.388505559080909,3.7166792829417035,4.533155136044925,3.9853457736292417,3.390229260722898
2008-08-13,3.4529851547067847,4.401338915772386,3.7145852392888727,4.527107024068035,3.9818597183718745,3.375555043526323
2008-08-14,3.4442538773359117,4.37386842774269,3.7260492797645344,4.534623089566547,3.9882759576580864,3.3915088243029192
2008-08-15,3.4306082639416235,4.351953915037168,3.7241819411609387,4.539474419980067,3.9969127447551283,3.390068999187043
2008-08-18,3.4362495277114644,4.366913035591724,3.7124868014139207,4.525706133950684,4.000881462187128,3.376204259293116
2008-08-19,3.451667083995049,4.387387244710281,3.7000137550298717,4.514741861710966,3.997019618140018,3.3512194262425656
2008-08-20,3.4595494539258307,4.38277632306972,3.701714535632364,4.519377021975698,3.9998105373287127,3.3527163795208264
2008-08-21,3.501574722483369,4.4103711447639204,3.6970314275946414,4.52109970404586,3.9979864957263067,3.3347737433358096
2008-08-22,3.4671103945358603,4.395436344167108,3.710172890223016,4.535471973512784,3.997341921146308,3.368218166617667
2008-08-25,3.4613797598508094,4.393584587278472,3.6888910888729125,4.514977595742778,4.007284841445854,3.337477413764807
2008-08-26,3.4619021238710412,4.39728467838914,3.6875994719255383,4.517886333137388,4.008134228170202,3.349220420496554
2008-08-27,3.4712576628653014,4.3988837592421675,3.6940397997646284,4.527573551670052,4.009833676890368,3.3591773847011126
2008-08-28,3.4514032491541284,4.408911967168768,3.7021388792169625,4.539628231892516,4.009940077635522,3.384288295815264
2008-08-29,3.4477024158282923,4.403176382192022,3.6809005483231427,4.528816452468785,4.005474742200129,3.3773401550428916
2008-09-02,3.4214063412489475,4.371976260288084,3.668463918538343,4.522585448263135,4.014735777571747,3.383805279788666
2008-09-03,3.4156804766488755,4.368054469370256,3.6589793956835925,4.521725715496613,4.018965086828907,3.399470886022392
2008-09-04,3.401359048179194,4.361696360414541,3.6260862352218344,4.491156805881874,4.026952785508914,3.3709958755501437
2008-09-05,3.391322763325616,4.369194698362093,3.6212645096716587,4.494296163751793,4.026429647063669,3.37115902630744
2008-09-08,3.3890787038198176,4.367674136189166,3.619421728668861,4.514741861710966,4.030610296577416,3.413487587275638
2008-09-09,3.351889104627217,4.337159985405542,3.5979804976439658,4.484605078083473,4.040470006987971,3.3753926737068167
2008-09-10,3.353345307317105,4.307033672079543,3.60619138195578,4.488654714400164,4.034253196191974,3.3771778143409765
2008-09-11,3.3448694190877433,4.291554756565288,3.6247102291986937,4.503018864042228,4.033733458647729,3.3923077609960286
2008-09-12,3.3515975159172697,4.3247947291126305,3.6208040050762333,4.507629324872705,4.020758275209132,3.389108112918628
2008-09-15,3.3114435724363034,4.351051798896804,3.589226150685147,4.4588745707041975,4.05268428109606,3.3296846596153946
2008-09-16,3.2908999961644425,4.341074435264933,3.5970372510368986,4.475473941630235,4.052480307738104,3.377826888918212
2008-09-17,3.3205069829995355,4.448048419502944,3.543769622889322,4.42946839375763,4.0574675309601895,3.318568422194903
2008-09-18,3.3223099179888136,4.416428098248192,3.577032351994741,4.458708351512987,4.0427395517971005,3.4001047643025726
2008-09-19,3.3547994591614674,4.4541147501113265,3.609199307418752,4.497653994308439,4.010487675583687,3.4294686543017923
2008-09-22,3.3887979546205256,4.490656802621351,3.560968615239741,4.474754226930452,4.010381263943467,3.3416866189749768
2008-09-23,3.378917777905694,4.480966579073444,3.553356224012465,4.451739970034449,4.006543092140862,3.348386158631189
2008-09-24,3.3706567119976083,4.462569206830572,3.5602342847141104,4.454940084160114,4.01091438382027,3.3414628411042164
2008-09-25,3.3879547828112426,4.4595661768284565,3.576020766372998,4.4704582872700485,4.008890864796627,3.3538157937698263
2008-09-26,3.376076744743181,4.461761595648049,3.5658486580296227,4.470955053109547,4.016112862456546,3.3842921108942474
2008-09-29,3.3120503389758276,4.495020439079983,3.4831658883536165,4.389352752730567,4.044797676416771,3.3066393870047714
2008-09-30,3.3395722286458005,4.443474443400444,3.5115786887738043,4.429909215774153,4.020125136009799,3.376101975139238
2008-10-01,3.3159854073922816,4.453998412385528,3.5009856844183913,4.430512212463219,4.032627442385687,3.35162744692163
2008-10-02,3.259111465876204,4.410735583550766,3.4544657674238253,4.393563564507463,4.04063572404707,3.2848958063517206
2008-10-03,3.23548952187165,4.413888563481792,3.438833643056459,4.379971645295333,4.049399943597607,3.2406890936658836
2008-10-06,3.1919899060292716,4.4341445744520875,3.4016674961572937,4.327695041132591,4.0674092541103875,3.2102880296970233
2008-10-07,3.204226581535256,4.469006722709153,3.336172020574571,4.281875061373597,4.064379910829917,3.1205727981593916
2008-10-08,3.2186490535520607,4.49334435032882,3.3281772876221334,4.2563598948333015,4.049913199403795,3.1066733118317167
2008-10-09,3.1709073483200854,4.498697958450643,3.3009497371034886,4.18396230125336,4.041462758135751,3.024115439730428
2008-10-10,3.125534363214561,4.421487718223181,3.29458408382925,4.159407347573904,4.034400302556386,3.1154635681340896
2008-10-13,3.1796014786848974,4.406597262553317,3.409383187390441,4.294985017081413,4.021499269194209,3.177129769960183
2008-10-14,3.1610793362644785,4.4091552649361265,3.3651511847395223,4.280074246870046,4.01503824377497,3.1066733118317167
2008-10-15,3.1145087561438385,4.422568560681737,3.271327273257076,4.176436302569532,4.024555464494516,2.969320418581758
2008-10-16,3.0954819085525718,4.373112028830875,3.3241554122636305,4.217249774307893,4.0193852470689855,3.025751066916705
2008-10-17,3.1067180358257884,4.346528970463098,3.325394551681577,4.211259730975705,4.012483956928873,3.0149529715296395
2008-10-20,3.1266302421760046,4.363098624788363,3.352877068261943,4.269603545050674,4.020442337583924,3.0222424717645127
2008-10-21,3.090194971460994,4.3311279831848,3.2996799144168607,4.239293291586019,4.0257134084712884,2.9874359876415952
2008-10-22,3.0417075017519366,4.272630195127403,3.2716543743606885,4.183300464886293,4.04580062551818,2.914223481060108
2008-10-23,3.045674357539938,4.2577381307282565,3.267726077796813,4.194818278974846,4.053192078191045,2.887773968565556
2008-10-24,3.0048688553074965,4.2795785277844125,3.2350564652499725,4.1427727490514075,4.042497046235424,2.8292743263760753
2008-10-27,2.9974184731903066,4.279163003442625,3.206876245317319,4.106626038364011,4.043221375478569,2.770761005084575
2008-10-28,3.0244693005802428,4.301223233477476,3.311678549557018,4.217142828070991,4.0285473825526354,2.9160489252584196
2008-10-29,3.0818298754436095,4.30406509320417,3.3091646518876545,4.2098641377574495,4.023503056510441,2.879970913674553
2008-10-30,3.039718385389178,4.286478914070474,3.34197470310887,4.243873043098716,4.0144000252023515,2.932073695556519
2008-10-31,3.0508075222801274,4.2674571285975595,3.343496258433954,4.2493615659012125,4.0013434083916275,2.9944465619744753
2008-11-03,3.039718385389178,4.26408731534817,3.3413653106527867,4.252249369000936,4.004043603573626,2.961134593353977
2008-11-04,3.0841182692616664,4.3238677649748265,3.369307504972599,4.285666642916632,4.022637941918591,3.015660815331368
2008-11-05,3.0578719322096237,4.2877159971223895,3.315750747729938,4.242730453718595,4.034426899561403,2.912132933652479
2008-11-06,3.0130823365411135,4.279717032751875,3.270019465113793,4.185724711596277,4.02718059511982,2.8641794041898065
2008-11-07,3.0143086591269266,4.283586561860629,3.290425087865434,4.218209192220769,4.020624889976951,2.9256428930920024
2008-11-10,3.020823210063622,4.29837327456185,3.2768675892239814,4.205017783695163,4.025492960794081,2.8318286604896437
2008-11-11,3.001564404254187,4.277360364801641,3.2548525305764047,4.1736559892036835,4.028444776985694,2.817842182732988
2008-11-12,2.9717490121473635,4.248495242049359,3.2075730990756273,4.12865664363259,4.0348448656572975,2.7435795276090142
2008-11-13,2.9903306911282015,4.278747306368582,3.266741678647083,4.189130719659539,4.010601334770103,2.847855928609139
2008-11-14,2.984034732594102,4.2945606505264085,3.21693340308886,4.13793566842997,4.030232043540062,2.728292867846764
2008-11-17,2.9610354688777423,4.285653411019442,3.1956595637222445,4.1245703929943645,4.034635938191348,2.691471098097783
2008-11-18,2.945840800881147,4.283724512844685,3.1946014864528074,4.143231784533886,4.047421045818194,2.681967400503037
2008-11-19,2.934401999734211,4.280270755282606,3.140965667081492,4.077008224780002,4.072713554709738,2.5377008344561447
2008-11-20,2.882176725357345,4.296604861071106,3.091356249666867,3.9998751060793607,4.123084214777569,2.4552776594220114
2008-11-21,2.8992793397671393,4.36754729405738,3.133866753228087,4.052413743891782,4.108520054435388,2.526224279517471
2008-11-24,2.9657636259084588,4.3933374710812645,3.1931889991107156,4.11940896114027,4.092752948987438,2.6832835138842257
2008-11-25,2.9317437313586048,4.3928429610706585,3.1885850791011228,4.1267908186969,4.121742814710472,2.698944513386712
2008-11-26,2.963187340202151,4.386765354851087,3.229619977439808,4.164703907562982,4.123084214777569,2.751597117344104
2008-11-28,2.918794196631722,4.385894115800592,3.2217523903708245,4.177214128061461,4.13536123993879,2.736745002494033
2008-12-01,2.8872919503024383,4.326117460404608,3.1435685912195255,4.084464293459205,4.172941805267094,2.5196612329908494
2008-12-02,2.8877555889731075,4.343155820625917,3.1764420941697384,4.122227370396776,4.17677289202446,2.6443920974049666
2008-12-03,2.87609770664134,4.333098965056441,3.2044330388823625,4.1459839963678,4.179592907135683,2.698944513386712
2008-12-04,2.822134909697546,4.324132656254979,3.175723117867333,4.122579739495303,4.199105189425694,2.6710420195737696
2008-12-05,2.7970707832452892,4.311067500685969,3.2155519015995115,4.15294585756889,4.182766001125555,2.771664244233692
2008-12-08,2.8422286748722527,4.333361422643285,3.254187720347502,4.187264465085402,4.1805914572437235,2.8608811060778923
2008-12-09,2.820152504267655,4.335066069799042,3.2518582836530823,4.170643039437843,4.200172879210422,2.7701581929225827
2008-12-10,2.8499617629306186,4.378896741664954,3.2485202504350132,4.177436018800845,4.197768427476401,2.8525867896229906
2008-12-11,2.881243934785511,4.390118823490981,3.2207218067623082,4.153059354619692,4.199728156532069,2.6986209670594934
2008-12-12,2.902938817787513,4.392100690033671,3.240800611178242,4.164928828308402,4.199728156532069,2.7981027622424643
2008-12-15,2.8742376317052885,4.414009662053822,3.2231253582370707,4.150896799456467,4.21105472528359,2.762592339777701
2008-12-16,2.8884560056248425,4.436278038666023,3.270019465113793,4.196888118060902,4.235479184769036,2.878077701497155
2008-12-17,2.8747148956537414,4.4476973307357595,3.257838132257405,4.187154958607811,4.262250927117785,2.8963140023973946
2008-12-18,2.859330073603155,4.429268013744406,3.2401268381118276,4.168294339083659,4.283017931403621,2.8094714264915526
2008-12-19,2.852524062429477,4.414372777473567,3.248298103478963,4.163983299176158,4.284081140001404,2.877265517752611
2008-12-22,2.8238233877800933,4.424367464193752,3.2262893017953522,4.151087122926437,4.27636291058422,2.8388897408819123
2008-12-23,2.827831383808408,4.414372777473567,3.22114094248775,4.140696283528285,4.275042920220627,2.8332450952970274
2008-12-24,2.8122100450703056,4.424367464193752,3.2238899360569686,4.146482055074956,4.27289475787465,2.8449510119457795
2008-12-26,2.827831383808408,4.4496852653220085,3.2235468292637592,4.1522353239718335,4.276197755261518,2.859216499577664
2008-12-29,2.8387713666915873,4.458408786921826,3.215273534467452,4.149362977467567,4.274997386860188,2.7999897970866834
2008-12-30,2.8446883952819753,4.453183846753642,3.235829681278698,4.172788984980162,4.284476437221104,2.8391867861205835
2008-12-31,2.885628500421185,4.460375562285347,3.24427113686802,4.186962916709867,4.263335252884027,2.8912749033703733
2009-01-02,2.9199546825602143,4.457018183894228,3.286732746639626,4.216659571886881,4.23787847518778,2.8589335468746877
2009-01-05,2.930387865439484,4.43651485969438,3.2864103275439187,4.215475530045784,4.211756005589965,2.840342337014233
2009-01-06,2.956224631117881,4.444179467632579,3.29635433000165,4.222130457425967,4.201647845855586,2.8890779508432405
2009-01-07,2.903866130301465,4.415824014257172,3.2675357722264584,4.191716366637937,4.205560513308342,2.854958070702121
2009-01-08,2.9075663884906597,4.436278038666023,3.2779933948323956,4.195788995651997,4.20476207863032,2.847534018902197
2009-01-09,2.895957060275014,4.429863942268991,3.25530608533425,4.1741368770340355,4.2062709993763026,2.794866532674014
2009-01-12,2.8495929603573127,4.391481819896227,3.2368464683987486,4.149822968153136,4.216595997769087,2.7344688538545974
2009-01-13,2.866090075948934,4.392966540753486,3.2371854175218644,4.151661358226506,4.217649681110317,2.7641894055447773
2009-01-14,2.8520359764937684,4.379398194794401,3.206233069590582,4.119702013661912,4.234003557757711,2.710433388614947
2009-01-15,2.8510593097817796,4.386889782747488,3.222516649951174,4.120057504304092,4.235641267107882,2.7427779799617036
2009-01-16,2.8554463787847175,4.41534050263469,3.233452974265874,4.12784680280283,4.220102060300647,2.7799526371033227
2009-01-20,2.8238233877800933,4.436988153030231,3.1825530631355514,4.073616144881234,4.219926897411047,2.6612488816151214
2009-01-21,2.827831383808408,4.43260093876966,3.2242333045998297,4.115902104916276,4.187828262572284,2.76075679849655
2009-01-22,2.8147461131733635,4.437697853693133,3.2107637105333127,4.100313940913214,4.168395185115825,2.704499223559971
2009-01-23,2.8602984813452523,4.4833414638343765,3.2156201800510043,4.104654681452391,4.160532413499043,2.7344688538545974
2009-01-26,2.862232814885255,4.488074379803155,3.22286003433673,4.1114901543200535,4.151765276270023,2.7286754672411537
2009-01-27,2.8348069536336515,4.48164566862563,3.2300483023390885,4.121596381368916,4.175005411889436,2.7427779799617036
2009-01-28,2.858360508316942,4.4707240684896785,3.264574726281577,4.154871044265878,4.149702004972082,2.8258029447778052
2009-01-29,2.846162502636251,4.4942386252808095,3.2388766471842914,4.121832940669448,4.126435805386021,2.7405479723593476
2009-01-30,2.840253770115168,4.5142602838906924,3.22114094248775,4.101280242693038,4.123260325715437,2.6985287352587695
2009-02-02,2.8208065862064386,4.486836957804823,3.2331127574548444,4.09825732532905,4.1416936706268555,2.722523457774731
2009-02-03,2.809158065215903,4.482663525293227,3.248632749524641,4.1122066812923315,4.117589519829214,2.7124041503612224
2009-02-04,2.8147461131733635,4.490656802621351,3.249971102447849,4.107298549642557,4.114084432039152,2.687826525705062
2009-02-05,2.8367910688345535,4.501142146040985,3.2717972982102004,4.122069629542288,4.114961856438157,2.6664150408887903
2009-02-06,2.8441968018142063,4.495243665733168,3.297630283859822,4.150168213185069,4.111838267251253,2.7335055862159607
2009-02-09,2.8387713666915873,4.480966579073444,3.301765802966847,4.151546561560575,4.115058573992053,2.7481742592504346
2009-02-10,2.825829280768419,4.502140275519702,3.2642451549979064,4.104654681452391,4.13655700807374,2.6550142810827664
2009-02-11,2.819799263054182,4.524935803197599,3.2596200819919825,4.110533422668746,4.14944414997408,2.673944739646559
2009-02-12,2.821310264917094,4.534425761809498,3.2717972982102004,4.1112506977596635,4.139984885982271,2.656749879616059
2009-02-13,2.803026134452566,4.527749071993658,3.2672073209237156,4.100434898197366,4.113010686666836,2.5933902874931962
2009-02-17,2.745536070534117,4.558602518199438,3.226631771895506,4.056718463226067,4.14368455767111,2.5197935554747506
2009-02-18,2.7395463743124555,4.573782750535225,3.22731560391199,4.054317549772345,4.135125113012482,2.5340119612237317
2009-02-19,2.763826050465258,4.56194944848149,3.2118062162358783,4.043503775921661,4.1179786099944495,2.4899165256909126
2009-02-20,2.7525688457951087,4.582924608244839,3.214581185182493,4.033734944769011,4.127647699223302,2.5511194934482173
2009-02-23,2.7428178945297956,4.582208608699803,3.178970209254017,3.997300518031884,4.1368436164880755,2.4729703973644965
2009-02-24,2.761691531169441,4.551030775324301,3.211459091284971,4.034509926269725,4.135793618398876,2.554199110267521
2009-02-25,2.773375194200651,4.534211113428476,3.204835380486487,4.0266053949631155,4.1241775653301245,2.5347961441261635
2009-02-26,2.794274582548467,4.533244420181748,3.1764546710569066,4.010210594473387,4.113596412497462,2.482098988977203
2009-02-27,2.782310985618079,4.528613033614828,3.1670545173140834,3.9876088213642187,4.107821642982598,2.468793549323878
2009-03-02,2.7307696311892067,4.510089983093983,3.1341919761178416,3.9415198817345707,4.124241988045843,2.404394034537809
2009-03-03,2.7373595231227563,4.500254026206538,3.133440880215219,3.9339847375689234,4.117539700387409,2.4084042303517954
2009-03-04,2.771789939476346,4.4885239798634835,3.1597633114976404,3.957399116154336,4.112946846835771,2.424284754880346
2009-03-05,2.7632928626708364,4.521679852266645,3.1293001554763027,3.915693704619122,4.140377140172628,2.3605921022533063
2009-03-06,2.787009417488764,4.524935803197599,3.1213474961767824,3.917436335913221,4.133685357769507,2.346973231024747
2009-03-09,2.7812637536646947,4.506123029017355,3.099824227511783,3.9056139615074064,4.127818212539818,2.368952667255609
2009-03-10,2.7786411026487667,4.478926452489045,3.1597633114976404,3.9635143202169076,4.108431980391201,2.499299065691412
2009-03-11,2.7466213734059655,4.491105243382064,3.175013827815712,3.9700060583061623,4.119194340394178,2.4829251779792925
2009-03-12,2.792204084595774,4.511957787516418,3.207629425140907,4.008622692150569,4.123950942112593,2.561474520274524
2009-03-13,2.7833568861588978,4.5141508210265275,3.2100683077041037,4.016406939649184,4.1189031241892105,2.5398771948367305
2009-03-16,2.8050742535911186,4.508659319216914,3.1932258678783763,4.013379337358439,4.103007555010808,2.457850487033453
2009-03-17,2.8263302106858275,4.500254026206538,3.2303891106267892,4.043503775921661,4.097552530691438,2.5308699006107975
2009-03-18,2.8387713666915873,4.533566727788948,3.2429251284455476,4.0656408808124205,4.134740623760624,2.5841086763063887
2009-03-19,2.859330073603155,4.547011255642022,3.242251518753297,4.053178364497262,4.135984764399628,2.5209863535588024
2009-03-20,2.87280479517603,4.538923501039884,3.2269141855111574,4.031654036806681,4.130419467277438,2.430827979945234
2009-03-23,2.893619250245762,4.522657784299104,3.284186643113153,4.101020518858273,4.1217211016146384,2.5807453866929673
2009-03-24,2.8770975898907616,4.510309871409894,3.265567958702158,4.081120324563874,4.13118905245729,2.5005159208214267
2009-03-25,2.861749554906351,4.52157119860812,3.270173204788177,4.091611287176698,4.117635485691246,2.516840460511367
2009-03-26,2.878999623225489,4.521027421195317,3.3005572038346993,4.1117867859164425,4.129167519344719,2.5389694540306347
2009-03-27,2.8602984813452523,4.507447124379823,3.2815944154847503,4.093573696333666,4.136558836582532,2.493377603583597
2009-03-30,2.823321200229058,4.499587460720578,3.2566257714933013,4.058407904792123,4.140377140172628,2.4372724096499736
2009-03-31,2.827831383808408,4.502915938428033,3.2652382047882216,4.067630644266444,4.147497263594888,2.5045605863343807
2009-04-01,2.8253283259647883,4.511189109107298,3.279970665847731,4.086811222337164,4.156583218081547,2.4991915812150594
2009-04-02,2.8631985259035764,4.486386684364766,3.311638011426189,4.1156297827759225,4.144286041397457,2.569150771177708
2009-04-03,2.878524507559872,4.472666794365322,3.3300446956720497,4.125529078557016,4.1236115901505785,2.6517443675815477
2009-04-06,2.866090075948934,4.445822653385673,3.3275685282832885,4.1176653623685855,4.119326367680795,2.64030314183958
2009-04-07,2.8481239049120863,4.462915113779246,3.3008749539640156,4.094063697486256,4.121860341804468,2.5625653398996593
2009-04-08,2.8554463787847175,4.46141528939008,3.317602983963055,4.104783608833704,4.13067896347855,2.5772256838075016
2009-04-09,2.8699325157010613,4.457945437945084,3.34811835319657,4.143757539072746,4.118057651632327,2.703019716622016
2009-04-13,2.8742376317052885,4.4759722162626305,3.346599455249326,4.143990366183634,4.127199478889458,2.706054650523933
2009-04-14,2.855932803390323,4.4701520057462165,3.3343628646544965,4.126596368025434,4.132413870207512,2.61738906659633
2009-04-15,2.8495929603573127,4.471638793363569,3.3315889964926524,4.137209938805913,4.13067896347855,2.7006527212397677
2009-04-16,2.8451799689290893,4.452135521367727,3.3571843401812713,4.151766596938228,4.122736287537748,2.733617144538333
2009-04-17,2.8377818754888127,4.445236162395905,3.359288110878638,4.158448948113347,4.111686814589386,2.751472145341657
2009-04-20,2.7994319752041865,4.465333205702445,3.326638528035161,4.1156297827759225,4.126715603579783,2.6428169942819606
2009-04-21,2.803026134452566,4.464642943826698,3.340499471262605,4.13497848974246,4.1167865778904895,2.727703794773453
2009-04-22,2.80456290557892,4.4702663920906724,3.343554114474334,4.128846824548287,4.110702938621667,2.6921536695076127
2009-04-23,2.817780997820485,4.486386684364766,3.3532658041849603,4.138616531347462,4.1106044226998355,2.736234199834984
2009-04-24,2.8328188938918992,4.496693723257704,3.3706316715970184,4.1536146029835255,4.10051287439533,2.7825166178890464
2009-04-27,2.8076286903034324,4.488748746970733,3.3718179761698486,4.144107001381717,4.104779833743986,2.72076071281824
2009-04-28,2.8004601304371524,4.4744918623459755,3.3643785972409384,4.140956646538908,4.088307546713391,2.7339447441786917
2009-04-29,2.823321200229058,4.481079821486744,3.3780250428852736,4.162002925484864,4.079411160682631,2.776572618247123
2009-04-30,2.8268308897980843,4.469006722709153,3.387992406787564,4.162345714226096,4.075442598847488,2.7721699119214347
2009-05-01,2.8564187722553362,4.465333205702445,3.3906144776027056,4.167708073475324,4.06853685321039,2.738844362376416
2009-05-04,2.8756687407510957,4.484583216113238,3.4102062226656384,4.2011619552664605,4.071825885604267,2.8180598886252644
2009-05-05,2.861266279460867,4.480173695813406,3.4093497019843833,4.197744921333356,4.070593204269014,2.780017955706072
2009-05-06,2.8875142856535057,4.494685463037605,3.4096352063413047,4.214931055647306,4.068227500374247,2.81745735054077
2009-05-07,2.8893968395939753,4.49356803670337,3.3859483548897207,4.200941724416325,4.043511468729258,2.7585254042915603
2009-05-08,2.9140090759099206,4.499587460720578,3.3865331187712684,4.2240064306897915,4.0459377016576505,2.8231641369716787
2009-05-11,2.9057178665338297,4.496359307350407,3.390032546227189,4.205115448960407,4.060055546407495,2.7843867320341356
2009-05-12,2.9158421421307317,4.5075573234743675,3.3777300427450054,4.202151652276688,4.0636845845021785,2.781580306752812
2009-05-13,2.904329359796897,4.5118479885535185,3.3505437479210287,4.176656257984355,4.074491526245756,2.713769087237246
2009-05-14,2.9107929726298902,4.511189109107298,3.3616871928176284,4.185190032800582,4.078373353663478,2.7372135546314387
2009-05-15,2.885156418046238,4.516885304454848,3.3610879782490994,4.176994529471816,4.078067740161382,2.703019716622016
2009-05-18,2.911252901456461,4.503801698354468,3.3868250177886674,4.205005489489354,4.062441229556412,2.7803307631996286
2009-05-19,2.911252901456461,4.510419839377116,3.39148718959116,4.203799125697937,4.057144638133258,2.7610778590653577
2009-05-20,2.9272240917367265,4.524502282920636,3.387992406787564,4.1970823942133,4.067609095165576,2.753079762050976
2009-05-21,2.919042279513067,4.541697746773819,3.3694435642568514,4.1826146749374775,4.042138134541027,2.7559665390243397
2009-05-22,2.9335417627244285,4.544889271310054,3.3661693338694096,4.180483084137996,4.030973843096235,2.730993843650095
2009-05-26,2.935788587688998,4.540738348612731,3.4027608205162356,4.2057726770246715,4.015784724771101,2.7887354494477012
2009-05-27,2.940266645396207,4.537426501244987,3.3958380831689525,4.187758196147548,3.9979308366725124,2.7517941311042686
2009-05-28,2.9584210216191447,4.545844697235296,3.40734939137289,4.201601700395035,4.012303984033354,2.7655299833315787
2009-05-29,2.977543507086679,4.566429325948606,3.41957766164677,4.219155120119165,4.037793869350722,2.7979917791137034
2009-06-01,3.004721613362442,4.561531764024944,3.4477243851044426,4.243075044264266,4.007784050152535,2.848009935318409
2009-06-02,3.0089021007229806,4.568091184080747,3.44909814431615,4.243918483029243,4.01314822361463,2.8270496958270748
2009-06-03,2.9749574120878077,4.547647038533847,3.446074619121245,4.231186600833116,4.022495926354088,2.8252582107133803
2009-06-04,3.0109859967855357,4.566741194252789,3.457296794219882,4.240539132874329,4.001616958036925,2.8567357528143242
2009-06-05,3.0055590345736674,4.540204897365939,3.458384610179821,4.240750704619196,3.99396618408198,2.8541261138021072
2009-06-08,3.003044285485754,4.538602915621427,3.4553894963523413,4.236617180423957,3.9914023931310894,2.8356641983722892
2009-06-09,3.0126497862944652,4.541484653816555,3.4629961807819605,4.2417020044557034,3.9912916051514715,2.8356641983722892
2009-06-10,3.0089021007229806,4.541804316869058,3.4594714240195854,4.239163374431948,3.9754296138782097,2.8180598886252644
2009-06-11,3.0180385065028723,4.540098156674922,3.4594714240195854,4.243602222089432,3.986480593408769,2.797377604781311
2009-06-12,3.003883395695902,4.523634678139514,3.454843773365045,4.246340779655173,3.9954133515116452,2.832998463757461
2009-06-15,2.984407595168562,4.511957787516418,3.4341677710283913,4.22314557454743,4.004374781263292,2.7843867320341356
2009-06-16,2.9805523507616587,4.521027421195317,3.4243710258854314,4.20948966339808,4.02163041827781,2.765846814965105
2009-06-17,2.9835522649834947,4.525585690122467,3.433889063505951,4.208507319208386,4.015984563264304,2.7466340360726775
2009-06-18,2.984835082483651,4.517540442689617,3.4319371042523543,4.215799234580034,4.000733739541571,2.753400866126701
2009-06-19,2.9762514900599033,4.520701045965329,3.4426126449878844,4.219477860334499,4.014349129186241,2.763306579354186
2009-06-22,2.942052449812167,4.505791752119667,3.4122908134386174,4.189032174632826,4.024009038136827,2.709751443293247
2009-06-23,2.959298011247113,4.509979978845157,3.4100077274727925,4.1898161022611875,4.03571418562889,2.717104217888167
2009-06-24,2.958859662046734,4.515792341466095,3.4267246613428024,4.19839715505055,4.025628490452706,2.7387007068928453
2009-06-25,2.967593286947932,4.5251524515541535,3.4462020229570505,4.21991242996205,4.043794456021499,2.7518628363825375
2009-06-26,2.959298011247113,4.524935803197599,3.448404586914967,4.217302624692178,4.045487495561451,2.7603265459964903
2009-06-29,2.9688969236156946,4.522223275114224,3.4506010394596456,4.226623107245278,4.046967240767757,2.7596779217560554
2009-06-30,2.9509335474307887,4.512835578132255,3.4486791573637188,4.218500005342029,4.045275638347079,2.7654994291895916
2009-07-01,2.946946806219537,4.526018741076403,3.449228253988121,4.2226234928216755,4.0432906281701255,2.782763037605381
2009-07-02,2.924504252225591,4.513602992462601,3.427005186651362,4.194950981942446,4.045626283438823,2.7283795915775335
2009-07-06,2.8940871441136693,4.508218683448777,3.4216539782558537,4.194839899029978,4.043715206249953,2.7531694676634717
2009-07-07,2.8780491660520537,4.507667594533949,3.3964880016101664,4.175273178256847,4.0503871286843705,2.7135443300665063
2009-07-08,2.8656086768873514,4.491665447586995,3.4016873866104644,4.1745918341196875,4.068688069148603,2.7039881469137095
2009-07-09,2.87184821309382,4.494350374748677,3.403414567071289,4.176521573243652,4.056699384401242,2.6849459869833283
2009-07-10,2.864163196446127,4.495132101219594,3.407719353930405,4.174137229248055,4.065886081122283,2.683547102197171
2009-07-13,2.8694530714836812,4.501918583247205,3.4267246613428024,4.198174939003264,4.060259033136511,2.720651854541815
2009-07-14,2.8694530714836812,4.508769384816963,3.4303708005386437,4.2038191848062025,4.043503173873353,2.7327204214790664
2009-07-15,2.895489935293199,4.524393852801323,3.4634126781716663,4.232646234289058,4.017449330077739,2.7690407275513254
2009-07-16,2.8978238019063682,4.52157119860812,3.475260402956156,4.231036549637429,4.02818872644902,2.7805427162901886
2009-07-17,2.9126320418761864,4.521027421195317,3.4805992496517733,4.241931432504437,4.012638578014204,2.753495828517747
2009-07-20,2.9290333189600406,4.5356057095157425,3.490137811816547,4.252499295717905,4.017885020375215,2.78813704091489
2009-07-21,2.925411687591637,4.533996337041651,3.4969716908393154,4.257113977872862,4.037640936379639,2.785295467431362
2009-07-22,2.930839075268103,4.53731954520798,3.5053175807157655,4.256904435298994,4.028620646398966,2.7865599867796753
2009-07-23,2.9513754837652475,4.535391314286356,3.5271556849692183,4.278746989137997,4.010114735716834,2.8255739167520715
2009-07-24,2.9522590697566473,4.536998445089439,3.5195028096022676,4.282834494376606,4.014937340095018,2.832534097307084
2009-07-27,2.956224631117881,4.540204897365939,3.5271556849692183,4.285787402141576,4.003389553406048,2.846905493209009
2009-07-28,2.9451698288777037,4.522983521626477,3.5202702526217773,4.281099340428873,4.012200043212994,2.8460139711784604
2009-07-29,2.919042279513067,4.513054863618029,3.5269013921507906,4.278644729901438,4.017667782437698,2.833438498042805
2009-07-30,2.9496064655019305,4.51764961843657,3.5327309303153984,4.289035493479739,4.031744401050795,2.8686648209433097
2009-07-31,2.9693309938664756,4.536355853641948,3.529693385552106,4.2904535884450485,4.051019791758668,2.8677918463718357
2009-08-03,2.997152049191984,4.541910875608323,3.544539056286071,4.306815107472425,4.035749511696247,2.885680348808209
2009-08-04,2.9975742193183406,4.550502787869017,3.544539056286071,4.309400586178348,4.027765861832567,2.9388596070277724
2009-08-05,3.0080674755585854,4.55155840366011,3.5367662093041154,4.306516482932359,4.012704945283106,2.9763781902849584
2009-08-06,2.984835082483651,4.549657459928034,3.5279178395984294,4.301324450433109,4.016107499797442,2.9687761300399633
2009-08-07,2.980123222048566,4.54063166485052,3.540534420245307,4.314353424440908,4.007744186408885,3.0230649832241574
2009-08-10,2.979693715286339,4.531846524853179,3.533488514973935,4.312275986260901,4.020155128291925,3.001396002444797
2009-08-11,2.9645451378587047,4.530338885231748,3.5248660666874776,4.299721455460399,4.0316575567652855,2.971928536102671
2009-08-12,2.969764875782022,4.5320616813352,3.5402837286016844,4.310393609981306,4.020917301356335,2.97924744521556
2009-08-13,2.983124132233403,4.540311626664596,3.54578656995415,4.31800321929057,4.034996944957432,2.9844420285022313
2009-08-14,2.95446397908594,4.532599493153256,3.5342459713954395,4.310293614253581,4.038861124758766,2.976117285055139
2009-08-17,2.939372898989431,4.517540442689617,3.5047982705556504,4.285380647915447,4.053535587920597,2.921353626672086
2009-08-18,2.958859662046734,4.522440511869366,3.5189900246580943,4.293283446964737,4.0477123215847834,2.9312380019256774
2009-08-19,2.965852751666879,4.527532903068427,3.5258837982359497,4.302025244086541,4.05596031147382,2.9232831104093715
2009-08-20,2.957542865885725,4.524719025208827,3.5375209661112508,4.312275986260901,4.064140893692404,2.9624401642160283
2009-08-21,2.9649811991394537,4.539564445183519,3.550762762109804,4.331692477303173,4.043349773531712,2.9883206704894762
2009-08-24,2.9667232507285535,4.525477377419871,3.549770379514471,4.331595190755299,4.061316654876378,2.9849598322852637
2009-08-25,2.9522590697566473,4.530015535416982,3.5527467632156347,4.3335361225266,4.066957374672649,2.9960327311891746
2009-08-26,2.9496064655019305,4.530338885231748,3.5510111691829427,4.333633120344125,4.07152912689589,2.9991008838762747
2009-08-27,2.9579819906289218,4.534640445995721,3.5534892313143036,4.335859879345528,4.067581798971173,3.0087554514882964
2009-08-28,2.9557846345720096,4.541910875608323,3.5544792410938975,4.335666405757391,4.072152133993229,3.017566200901646
2009-08-31,2.9281290634924746,4.53689136157183,3.5442885952651406,4.326727424186632,4.073083741846842,3.001650775035091
2009-09-01,2.9126320418761864,4.542230402464258,3.525375398856636,4.304422889031094,4.070660782464434,2.9466918291580795
2009-09-02,2.9149260807335535,4.566325427545605,3.5246113032876325,4.300623268778896,4.085129860970241,2.926308384640545
2009-09-03,2.9098719602988687,4.579442028021482,3.5312138137101883,4.30890380684806,4.078954278642167,2.9461538205942723
2009-09-04,2.9057178665338297,4.5801600104677425,3.552498786955823,4.322815592435958,4.0617729946765095,2.957661952827854
2009-09-08,2.9240503792478396,4.579134174569507,3.56187015106405,4.331401191179603,4.05471101361985,2.9919268433805013
2009-09-09,2.9281290634924746,4.575535399719697,3.5704244006738404,4.339046054453534,4.053546515236824,3.0112809678134154
2009-09-10,2.9335417627244285,4.581901527812731,3.579871271223384,4.349213093689368,4.07180501196712,3.026051244841928
2009-09-11,2.9204106235078706,4.592895142754682,3.580834878977065,4.349022285235542,4.0773012927290715,3.024309995280753
2009-09-14,2.9149260807335535,4.5845592227380365,3.5846815331193493,4.353878427651113,4.067323950309274,3.05350374381104
2009-09-15,2.9380300726495103,4.594109254057169,3.5877947488037436,4.3580488434611935,4.062193213340211,3.06933553609439
2009-09-16,2.9509335474307887,4.604269817399009,3.6022793902840147,4.3730697867460995,4.063976405187387,3.1092239046834185
2009-09-17,2.9513754837652475,4.598548272814805,3.602044231263795,4.3715777569441885,4.076474129991948,3.104869883908165
2009-09-18,2.942498528791438,4.591780930311716,3.6037180535939193,4.3722153246134186,4.067533277819778,3.1062467116980694
2009-09-21,2.9204106235078706,4.588634223553274,3.6067764851220154,4.369682308143709,4.069828041215421,3.090528030516033
2009-09-22,2.9366857442065193,4.601864710608193,3.608654474720768,4.375489429232284,4.071909570858418,3.1217230595683243
2009-09-23,2.9140090759099206,4.593401220915409,3.6039536499390397,4.367142375217074,4.074919854228081,3.084919886221589
2009-09-24,2.9010818187102436,4.580365098353156,3.594961632242276,4.356062075310851,4.077818075725436,3.047727635811041
2009-09-25,2.893150820341523,4.574710978503383,3.5861278581438873,4.350715226539204,4.0904521725756755,3.0509150126680313
2009-09-28,2.902010749304513,4.5752263410602305,3.603011658769844,4.368460275840756,4.099191070187307,3.0914528825651053
2009-09-29,2.8982896279494827,4.579134174569507,3.5985213631798145,4.3654459156395236,4.098279047285538,3.0751000509423276
2009-09-30,2.925865147806126,4.593603534180319,3.599231144553758,4.36157041248343,4.097367713112706,3.0654960397401307
2009-10-01,2.9194985336355814,4.583844393038263,3.569198881624713,4.336444367677294,4.1109701650081885,3.019584927914172
2009-10-02,2.9094113957525236,4.588735907445598,3.5662682254931077,4.3317717036846775,4.104025599622936,3.0124874613660215
2009-10-05,2.9411599965995503,4.603368560984202,3.574308129985588,4.346589640145745,4.104126087916796,3.039590790864325
2009-10-06,2.9290333189600406,4.627714138488071,3.5918665850170224,4.3608126381768475,4.094180008075086,3.036863424382072
2009-10-07,2.930839075268103,4.628496017254382,3.5947243267367277,4.363557643751262,4.105841959250472,3.036118504197645
2009-10-08,2.9504914157022513,4.640923349804758,3.598994432840342,4.3711842043199525,4.0953014661006115,3.0550676843525406
2009-10-09,2.95446397908594,4.633174346787912,3.6046603136177735,4.3772625732094586,4.0721107899477085,3.0635646004502384
2009-10-12,2.9745256803543083,4.640151131308537,3.6067764851220154,4.381170345463922,4.073673458696946,3.0621132342639354
2009-10-13,2.985689605597918,4.646887799829414,3.6070113620970927,4.379125166911107,4.078865369588161,3.0479732283962666
2009-10-14,2.993345719043059,4.646120175246358,3.6205408956367595,4.396194573509905,4.063944487351105,3.0839024402267596
2009-10-15,3.0034639759205306,4.633368846280579,3.618221375855289,4.399847377956384,4.059307164427646,3.0753387488192434
2009-10-16,3.005977482348154,4.636475038774207,3.611697456561901,4.392344619642686,4.067407164058271,3.048709644464886
2009-10-19,3.020103190297332,4.646600027958211,3.6216986920750767,4.4005762467983995,4.075233754127055,3.070069673427688
2009-10-20,3.013895931376437,4.638798349263041,3.621930294532077,4.39527909551936,4.080624905185241,3.051404935824859
2009-10-21,3.0348455641978505,4.641984159110808,3.6200772993026846,4.3862656840698975,4.074609811345409,3.0385993251769507
2009-10-22,3.0429427233986783,4.643621354742495,3.624010372976334,4.3963778130012825,4.0697097755914085,3.0645307418888756
2009-10-23,3.0393069761387532,4.639474969038179,3.6198457781576705,4.384878627715455,4.062154738400162,3.052627253150185
2009-10-26,3.0209280204659317,4.623599327448522,3.616594433092568,4.373993893848234,4.0491152123818495,3.050180129160935
2009-10-27,3.013895931376437,4.623501127691186,3.601359448649264,4.369400143469491,4.062681637593604,3.0356213073669522
2009-10-28,2.9878220032295926,4.612443703280645,3.5786662262773277,4.350332472737589,4.067407164058271,2.9927052166255423
2009-10-29,3.018451672565932,4.631714764984731,3.59543701675471,4.371559446640238,4.056451722750818,3.0373593638195495
2009-10-30,2.9929220465188453,4.630155426776185,3.568222914375877,4.342157998956583,4.070858282533426,3.0198374363333924
2009-11-02,3.0101529218019545,4.643909984946082,3.5723648826061996,4.349469780062845,4.066427820789475,3.019584927914172
2009-11-03,3.024220369102953,4.66776931914488,3.5755199303187366,4.352628176098211,4.056383837827096,3.034128599024167
2009-11-04,3.0233980656817523,4.6737629632064674,3.5772154591010183,4.355204999223266,4.047202200066056,3.0124874613660215
2009-11-05,3.0180385065028723,4.67264193248218,3.601595705328777,4.373432683326675,4.047202200066056,3.0348757361038925
2009-11-06,3.0001025546144393,4.676839475519145,3.607481157520178,4.3760498707520235,4.04816751987545,3.018321148812148
2009-11-09,3.0163834791428172,4.683888963265396,3.6286173595121314,4.398570601214432,4.049344746263133,3.0664604955452477
2009-11-10,3.0114021802818858,4.68573582819659,3.631142901669533,4.398753030738169,4.04752405467638,3.0589607805798003
2009-11-11,3.0180385065028723,4.696837360591663,3.6375412858333114,4.403849831572334,4.051696907349223,3.077486666655999
2009-11-12,3.003044285485754,4.684073775122903,3.6318304151265832,4.393629648052077,4.049880098362665,3.0671828944953305
2009-11-13,3.002204754834825,4.6981139121645406,3.6400438177192522,4.399026284478283,4.054468284501872,3.080580644558794
2009-11-16,3.030772172554919,4.715189806422305,3.650216629745357,4.413427035182955,4.066112909831607,3.1045313039506515
2009-11-17,3.035658328510153,4.7182309891741605,3.6533610388411915,4.414595457509956,4.071465705494711,3.0869766617924665
2009-11-18,3.0364702496522193,4.720728526622364,3.6477393586204094,4.413966249301624,4.065586507284921,3.1049949729851316
2009-11-19,3.022163805714069,4.721173888919444,3.6320595822233104,4.40084919003801,4.0673752249059465,3.08176801098442
2009-11-20,3.0209280204659317,4.726856725861533,3.627007763631506,4.397291722616037,4.067165015014711,3.07462221979143
2009-11-23,3.0254519097564447,4.73873908592007,3.6429932039623636,4.409914111005149,4.0659021727435265,3.087212976999753
2009-11-24,3.013895931376437,4.742581571070474,3.63958937767856,4.411446746386581,4.072198156486276,3.072228749743808
2009-11-25,3.0376868966719144,4.758920809345562,3.643898891065238,4.414954207802053,4.076789936518812,3.0762942907552677
2009-11-27,3.02627224922309,4.745453710216598,3.6286173595121314,4.398570601214432,4.0805306652377595,3.0467445712436825
2009-11-30,3.037281512113106,4.750481911870113,3.629766556279088,4.401941246983446,4.082914936839631,3.0834286229455046
2009-12-01,3.0445543171852734,4.765416511731125,3.6400438177192522,4.414235839712857,4.071712343363928,3.0980137320298984
2009-12-02,3.0376868966719144,4.780634957879462,3.641405700051037,4.413786481975117,4.072552029894341,3.1142288268400407
2009-12-03,3.036875963151008,4.776599275905784,3.6373138737392794,4.405935345450298,4.062112978940161,3.102905739093399
2009-12-04,3.0287293298661755,4.7340030578310595,3.642540102569506,4.411626934775603,4.051456100005778,3.1319931682869258
2009-12-07,3.0196907061628364,4.728360801939378,3.6377687465912887,4.410094668471948,4.052740885111023,3.110776423946622
2009-12-08,3.009736123910317,4.709079621872899,3.6316008925320653,4.3989349581451345,4.054237078033202,3.1049949729851316
2009-12-09,2.997152049191984,4.708087686955176,3.64163298347169,4.40266868523958,4.049632802906157,3.102905739093399
2009-12-10,2.9916493763444474,4.707907260685406,3.6466117375291245,4.40828836824366,4.038082716308509,3.0989475168134297
2009-12-11,2.996729891307431,4.694279358268285,3.642766728862572,4.412527667532066,4.037974425292643,3.1149181333860225
2009-12-14,3.002204754834825,4.702659787887351,3.652239346929586,4.4193446642207865,4.039168341223469,3.1328956043973
2009-12-15,2.9975742193183406,4.702387628396334,3.6466117375291245,4.414684903315711,4.034711389256138,3.122922639002339
2009-12-16,3.0147257081257455,4.714831407380069,3.647964809815627,4.41621089492397,4.0335120694583795,3.1301854323645384
2009-12-17,2.9992604545810475,4.6760013326317695,3.6357172204220762,4.404121789607946,4.049847993294139,3.124060639721304
2009-12-18,3.0034639759205306,4.690889033380001,3.6518839397600376,4.4097638534383545,4.04554624410402,3.1306381102964265
2009-12-21,2.993769403254516,4.672361406993979,3.6630671782600315,4.419874453635461,4.027603571312199,3.144108819775901
2009-12-22,3.0009439461119807,4.66504156577904,3.6690542721658193,4.423461417475259,4.021992527444246,3.1545360144550956
2009-12-23,3.018451672565932,4.668614387186182,3.6763243324076726,4.425428398092258,4.022213201380881,3.1663835955568356
2009-12-24,3.024220369102953,4.685459022849522,3.6855003191031788,4.430151457836968,4.0117898339535785,3.1807278515534247
2009-12-28,3.041732366871189,4.687210924438145,3.690707025793295,4.432282747392501,4.0089989584828665,3.1855075571903475
2009-12-29,3.03971181439497,4.67721175021161,3.6865877256474695,4.4308623016968545,4.015573565011451,3.170440429456447
2009-12-30,3.038497447237507,4.672174417622543,3.6896240918110035,4.430507033783552,4.022126823825214,3.1719791877367225
2009-12-31,3.035658328510153,4.675721819188069,3.680486039947355,4.4208624661830545,4.0173545747441795,3.154695068501223
2010-01-04,3.0605291772453387,4.698660556869217,3.6950241339487224,4.437679632462313,4.016463985283302,3.15043974414528
2010-01-05,3.0617170087994134,4.697749339462061,3.6950241339487224,4.440323468870922,4.022902519340343,3.149316419378568
2010-01-06,3.079367920504636,4.71411429213457,3.6889741494898067,4.44102730100769,4.009425402533744,3.147517060898781
2010-01-07,3.066848273620409,4.707907260685406,3.6896240918110035,4.445239564373081,4.011105247952331,3.1582649644774627
2010-01-08,3.0660605668516463,4.712858016066785,3.697820779666303,4.4485621512621965,4.010658505158719,3.150888084010902
2010-01-11,3.0629034310834973,4.7260594897422425,3.693731118644243,4.449957604754155,4.005155606288473,3.156704941371606
2010-01-12,3.0413285281845415,4.704924999790931,3.6811415207147076,4.440587756292676,4.022126823825214,3.1398333771641442
2010-01-13,3.0421359514948483,4.71438327916947,3.693515184497339,4.448997938004432,4.010434436607324,3.159822962376523
2010-01-14,3.036875963151008,4.718766681674415,3.6943780723937722,4.451699054268443,4.0243387845123415,3.1589325237870365
2010-01-15,3.0254519097564447,4.708268149497266,3.6826696268954358,4.44041145249415,4.030506750391523,3.1513371208304033
2010-01-19,3.0319959516021484,4.714203916910585,3.698680056332976,4.452829670007218,4.027647884403224,3.1715398069254923
2010-01-20,3.013065278068512,4.690797294366087,3.6841949224540196,4.4426089797752075,4.037726858925933,3.1602677631688163
2010-01-21,3.0005233863114693,4.676280839026579,3.6747866850738573,4.4231924726610865,4.042294734733755,3.131175539870662
2010-01-22,2.9899502470973878,4.6744163416393905,3.6451138674946457,4.400648421134557,4.040556626091121,3.105681529944468
2010-01-25,2.9946162335324726,4.67730481498039,3.6485047321478667,4.405763162174791,4.035981055304139,3.112698885125218
2010-01-26,2.9835522649834947,4.6780488087025764,3.649407030817518,4.40156376867894,4.0363099101053095,3.103331368681912
2010-01-27,2.9688969236156946,4.668426624164333,3.6572680754721407,4.406309408980849,4.035763062013074,3.1122329185597093
2010-01-28,2.965417070353639,4.66795720561328,3.631204228444524,4.39477095031182,4.035216993928997,3.1035665050826577
2010-01-29,2.954023505293644,4.663061655763558,3.613598625995222,4.383843068675118,4.043920640796902,3.0979052459750718
2010-02-01,2.9779741323247584,4.685366713899499,3.6245225977894178,4.399274436196911,4.034801747574845,3.1159577991621745
2010-02-02,2.9992604545810475,4.692539806957015,3.6334974918446403,4.411304683935911,4.037650289309312,3.1295726446810423
2010-02-03,2.986969589753621,4.688591766052115,3.6389809641863646,4.406309408980849,4.025985955445541,3.1131653978737597
2010-02-04,2.9531415771622607,4.647942304147779,3.609617802598613,4.374957583096783,4.041689699037722,3.07541607118963
2010-02-05,2.940266645396207,4.650908080577266,3.61802914467613,4.37702241230625,4.043866611321403,3.093637499034322
2010-02-08,2.940713420757422,4.644775449380214,3.61079026678933,4.369776634973888,4.045170193777753,3.0715370404400373
2010-02-09,2.9584210216191447,4.657857543008672,3.6210495930928546,4.382258827411106,4.03513092290524,3.0683745599715744
2010-02-10,2.9623621718518454,4.655102580864364,3.6189591471963247,4.38029832392019,4.025543633328964,3.0703216127465236
2010-02-11,2.974093762148009,4.6740430246366245,3.6339555141125297,4.390710080452188,4.020102880881181,3.079761774372405
2010-02-12,2.968462468858391,4.673202604933051,3.6360140724652346,4.389877188927548,4.024213514157169,3.0914969059373636
2010-02-16,2.998417644817484,4.697019864673453,3.648729911599863,4.405489880258485,4.026096913824486,3.1194364652186093
2010-02-17,2.993345719043059,4.693638833975699,3.654355222367209,4.410217247205989,4.014632502342343,3.1284254524839414
2010-02-18,3.002204754834825,4.700298561602796,3.660617358125723,4.416094855656484,4.010594421563272,3.14323052238248
2010-02-19,3.0080674755585854,4.695650550267494,3.660171585197108,4.418166604057533,4.015975349291162,3.1439086838735824
2010-02-22,3.0026245135493594,4.691989875142671,3.658162111684813,4.418346597398174,4.01183077959631,3.1463906924428198
2010-02-23,2.9861163527600754,4.681112183906084,3.6451138674946457,4.406127515024896,4.027313788696414,3.1386984811073004
2010-02-24,2.9941929080336815,4.676187678908464,3.6552521612904485,4.415283495014472,4.029742833791852,3.1488668013744934
2010-02-25,2.977112987809872,4.684997463306733,3.6550283472487,4.413928654182851,4.035349863330239,3.1526814739654454
2010-02-26,2.9946162335324726,4.695285078219128,3.6586092725746138,4.4145609324273885,4.040490538607975,3.1522339376072654
2010-03-01,2.984407595168562,4.695285078219128,3.6730268475403687,4.424892133078818,4.0400523721340145,3.160711800159783
2010-03-02,2.9950392844690743,4.709710335024818,3.6761048960009983,4.427659153085356,4.0387377278016885,3.1611560442054167
2010-03-03,3.004721613362442,4.715189806422305,3.677201886290662,4.428549936144885,4.036213421300497,3.158487614809199
2010-03-04,2.995884945157145,4.707997512308853,3.680486039947355,4.431572731374158,4.041474823626429,3.1647029097055017
2010-03-05,3.0076498073686397,4.70781700091587,3.6954551151749224,4.445764941392394,4.028268944558095,3.1915578207092166
2010-03-08,3.0063958494532184,4.699388836230876,3.697391573484099,4.445940035566352,4.023048710339587,3.2016315113451665
2010-03-09,2.9954621565092605,4.697931677195023,3.7029638005215793,4.447601143763214,4.023271745290471,3.203975167776768
2010-03-10,2.998417644817484,4.686473648305958,3.7110524043624116,4.452047674110932,4.02070777022083,3.212871430096036
2010-03-11,2.995884945157145,4.687671393449385,3.7148606967809905,4.456213424903629,4.024384128921719,3.2187582489867013
2010-03-12,2.9899502470973878,4.681668128690712,3.7150725355394116,4.456300375743166,4.030593017036491,3.226693469161576
2010-03-15,2.9779741323247584,4.685459022849522,3.7125349548888344,4.456559766624012,4.029265530451639,3.2244031237079835
2010-03-16,2.9912248885656103,4.704110147664362,3.7188660405467533,4.464494542012973,4.037201990470016,3.248297066331758
2010-03-17,3.0001025546144393,4.6967460960588445,3.7215964258710543,4.470403987638382,4.041474823626429,3.263046527490649
2010-03-18,2.9979959258369386,4.703566474654966,3.7249472147131697,4.469891837241321,4.038189650586266,3.2576162109848266
2010-03-19,2.985689605597918,4.684720453472521,3.7188800155201673,4.464817134188757,4.03917653774543,3.2466674914210376
2010-03-22,2.985689605597918,4.6798137289838575,3.727893968958557,4.470149298735308,4.040271110260214,3.2592282755762616
2010-03-23,2.9814103463576527,4.685089806346611,3.7347567642011295,4.477157594345418,4.035553989174835,3.2564057854924586
2010-03-24,2.9701984716918184,4.666265314056818,3.729978936986206,4.472290697875631,4.017129529176996,3.2618421495277503
2010-03-25,2.9645451378587047,4.670770631640095,3.7285198426095447,4.470663412002316,4.010723552375521,3.2642869314903966
2010-03-26,2.966288145027387,4.687579288504622,3.729561943054131,4.470063194500402,4.013538300472576,3.2590260117449765
2010-03-29,2.9886737867585973,4.689051669968793,3.7343422138988984,4.4763908424518375,4.009708651925861,3.262064888714969
2010-03-30,2.9908002205203754,4.6818534220649966,3.7376541777228502,4.477072091470528,4.012863808701565,3.2606475879420405
2010-03-31,2.9899502470973878,4.690889033380001,3.732889385441181,4.473659368511047,4.019702820397605,3.249239981601599
2010-04-01,3.009319152225757,4.70284123253602,3.732889385441181,4.480473898761669,4.01725472861289,3.2543489203593245
2010-04-05,3.025041533832641,4.7085387134610075,3.7421903365113707,4.488590249407291,4.0004755914035375,3.276124248796931
2010-04-06,3.024220369102953,4.70980042407182,3.7450661422683975,4.49094523734066,4.002075496844647,3.2988004460175144
2010-04-07,3.0205156904247303,4.722864309814331,3.7426016467717487,4.485216159112712,4.014778255020411,3.276522960003372
2010-04-08,3.018864854366627,4.724285680423561,3.7448610144971965,4.488674001655502,4.015228735381528,3.277718356487843
2010-04-09,3.0209280204659317,4.733035551615066,3.7507932405792834,4.495220076411839,4.017591720846445,3.291757142976959
2010-04-12,3.020103190297332,4.727476329275081,3.7516084706043236,4.496808344683159,4.022860522177911,3.2854543665618494
2010-04-13,3.0238092091881725,4.724640707629057,3.7566905719002106,4.497559266127062,4.02609677768678,3.309659938849038
2010-04-14,3.035252028927228,4.727653259402825,3.7685824493159585,4.508844827367791,4.019052286308672,3.311201374872718
2010-04-15,3.0389023392742662,4.733123563724676,3.772980938615495,4.509669619409011,4.020173616236861,3.2834763329151104
2010-04-16,3.0205156904247303,4.711690010161966,3.760939706523186,4.493629622717257,4.027433097127783,3.2602429344581108
2010-04-19,3.0076498073686397,4.710880654138311,3.7603335379024987,4.497392726672928,4.024981528479194,3.2646907538420424
2010-04-20,3.0155548904120297,4.713665773927436,3.765371601428116,4.506284078236518,4.028544938068566,3.2814946655474415
2010-04-21,3.0205156904247303,4.721262883236842,3.770983288581205,4.504461833385799,4.036738000565372,3.2988004460175144
2010-04-22,3.022986845870157,4.7170692457413175,3.7765643592425264,4.507441235536783,4.033756290631016,3.314086262704498
2010-04-23,3.0295470784303715,4.729067844213427,3.780730315974148,4.513947990601219,4.030211367999656,3.3272476482368987
2010-04-26,3.0246308967804154,4.725172978382788,3.7785504664009575,4.510164319311865,4.031320532227007,3.3351753523586614
2010-04-27,3.009319152225757,4.741709526166506,3.7570957841396724,4.486230046131957,4.04530081251207,3.30269304448155
2010-04-28,3.0126497862944652,4.738914034679921,3.757703917968156,4.493797386980801,4.036738000565372,3.3057952570691076
2010-04-29,3.0205156904247303,4.738651566680886,3.7749733809940915,4.506118395941583,4.0409183860488564,3.3499182082472374
2010-04-30,3.0283202046800226,4.7480576788274815,3.7550675434165224,4.489011168500745,4.052381057034426,3.31830121331847
2010-05-03,3.0332182348445698,4.751259920866584,3.768983224423187,4.5018898213958405,4.051073236971545,3.3510295924434916
2010-05-04,3.005977482348154,4.743801078067664,3.738480639095011,4.478094178501209,4.068908067724359,3.328005329115557
2010-05-05,2.983124132233403,4.745714399160872,3.7333050856670886,4.472119721923218,4.0747837117258285,3.3144700552354354
2010-05-06,2.9632360089925203,4.774828550799866,3.6993177771677805,4.438342238751089,4.105203435714439,3.272527663826556
2010-05-07,2.9579819906289218,4.772970117879381,3.6740936328915472,4.423355184223081,4.092623034245714,3.2555718387561385
2010-05-10,2.977112987809872,4.767033898283955,3.724758895430011,4.466453953686565,4.0716891260949355,3.3194480700832623
2010-05-11,2.975389054836837,4.792976703363265,3.7237116829573185,4.463608942124622,4.06912286694823,3.3253511363906156
2010-05-12,2.9835522649834947,4.799090891194417,3.742396193584276,4.477498232502084,4.061488874362489,3.3413603157577043
2010-05-13,2.9749574120878077,4.7921475340676905,3.726431827015714,4.464989714269284,4.068050824217495,3.3249711550174106
2010-05-14,2.9491637465088774,4.790570355209472,3.7070182005007495,4.446718328017064,4.085272750336547,3.2927382802169602
2010-05-17,2.9204106235078706,4.782144141568986,3.7102091125481835,4.447244894524338,4.081576797830547,3.2941107807992274
2010-05-18,2.919042279513067,4.783232667983761,3.6963065813585203,4.433549652352582,4.096799102507001,3.2685163412064084
2010-05-19,2.9098719602988687,4.759006507153425,3.6883054635767,4.427839450200731,4.100127926321435,3.259228935065318
2010-05-20,2.888926427138404,4.752209897023892,3.6504738307428117,4.389348871199258,4.120989014010405,3.2065468692942365
2010-05-21,2.8992213647707303,4.746843354898779,3.6614616526281263,4.403842273534652,4.122004943033126,3.2395641167850817
2010-05-24,2.8982896279494827,4.760805446176597,3.6574391326729834,4.390928261659352,4.1185443061356155,3.2169692538775756
2010-05-25,2.8903365772914404,4.765246139035404,3.6583348842187955,4.391948864788014,4.123427327569953,3.224977775511817
2010-05-26,2.9010818187102436,4.774659774270568,3.647085670268093,4.385901810715274,4.120581647210664,3.2228765241564137
2010-05-27,2.929936655635108,4.776515072638017,3.68417192653407,4.418851178588572,4.097632823158852,3.276323372150544
2010-05-28,2.9213215740268463,4.77811455786563,3.678268759509031,4.406222562002239,4.1022022761569215,3.2634795998634156
2010-06-01,2.902474838865372,4.786741491931825,3.669015847022736,4.389255236525048,4.109206765888206,3.242456309531691
2010-06-02,2.9144677351544797,4.785656716645106,3.6924220798324123,4.4149615900428545,4.099662643542796,3.2618625401186554
2010-06-03,2.9199546825602143,4.770345576185738,3.701890865291898,4.418400028121965,4.092338691333893,3.2590260117449765
2010-06-04,2.8884560056248425,4.780718878977932,3.667021550748331,4.382630604926567,4.118865715833861,3.20075750525784
2010-06-07,2.8903365772914404,4.799831937283059,3.6486681610818636,4.370101448965232,4.126506300977136,3.195366464290519
2010-06-08,2.8982896279494827,4.795790545596741,3.6468594239995076,4.380756392375049,4.121521640752232,3.2131535358809753
2010-06-09,2.902938817787513,4.7921475340676905,3.638451219799452,4.375396023768362,4.120398683724438,3.2190831703140073
2010-06-10,2.9194985336355814,4.778871370749031,3.6665777464805642,4.404208539390287,4.102369362879829,3.2614577200497243
2010-06-11,2.920866253886848,4.787575090443787,3.676073406016646,4.40905260625249,4.114972319573914,3.273328232275774
2010-06-14,2.9235958901715544,4.784152828758346,3.6758535280634805,4.407501326465613,4.109826713258876,3.285651640893573
2010-06-15,2.940266645396207,4.7957078798971295,3.7023191801374282,4.429984212552736,4.105690287105644,3.30772932531377
2010-06-16,2.942498528791438,4.790237983667013,3.70637871946848,4.429627177543283,4.111372777141105,3.298606101115422
2010-06-17,2.942944207799118,4.80320104900469,3.7095720430983024,4.4312335130952,4.119479829819491,3.3007484986958517
2010-06-18,2.9411599965995503,4.8108013004582295,3.710401965003678,4.432317482237535,4.11784267853822,3.297630283859822
2010-06-21,2.937134020812015,4.7907364678771485,3.7018545286743643,4.429449294352776,4.114972319573914,3.289791691591669
2010-06-22,2.9348905242089507,4.799502630320492,3.6940995702176442,4.412795426533733,4.126811067954179,3.259634584967327
2010-06-23,2.9181290432262905,4.795377211824471,3.6899820564737,4.409687603000712,4.133584678791495,3.262267269428851
2010-06-24,2.9204106235078706,4.798266841108766,3.674664519067514,4.392978331909846,4.127621501669143,3.2408709936750473
2010-06-25,2.9384778481506624,4.810231247153217,3.674863381836223,4.397159001041612,4.131668318571173,3.2657924175456086
2010-06-28,2.9276767310281633,4.796534040523403,3.671322822577361,4.394001651792238,4.141014111478864,3.253924103444751
2010-06-29,2.8996868553427135,4.798019436987216,3.63198649674729,4.362640270139346,4.151856578359436,3.220647021486261
2010-06-30,2.903402476941067,4.801394650459057,3.616651533061045,4.3530944795004975,4.1585629551816705,3.20994930674549
2010-07-01,2.8879851502767298,4.762515764534214,3.6138386910185263,4.348628529172289,4.16013899869818,3.2065019143754383
2010-07-02,2.8861003600395185,4.774828550799866,3.6110166774960177,4.343163752388959,4.152134215150003,3.1871046811152315
2010-07-06,2.888926427138404,4.757977124567018,3.614073148582601,4.349697835705272,4.1603357849636335,3.164627117742885
2010-07-07,2.911252901456461,4.768393895603938,3.6454990776797755,4.380708646911073,4.148555406568817,3.212098377912068
2010-07-08,2.9204106235078706,4.763967189924089,3.6509437578681716,4.390554828961481,4.1421626567464065,3.224469965947463
2010-07-09,2.9222321060341816,4.773730832688748,3.660401119783134,4.397992891422135,4.136434612283271,3.237110130394141
2010-07-12,2.9107929726298902,4.765075672288327,3.663310724946782,4.39864104452755,4.136031356035474,3.2402448409189377
2010-07-13,2.9267713496463097,4.773730832688748,3.6761880595662477,4.413616754179011,4.127424506057609,3.2645710090957185
2010-07-14,2.9249581240192613,4.77322379678111,3.681249060053763,4.413525179751646,4.137442529204097,3.2586473166317242
2010-07-15,2.934441037750297,4.772631908268268,3.6821263373097866,4.41379904641522,4.1473609450109725,3.255364052523513
2010-07-16,2.92177689232022,4.75934942114146,3.6541065222780427,4.385878250789604,4.152233283894882,3.222347878686164
2010-07-19,2.920866253886848,4.751259920866584,3.6626394336626436,4.3917676451567385,4.146063632399179,3.2345949822866547
2010-07-20,2.9290333189600406,4.759178011548269,3.67464227028648,4.402797782007035,4.147559719153348,3.253100248711115
2010-07-21,2.9263181980427904,4.752296237707225,3.660849242389442,4.389714899585736,4.164361689253642,3.2320734169612737
2010-07-22,2.9460587122546276,4.76097664234922,3.685847614346467,4.411791446382258,4.152729380042369,3.2688392826255446
2010-07-23,2.942944207799118,4.75436572080451,3.692163279171012,4.420432688255279,4.142062403379273,3.281534581048409
2010-07-26,2.942052449812167,4.749443646085187,3.700379805157932,4.430794364538699,4.140357285204367,3.30625621208346
2010-07-27,2.931289979882763,4.731890957587003,3.6999494325376228,4.430704985632117,4.130672771182434,3.30606100343437
2010-07-28,2.9353396061115262,4.734266748593875,3.6919467209458063,4.424229694127751,4.133910947016941,3.304105627188945
2010-07-29,2.9496064655019305,4.73873908592007,3.6845354876028975,4.419345215465202,4.133608397641937,3.2956515534474673
2010-07-30,2.9627991858710985,4.749183927629892,3.6867209639873524,4.4191636558733265,4.1490531496211585,3.3015569321656
2010-08-02,2.981839213307241,4.749616798277019,3.705320232409675,4.441493431713389,4.1349161591845665,3.334568325097814
2010-08-03,2.9852623871314203,4.753503962076417,3.701025864943901,4.436693025578667,4.1406726108019045,3.3248359760773423
2010-08-04,2.993769403254516,4.759777914672918,3.7110887813895954,4.443354349680559,4.132991218776629,3.331906238113856
2010-08-05,2.989099550604946,4.762003008711525,3.7087429277202277,4.442291622953549,4.137646876641727,3.31925976739203
2010-08-06,2.980123222048566,4.769327741077411,3.7072471563138865,4.43820710198937,4.1484937961204595,3.3146209936137945
2010-08-09,2.9835522649834947,4.765586920391261,3.714067482444606,4.443531121908928,4.144791354069133,3.3259861286387657
2010-08-10,2.9727972773996685,4.768393895603938,3.705320232409675,4.438118022543339,4.146894391058234,3.316169897493492
2010-08-11,2.950048888756427,4.765075672288327,3.6777311737593057,4.410328408118663,4.160212812967226,3.2909016289827266
2010-08-12,2.942498528791438,4.777188821521994,3.6697699745206034,4.404179437076343,4.157741718558897,3.278325224557109
2010-08-13,2.9416064737722376,4.776936210851705,3.6626394336626436,4.4012296511828355,4.170136657595913,3.278325224557109
2010-08-16,2.9384778481506624,4.785239235766283,3.6644271099742936,4.400767764152788,4.194855998767391,3.277521597245018
2010-08-17,2.952700321251014,4.785406236291025,3.677069979015977,4.4129776836176084,4.189116609347665,3.3001818896312334
2010-08-18,2.94872073147105,4.789323407764926,3.6810295483453346,4.414801198591394,4.191798960138499,3.3011642156123275
2010-08-19,2.9384778481506624,4.7907364678771485,3.665765577897633,4.397251522894799,4.20727223791157,3.2753077455261
2010-08-20,2.93219148449666,4.787241721701906,3.6671019643177982,4.394001651792238,4.20614183695802,3.2720783101473154
2010-08-23,2.925411687591637,4.785656716645106,3.6572583308266386,4.390181729723964,4.206330003767599,3.266808804423541
2010-08-24,2.9140090759099206,4.790487256832894,3.6384220320830654,4.375227334243144,4.22223138892758,3.2627363137199192
2010-08-25,2.919042279513067,4.798761340069541,3.6479980916052406,4.379104794416786,4.21897844419208,3.2785260664548126
2010-08-26,2.930387865439484,4.795459904862379,3.6358992438126854,4.372380093540779,4.228337108976413,3.272482976172641
2010-08-27,2.9473907077467634,4.795873204463299,3.6479980916052406,4.387751621108109,4.199612796095239,3.288915857038113
2010-08-30,2.945614519733627,4.79504649747405,3.637505043926309,4.373140413739669,4.21860545896199,3.2811339922369975
2010-08-31,2.93219148449666,4.804676582534956,3.6340595854110336,4.373140413739669,4.229628320991123,3.2887173046910836
2010-09-01,2.951817324527067,4.801476847411213,3.6635335734762484,4.402613659916474,4.208733942654992,3.3208013706175357
2010-09-02,2.958859662046734,4.806395280687805,3.67464227028648,4.411882531770244,4.198111668880049,3.3334280747781233
2010-09-03,2.9641089847770195,4.802872849828978,3.691077639817597,4.424770700508763,4.1856405702985,3.347960854133847
2010-09-07,2.9693309938664756,4.809742326845163,3.6843171752161648,4.413434151450145,4.2058996124488335,3.332477087637896
2010-09-08,2.971498718769394,4.809823840527554,3.696280549038589,4.420432688255279,4.19792103197165,3.334568325097814
2010-09-09,2.965852751666879,4.800407947964632,3.7001643591085847,4.425040956952524,4.1779839809429316,3.322917004398218
2010-09-10,2.9762514900599033,4.801805504998384,3.7038189529986436,4.430076928067516,4.173400361036015,3.328281925701681
2010-09-13,2.9835522649834947,4.800901452275273,3.7176711525023047,4.441138954875782,4.178274686063927,3.344582504197479
2010-09-14,2.986543014134604,4.820442815854052,3.7218953337245297,4.440517328452513,4.1878573300118145,3.3408155199634835
2010-09-15,2.984835082483651,4.819797597232252,3.7281980608120455,4.444327420163835,4.172912301015511,3.349458605425409
2010-09-16,2.979693715286339,4.8253493258003965,3.7321691654750193,4.444062416384613,4.162986301241354,3.3442064638827107
2010-09-17,2.983124132233403,4.824626956795577,3.735550307974611,4.444435659876195,4.167027347468195,3.3472111699776295
2010-09-20,2.9912248885656103,4.827273218122585,3.7529027988354193,4.459610037164622,4.172813437795517,3.371295357990253
2010-09-21,2.9805523507616587,4.8363612858344665,3.7526975725055745,4.4575942703268385,4.186605159175697,3.3565431306446243
2010-09-22,2.986543014134604,4.837867925925196,3.750031442162001,4.452668929923631,4.19553448201211,3.342889073297075
2010-09-23,2.9873959834834656,4.838660053519215,3.7496207539807593,4.444524715887019,4.198397498822578,3.317909076418151
2010-09-24,3.0026245135493594,4.8417431768846715,3.769757818107125,4.464936784684798,4.184866254147611,3.3458054067355842
2010-09-27,2.995884945157145,4.84197993769919,3.7643057745464343,4.4601351527802,4.202109069215596,3.3334131066809216
2010-09-28,2.995884945157145,4.850857689802281,3.763900554302894,4.463629949059064,4.208923096475715,3.3374333001521217
2010-09-29,3.0089021007229806,4.851639538754623,3.7622790040963907,4.461883989571194,4.204764128173937,3.329569172085273
2010-09-30,3.0147257081257455,4.851326920241662,3.7578056679024248,4.458909100555765,4.204100653715661,3.3324537287122364
2010-10-01,3.016797422811108,4.859114514863277,3.756582113243328,4.46310622619082,4.1992564451548215,3.3374333001521217
2010-10-04,3.013480690970587,4.855617624093908,3.745709114172561,4.455574077544052,4.201834233568607,3.346562725690841
2010-10-05,3.0336252696084043,4.875121026345308,3.769757818107125,4.4755062527761496,4.195809445855178,3.3623401837687137
2010-10-06,3.0340321387623472,4.881361473202212,3.7610610026384297,4.475420261128231,4.208296756110152,3.3569219379273454
2010-10-07,3.0238092091881725,4.870376524221189,3.764710830653038,4.474212731011305,4.199925085414775,3.3597283747603752
2010-10-08,3.0565592782386664,4.880222869854627,3.7715683755380214,4.479806120547455,4.195521496058028,3.3625271557975753
2010-10-11,3.0517746102436716,4.884996431723156,3.7719702378389672,4.480749128053818,4.1957140845944805,3.3623401837687137
2010-10-12,3.0565592782386664,4.882498897238428,3.7787786984042246,4.4838307525864,4.185783200134106,3.369397228730798
2010-10-13,3.0613211621568226,4.89836210624328,3.786927436281474,4.491577757407795,4.184231399516011,3.379706566414814
2010-10-14,3.0597363856870596,4.903421209789107,3.7849458717242617,4.4876690262656265,4.169174686397256,3.3771390648703985
2010-10-15,3.048572156162482,4.895448829497948,3.805945663222963,4.489710166058815,4.15688415241383,3.375853163886522
2010-10-18,3.058546197752974,4.899927163021105,3.802248482436713,4.494625901885689,4.164929776233992,3.388641262041324
2010-10-19,3.0287293298661755,4.868380251206427,3.792847819233929,4.481434840994308,4.170946015270653,3.3762205559931844
2010-10-20,3.0521742531937583,4.877637148407215,3.8001019471133186,4.49115355658227,4.173108117731691,3.397855979789287
2010-10-21,3.03971181439497,4.863449203499019,3.8020535641159405,4.493356721782484,4.161162863742168,3.3967760517408
2010-10-22,3.0481710707746403,4.865455334649436,3.8088545536222003,4.495217521578299,4.167893570448238,3.3973165444987083
2010-10-25,3.053372044597989,4.874051675621287,3.813683782863388,4.498170381194923,4.170749656876022,3.3991141687651893
2010-10-26,3.058546197752974,4.874280910161989,3.816378556505288,4.498338913597756,4.155187031880429,3.3919030461784296
2010-10-27,3.0553653006744637,4.863835342356261,3.8194485591549707,4.495470929278838,4.146357065715637,3.384821748280862
2010-10-28,3.0605291772453387,4.877027749948768,3.8215538416597776,4.495639746952364,4.149074698641811,3.3786069135112955
2010-10-29,3.0581490937138,4.8874878591226505,3.819257048804833,4.496399797016786,4.158378641250698,3.378790738959699
2010-11-01,3.064483200389767,4.882195664371305,3.8200233721223125,4.496737090475581,4.154064077958144,3.387369367258727
2010-11-02,3.073518891087403,4.886507212341002,3.8306902763781423,4.504636648486792,4.1671215821892185,3.3942524432161436
2010-11-03,3.078200971256931,4.879539085045593,3.835227050762153,4.508646127335837,4.146510056343222,3.3942524432161436
2010-11-04,3.1016679945380843,4.91287544067156,3.8474119718959896,4.527721455760538,4.154264099146684,3.417094307071721
2010-11-05,3.1058417982934867,4.915445142895502,3.8474119718959896,4.531476850010097,4.1369623676247365,3.4277988693138073
2010-11-08,3.1084888290546804,4.925658201305251,3.848715415836519,4.529600504343132,4.1414430827264415,3.4223730550291642
2010-11-09,3.1016679945380843,4.90963559946552,3.843304863394078,4.522390537505045,4.119147763904177,3.3809878493867824
2010-11-10,3.1122581275513763,4.921731258016218,3.8483430836875563,4.526411818347649,4.120497726003029,3.3933493341925516
2010-11-11,3.103946665149089,4.924786903572785,3.841994016040113,4.522636904331079,4.11997874452457,3.3853681579157886
2010-11-12,3.0613211621568226,4.8955237052567275,3.825561431770027,4.5107280375386445,4.114566606053108,3.376037170204026
2010-11-15,3.0629034310834973,4.885978675669071,3.821745079701198,4.509312897623829,4.093470805669033,3.366432414979965
2010-11-16,3.0328109424398852,4.87496829866179,3.8051683015170656,4.49361111319208,4.1180041921038635,3.3314933612854767
2010-11-17,3.025041533832641,4.870453300947018,3.8080797893699363,4.494118508381091,4.1124772523515905,3.3391518171476577
2010-11-18,3.0517746102436716,4.883483480711422,3.824036921499246,4.508729644970962,4.11654745365853,3.348075846315008
2010-11-19,3.037281512113106,4.884315904333184,3.8247992590324857,4.511476542512508,4.1226746106583265,3.353355044682357
2010-11-22,3.0405203612246443,4.893951621874924,3.8331503880275326,4.5106455252196085,4.126910338775308,3.355984129511733
2010-11-23,3.03809239119678,4.900894857328867,3.8171463330253026,4.496062134484773,4.131846231221431,3.348075846315008
2010-11-24,3.0565592782386664,4.8991821275497145,3.8371112059348036,4.5107280375386445,4.113835806895012,3.367174146894742
2010-11-26,3.0613211621568226,4.891175858644245,3.830500989854103,4.49901267448227,4.127631894677687,3.365132531512406
2010-11-29,3.0632986520091574,4.894176340257788,3.829742325543796,4.502038528167424,4.136144715883994,3.364574619441938
2010-11-30,3.0537710497815738,4.9083810465361974,3.8175307969632706,4.496399797016786,4.141341786639896,3.360102002874887
2010-12-01,3.0828609694442655,4.90808567514792,3.838428465335346,4.517444581386773,4.11886118703253,3.365874898540206
2010-12-02,3.091348795979185,4.90675514103669,3.848529348386166,4.530171960310736,4.116251360269968,3.3811705242111834
2010-12-03,3.103946665149089,4.9277608559752,3.851131228521314,4.532860991322701,4.108377690318829,3.3809878493867824
2010-12-06,3.1028081502530984,4.935264991459025,3.85076036273686,4.531802437097192,4.122400479504788,3.3829973818257932
2010-12-07,3.095948152375122,4.916324614625014,3.8513173800029437,4.532372636499802,4.1007615487808176,3.3851858607291394
2010-12-08,3.103567361268593,4.9037179619403455,3.855022166560592,4.536029293292636,4.091051385245663,3.3703218922744447
2010-12-09,3.100907339583016,4.908011734127571,3.855946222565071,4.539915262462265,4.095972239725068,3.3614083053202664
2010-12-10,3.0993841197264107,4.908307240039333,3.8625752039506347,4.545716453006293,4.089870929584233,3.3679159863499204
2010-12-13,3.1092438262198088,4.913022487660404,3.859081930856347,4.546358642566064,4.0936212248099615,3.3695821642319523
2010-12-14,3.1065987958494765,4.913977486271453,3.8609222744789187,4.547241364376286,4.078968547260398,3.3597283747603752
2010-12-15,3.103946665149089,4.903050060760358,3.856500682091973,4.542659230345503,4.065860373238867,3.3501532162029237
2010-12-16,3.100526709142625,4.896420865071577,3.8642253257253625,4.548443924348036,4.072763579228259,3.351849763483827
2010-12-17,3.1081110739914934,4.89933120179721,3.8651061389462065,4.549514378380342,4.090837098370859,3.360102002874887
2010-12-20,3.1171371130504872,4.906089265989309,3.8658398107947405,4.551924994956332,4.089763505658408,3.3719847242632626
2010-12-21,3.1234815198213455,4.907642398037682,3.871869948597855,4.55824548352131,4.09671848935738,3.382449869228361
2010-12-22,3.1286763880134076,4.9056451028358685,3.8716876637388564,4.561350994880438,4.089548878716576,3.3900920146572333
2010-12-23,3.132370495462973,4.9027531103123625,3.869133215923316,4.559918671466573,4.087506789810115,3.3855500343906453
2010-12-27,3.1305251892116024,4.905422947256895,3.869681209718896,4.560316762645403,4.096398128987924,3.397899101632101
2010-12-28,3.1411812353322737,4.921585486158701,3.8678535807594434,4.561748755424514,4.076619038032711,3.4018911615304295
2010-12-29,3.1415466220968233,4.9251500734926985,3.8700463986768043,4.562463386400454,4.093397624047744,3.4038809775060788
2010-12-30,3.1294164688918595,4.920199871049818,3.8676708812537273,4.560874047487735,4.092645261052703,3.4065883140426223
2010-12-31,3.148101675333471,4.932457521831995,3.8640049811312993,4.5611123901580815,4.103649119487295,3.4046036297758278
2011-01-03,3.1524478244759533,4.927253685157205,3.879492278878939,4.5713971681953,4.096077412081998,3.4230350102105094
2011-01-04,3.1389856934449414,4.903421209789107,3.8787688744930966,4.570846192338416,4.097254308464484,3.403700248666128
2011-01-05,3.1495525187627025,4.900597152548756,3.8872363752041443,4.576030150574183,4.074981177129021,3.4073090763902827
2011-01-06,3.1360510895752176,4.896570351490228,3.890460719267743,4.574069589102337,4.0793446230361585,3.397899101632101
2011-01-07,3.132370495462973,4.894700563005041,3.889566153837001,4.5721054128534515,4.08466479984926,3.3982625652807297
2011-01-10,3.1441009269246454,4.898734885191731,3.8933176518834376,4.570846192338416,4.0900643529663645,3.3980808818580135
2011-01-11,3.155334934187048,4.904607916595558,3.8947432184829873,4.57438396222427,4.084448176726803,3.395896632117648
2011-01-12,3.1618005141209355,4.908676443350223,3.9018407262903354,4.583367919754706,4.076619038032711,3.4000786683671658
2011-01-13,3.160367264006364,4.8982128874477855,3.9021937434482385,4.581733307765518,4.0855305668235085,3.4033388832948193
2011-01-14,3.165017614448134,4.888015598947669,3.9095900096406275,4.588952116167577,4.079126779690222,3.410006719142662
2011-01-18,3.16394642409883,4.893576940862483,3.912392657557363,4.590652005821859,4.074434259298786,3.418592245186142
2011-01-19,3.162873923693304,4.895748070680698,3.900956133506176,4.580798132059688,4.0816281839154644,3.405326076778084
2011-01-20,3.1528092814301947,4.876722853249639,3.8938525552325998,4.579471618299466,4.067737468709519,3.405506195524624
2011-01-21,3.162873923693304,4.875426295300283,3.886159566467911,4.581733307765518,4.075635529238504,3.4062280542595484
2011-01-24,3.154253234441698,4.870299858651407,3.899893928012582,4.587403967994181,4.076073857246987,3.411264198779376
2011-01-25,3.1415466220968233,4.868303432432491,3.9013098486019984,4.587945976099682,4.0855305668235085,3.422857523770757
2011-01-26,3.163589132385535,4.876417979897378,3.9066028405181656,4.591809229885437,4.070267879610567,3.4244524022467364
2011-01-27,3.1549744704884377,4.851483241714434,3.912742884802606,4.594274016888158,4.074762056876506,3.4400875798241453
2011-01-28,3.167512739162686,4.86968597103819,3.88705694847285,4.576656546602033,4.079997803987273,3.423389702065032
2011-01-31,3.18305532419087,4.866533912524305,3.8918903615242724,4.584145112284749,4.072352849341321,3.4365946547715778
2011-02-01,3.1903888753553935,4.87366946235458,3.9104669247568844,4.600027360891029,4.067390508799368,3.43904094603626
2011-02-02,3.2000843378087174,4.870989988188657,3.9088879846876154,4.59811317825323,4.067610923592163,3.43904094603626
2011-02-03,3.1935156043759396,4.884315904333184,3.910641894662889,4.600332989848814,4.059286093680769,3.4418291115012027
2011-02-04,3.1879504077763072,4.880222869854627,3.9162344768924764,4.603158199310406,4.049091996662079,3.4344940615834587
2011-02-07,3.1851560730300843,4.880374681307413,3.9209286968631196,4.609391457961539,4.0542579907197585,3.4442619159617527
2011-02-08,3.1917797659341876,4.891401201588273,3.927498645883599,4.613927353601356,4.045030207114993,3.4485922101266313
2011-02-09,3.1966325094172205,4.890875360595995,3.925773928130496,4.611662053373162,4.053698822970789,3.449283153130654
2011-02-10,3.190736877497776,4.8892207181487315,3.92732630039252,4.6120398462932535,4.042086219312888,3.453419660430775
2011-02-11,3.187252575463811,4.885223286627698,3.934538910483783,4.61799244403021,4.0563843000941056,3.459934356341871
2011-02-14,3.1921272061019303,4.889973094734851,3.936931971684593,4.620393684096284,4.05705475852436,3.4601052633173093
2011-02-15,3.1791921871990856,4.897615903400659,3.9355649646072286,4.617241126901191,4.061512723864642,3.456339448470192
2011-02-16,3.1865540982409457,4.898585835802289,3.942039910827039,4.623536558616447,4.058283007720823,3.4585662280884826
2011-02-17,3.189692743203053,4.905570981130027,3.9417002414508464,4.626520158224276,4.0598436604187365,3.4595928145700796
2011-02-18,3.1886478320938045,4.908307240039333,3.9394890912921143,4.628603788942178,4.0567200476103755,3.4635162676548816
2011-02-22,3.187252575463811,4.9147849191777935,3.9101161286792987,4.608329709695874,4.071582788016948,3.4547949636678372
2011-02-23,3.209345308682036,4.923696601787474,3.9018407262903354,4.602166717687067,4.075209322341845,3.4463428412305723
2011-02-24,3.2004289050772647,4.916178052438702,3.9071306097659635,4.601479147860966,4.0815514257823,3.4386916408179244
2011-02-25,3.2222355767972797,4.922750844328117,3.9209286968631196,4.612115463518894,4.0874209426656725,3.4580526895330124
2011-02-28,3.2239192377972588,4.924786903572785,3.9230083585760305,4.618292858078938,4.0887200247356,3.482574342866406
2011-03-01,3.238947090442164,4.941856676650246,3.906778641161303,4.601479147860966,4.091614921051333,3.452387740683073
2011-03-02,3.242916786536931,4.941070817623906,3.9120429179496172,4.603615633570807,4.076122742743469,3.4432198881895717
2011-03-03,3.2425864804107714,4.927905619977531,3.931625902157951,4.6206933026333425,4.066288293991701,3.457539307786729
2011-03-04,3.2475280219694587,4.936988797727853,3.92646427751102,4.6131728235578215,4.074581538328707,3.447900607358541
2011-03-07,3.242916786536931,4.939640428675413,3.912917914325944,4.605290723156789,4.068174507331072,3.440610241728792
2011-03-08,3.2342959483757765,4.937060517483868,3.9169315169536416,4.614002828238926,4.0620606458340855,3.454622845279371
2011-03-09,3.238283889758814,4.937419258033624,3.9101161286792987,4.6125684409823,4.071714879671578,3.4535916240188445
2011-03-10,3.221898367249457,4.925585659068055,3.8943868620075306,4.593889450886204,4.088361722137072,3.4381682812615857
2011-03-11,3.2161503275734455,4.928846627494844,3.9006021389111587,4.600791794616047,4.082698062929543,3.4482465291881472
2011-03-14,3.2188594215354245,4.933466235720573,3.8970554385541525,4.594735609336293,4.082260377239487,3.4381682812615857
2011-03-15,3.1816522372252614,4.914638243114638,3.8827414131429396,4.583212034397894,4.09712129993044,3.432915192372796
2011-03-16,3.187601513132456,4.914418076674192,3.8582964294601214,4.564525876995118,4.10836295751592,3.418058069608925
2011-03-17,3.218182683089603,4.919761932658923,3.8674877495203224,4.577674417649564,4.100667355469857,3.4256909278787426
2011-03-18,3.2239192377972588,4.929931221393206,3.86523134645623,4.581304820169771,4.103346472311299,3.4357202816021624
2011-03-21,3.228618856428496,4.935480616108895,3.884331793328527,4.596683654473551,4.097444154154737,3.4465157829390742
2011-03-22,3.2359595925356914,4.9348336026271715,3.8825281759022667,4.593209290381629,4.100775446439094,3.4400875798241453
2011-03-23,3.2379522741106563,4.94406802372959,3.8881083341814793,4.5960669106802525,4.099486122135417,3.429045007929207
2011-03-24,3.2412646114313275,4.936055424508679,3.9057223753258214,4.605584986421105,4.09194000376703,3.4332662129595084
2011-03-25,3.2439065299511123,4.936342650069017,3.9081887597973153,4.60863615742692,4.08944800091672,3.4410496067916356
2011-03-28,3.2302920396180634,4.931159044132879,3.9027201478717775,4.606195813416876,4.090857068096627,3.439821161095755
2011-03-29,3.2359595925356914,4.928774316193223,3.912402419525498,4.61289214111614,4.083134528414975,3.4438516808614437
2011-03-30,3.2346290038404764,4.932096996561369,3.917121603500527,4.619769741714155,4.091073328079479,3.4582656550881703
2011-03-31,3.250153688251574,4.940641926639739,3.9185152518144415,4.618413028549479,4.089013388105889,3.466336656339803
2011-04-01,3.257013017358863,4.935911725976772,3.9190375305925294,4.622627541971157,4.093863540381022,3.4678749698319153
2011-04-04,3.266086256518944,4.940498885719372,3.915725478136278,4.623453484975587,4.094947039286022,3.467191461269361
2011-04-05,3.267053560795827,4.956179129783885,3.913102668353997,4.623303200783853,4.090929925503549,3.468215954429126
2011-04-06,3.269949872200411,4.958499573969957,3.915550787322609,4.62645077592648,4.0758030336326465,3.4687283425218802
2011-04-07,3.2718760242435727,4.959412134139305,3.9148518708959674,4.623903677940415,4.073812737699232,3.457575784912466
2011-04-08,3.2953318562610123,4.967449422138158,3.9101223202650788,4.620447258394249,4.068487008261444,3.450302541768698
2011-04-11,3.276675127079226,4.96032396927592,3.906780251757307,4.617432343978114,4.06937614554649,3.450997627548887
2011-04-12,3.256035947129361,4.953076804545056,3.899885664908235,4.609930110304713,4.080101703264015,3.4492592790394587
2011-04-13,3.2638256893655857,4.955122541153201,3.9083645116009946,4.609853796079754,4.086350018934127,3.4476930089464544
2011-04-14,3.266408892256321,4.968492966921678,3.9066042212719005,4.6106140205947534,4.085585277722123,3.4620516966704655
2011-04-15,3.2715551478676694,4.977078531606764,3.9048405963242163,4.614255982115642,4.099055724572201,3.474851410816083
2011-04-18,3.265440891063009,4.983127004489708,3.8977544403045705,4.602984112967958,4.101319009198404,3.465823160192641
2011-04-19,3.265763589453417,4.983127004489708,3.9039574238080146,4.608712108483001,4.105616862735698,3.473663759974389
2011-04-20,3.281451451817594,4.987025428457122,3.9263201085637163,4.622252303618415,4.09916342042151,3.4853102346110445
2011-04-21,3.2887311783145403,4.988662350720522,3.9342363807321883,4.627348042548717,4.098300325479304,3.4920010502739642
2011-04-25,3.2858889751415834,4.989547808519958,3.9368045616381835,4.626300792142075,4.102072763164389,3.498646242797428
2011-04-26,3.285572635910972,4.986206013530182,3.9424303103208214,4.634869122240048,4.111708371751968,3.507384124503794
2011-04-27,3.2915653262578135,5.005287667315519,3.9492079005499257,4.641376858777429,4.1014267772381245,3.514743753496244
2011-04-28,3.284306420256344,5.009434622406525,3.947687091875022,4.644614694123511,4.10904106840526,3.5280165264528547
2011-04-29,3.2947050974140035,5.026311741435502,3.9468408292962045,4.646962876222972,4.112134795619625,3.522211524311762
2011-05-02,3.2846231602308724,5.013364923014635,3.9449774865613376,4.6454227557215075,4.113737723857135,3.5236656277203613
2011-05-03,3.2741184864368273,5.009835006503632,3.9402179570833433,4.641819056414901,4.1193825468569125,3.5150694682472263
2011-05-04,3.257989060486476,4.995386254412776,3.9386835528153945,4.635166138451164,4.1238323641309655,3.5093518041404748
2011-05-05,3.1886478320938045,4.96612596261872,3.933207841383391,4.626076372002728,4.1333017208717715,3.5086965313574585
2011-05-06,3.1855059006524242,4.978800591579388,3.936462513391158,4.630482559921362,4.128893504257436,3.499804492474875
2011-05-09,3.221561196131694,4.99301431846962,3.9402179570833433,4.634349742824163,4.127841515202892,3.5049188671604976
2011-05-10,3.230626280250899,4.996536328448899,3.9487012212658525,4.642850042126639,4.1206555292044325,3.5205928184153548
2011-05-11,3.1980145151120385,4.987298382915881,3.941409946345947,4.632269226383523,4.12636604372121,3.510007104009808
2011-05-12,3.1990500787134737,4.987639549319953,3.947348746423743,4.637018812457118,4.1200187138739714,3.5116429081362375
2011-05-13,3.2007733536601033,4.98106919202338,3.9354356661073027,4.629289573745803,4.128998955526166,3.500961862494521
2011-05-16,3.187601513132456,4.979282182849373,3.917993079317867,4.62292776621956,4.134557728866146,3.50244740238843
2011-05-17,3.190040987643065,4.974939067389923,3.920776618484156,4.622777627881003,4.144756231698347,3.5021178945571667
2011-05-18,3.210027744285136,4.980863177682335,3.9290811222100386,4.631674421770215,4.131414347780002,3.511806626077687
2011-05-19,3.2021497300254866,4.981206441500083,3.932005580486111,4.63405300284854,4.13099502619793,3.51604665660408
2011-05-20,3.211391757993068,4.993760414115726,3.9244182476144664,4.626076372002728,4.131520452443285,3.503766414728448
2011-05-23,3.1952483567850556,4.996062977299217,3.909595057294302,4.614407405249583,4.136333904911436,3.493499835670668
2011-05-24,3.208662098733838,5.001190810622523,3.9034273611258867,4.613574180640476,4.140085772983176,3.4964913777713678
2011-05-25,3.226607470454986,5.0011235460473555,3.9073089239142607,4.616903223194651,4.135394558091822,3.5011269931492044
2011-05-26,3.2302920396180634,4.998697664758964,3.913453180360374,4.621500203306927,4.1439270217633934,3.5144179326205953
2011-05-27,3.2359595925356914,5.008633271039758,3.9185152518144415,4.625327517215096,4.143512249599224,3.5201065597832333
2011-05-31,3.2415952798152414,5.008232405401146,3.9345793403261142,4.635685020129954,4.145790102303216,3.5358648607973793
2011-06-01,3.2289537322105017,5.010035138452943,3.912577584896888,4.6129678453262,4.159214668622732,3.5067274462392084
2011-06-02,3.2376204735799208,5.0072963928307415,3.9146767991159,4.6119057972992445,4.139981119985059,3.499473766724746
2011-06-03,3.2415952798152414,5.012100894383968,3.8995308275851417,4.6019113263708125,4.145707303940765,3.5034369969111965
2011-06-06,3.2299575363247945,5.013830156600557,3.8913341563908608,4.591273799199955,4.138100115858075,3.4886613548163043
2011-06-07,3.2392786006716627,5.01343136922531,3.889543213738824,4.590653631423694,4.142692365884738,3.4991428162662532
2011-06-08,3.2475280219694587,5.009367808232606,3.8823479023260186,4.5864576808455215,4.150471444573499,3.4963253641759064
2011-06-09,3.25309906907833,5.014361659621565,3.884151452381673,4.594059881630841,4.146434318346564,3.4854779699430853
2011-06-10,3.2425864804107714,5.005555785160542,3.868714713656666,4.580051739640367,4.1540812070873425,3.459988431086731
2011-06-13,3.2359595925356914,4.995657039828454,3.868714713656666,4.580834874212721,4.149023233032159,3.4641105945500086
2011-06-14,3.242916786536931,5.001729072309024,3.8814445520492957,4.593441131045829,4.1338021620235885,3.478913235986089
2011-06-15,3.215811135944256,5.004751318193098,3.862288425712147,4.5754959473965275,4.151813719639598,3.4627383674387664
2011-06-16,3.211732374858725,5.00374495158579,3.8584129940068244,4.57769794361639,4.156343206128193,3.470602918235297
2011-06-17,3.2072945856440818,5.010235230357471,3.8552760723624195,4.580677342489787,4.151607323780614,3.48009455478056
2011-06-20,3.201805832896377,5.010835265962529,3.860468269718326,4.585780534928923,4.152844820566385,3.492167318860116
2011-06-21,3.202493508930016,5.015689131962452,3.881695140749214,4.599391190612984,4.148403391123177,3.499969699144301
2011-06-22,3.2069525307834383,5.017213645837357,3.8744260587015478,4.593347721859021,4.149023233032159,3.4969889066349817
2011-06-23,3.1855059006524242,4.999506911621143,3.8836844857132027,4.590468140943678,4.156651082560271,3.4765460498114558
2011-06-24,3.1735464772923176,4.985385822285276,3.866184759811533,4.578786825277718,4.15243205184026,3.4766995797081672
2011-06-27,3.173192519930782,4.981755565227957,3.8820566769217475,4.587657888899261,4.138623404543115,3.48095811411266
2011-06-28,3.190736877497776,4.9852491452685035,3.896789303948577,4.600626569441577,4.130539658199636,3.489252571836721
2011-06-29,3.208662098733838,4.991656277734769,3.9008832307421915,4.6091542434754516,4.123878043935666,3.499650436282776
2011-06-30,3.1980145151120385,4.983606621708336,3.914116683126272,4.618671391333366,4.122285798070983,3.5023159340814685
2011-07-01,3.1993949246819327,4.976250816698173,3.929078497082293,4.633339547671115,4.1206848203866215,3.5193091619233896
2011-07-05,3.212753529889367,4.994709176620659,3.934073924404095,4.632517501654955,4.122924508281318,3.5269681110301443
2011-07-06,3.2124131839393595,5.003342121194883,3.93733307336173,4.633712873826051,4.128027794016705,3.5344080339715385
2011-07-07,3.2332964167149387,5.004952470038761,3.9509412113533027,4.644034748409396,4.125054259037914,3.546898220679525
2011-07-08,3.2322959602677948,5.012300573415317,3.948234387390718,4.636917191529327,4.139097784175688,3.5456239198711237
2011-07-11,3.2245921823709005,5.021179483813939,3.9299412679240486,4.618671391333366,4.153981123303776,3.5281034434704552
2011-07-12,3.2332964167149387,5.028933550344254,3.9223212063735455,4.614342847216577,4.157384513573961,3.531503178420475
2011-07-13,3.246870563870039,5.037861276390125,3.9264851077165335,4.6176859874672,4.160159595808405,3.521596643524149
2011-07-14,3.2412646114313275,5.0404529190612335,3.9148174067755668,4.610759623219348,4.14578647888594,3.512249827905097
2011-07-15,3.250153688251574,5.04471458808573,3.9280421585047325,4.616547403748072,4.1474517457450855,3.523226782434523
2011-07-18,3.2445661621029234,5.053503241102627,3.9226688800082226,4.60831229334465,4.13773418042516,3.5161961674663678
2011-07-19,3.251463792918111,5.041229182859341,3.945180399061315,4.624413541978862,4.158310357165619,3.5321495926212916
2011-07-20,3.2547317490824557,5.049984231544226,3.9409233890198445,4.62381075002781,4.146410720715029,3.5393904192297785
2011-07-21,3.2498257642802555,5.042327752654972,3.947556406167667,4.637586590986294,4.138678449228922,3.5473751432938063
2011-07-22,3.257989060486476,5.050624911036392,3.9578440560853108,4.638255542647366,4.1462027236433805,3.5522941520398668
2011-07-25,3.25309906907833,5.058409045625964,3.955828727795742,4.632667149792824,4.1352107452191555,3.542911537366659
2011-07-26,3.2609116331995707,5.061138303349675,3.958347509120681,4.628923979715125,4.142029730975131,3.545145720691396
2011-07-27,3.254079011654213,5.057455280271709,3.932182056397233,4.608235931613005,4.14213477592407,3.516688069311445
2011-07-28,3.2508089181835413,5.058281994119791,3.9339020367265594,4.605322380826768,4.145891311120644,3.5176717135744857
2011-07-29,3.2425864804107714,5.064428751282666,3.930631368418288,4.59846417236564,4.165484514017348,3.5178353528026367
2011-08-01,3.2425864804107714,5.060821316749111,3.925965200454711,4.594202437869635,4.175527507498266,3.502648593576521
2011-08-02,3.2425864804107714,5.0846290004561725,3.9003499146203753,4.568322509447079,4.205111920428097,3.4701916603475524
2011-08-03,3.2276137069659487,5.084443255256481,3.909900775231437,4.573727010553094,4.207078568338857,3.4619103210398765
2011-08-04,3.1889962047211204,5.079165832703865,3.8623153672854977,4.525752804099586,4.242041025891688,3.4118200062723694
2011-08-05,3.193168724623116,5.08605193338101,3.8560194097942952,4.524254968984444,4.212763517600476,3.3865483447820437
2011-08-08,3.155334934187048,5.1187120880309065,3.7939423981884977,4.456914483167354,4.243843150163055,3.295674304302851
2011-08-09,3.165017614448134,5.12758835940979,3.841046487080192,4.502364962629895,4.246870169194492,3.3828049381781
2011-08-10,3.169291178616501,5.162383099795545,3.7992651166584563,4.457181499581692,4.276190016249418,3.3594708817027317
2011-08-11,3.190736877497776,5.140200498450899,3.8423653655201124,4.501086862727749,4.22442363007527,3.409996635785438
2011-08-12,3.1893445346078177,5.135621958071134,3.8511775263998453,4.507797700428303,4.244032785435434,3.409813920344186
2011-08-15,3.2014616621930063,5.146331027313588,3.865817518425685,4.528741925262553,4.233844970138272,3.4456665866459026
2011-08-16,3.2014616621930063,5.158595412844756,3.8573191841033276,4.520166015069127,4.2502655465195165,3.4426685184713013
2011-08-17,3.210027744285136,5.161466173300877,3.8513643177848955,4.5208343646885885,4.267622771350365,3.445490152703824
2011-08-18,3.1851560730300843,5.180209284936395,3.8010333061920787,4.476758981021859,4.287952396558898,3.3999089645254235
2011-08-19,3.202837169691225,5.192679017566118,3.782811492306649,4.460293815428158,4.295989126359949,3.380552694610886
2011-08-22,3.2045540137635813,5.218137129581355,3.7864029150312892,4.461092390817115,4.293467478182619,3.3816797746264102
2011-08-23,3.2147930234162554,5.179927886741884,3.8268025154087573,4.49347266472657,4.279578844751318,3.405973783012128
2011-08-24,3.2045540137635813,5.145457484345788,3.8346138444921567,4.507459154337108,4.250735554683424,3.419079485405392
2011-08-25,3.209003877631189,5.149585316288781,3.8181575822414358,4.492097974136616,4.261498234868677,3.400277807677418
2011-08-26,3.2202112212815277,5.178801587424837,3.842930265629674,4.5065271191084975,4.2713166641447735,3.412365885620178
2011-08-29,3.223582747485187,5.158422911883991,3.870405727738463,4.534858358163899,4.257393587756235,3.446018753255478
2011-08-30,3.236956392207123,5.18794434314548,3.876975967822091,4.537491485738534,4.273342663540361,3.4488308421840514
2011-08-31,3.2386156198825695,5.180209284936395,3.8786120613027983,4.541919653396423,4.25776761118064,3.4600027586055995
2011-09-01,3.2316284076980915,5.181052918935806,3.869489609245812,4.531391350430705,4.278744028314347,3.445490152703824
2011-09-02,3.226271883644002,5.210796798996515,3.8457493372150635,4.5055090858313775,4.3107133038154695,3.4216075081610025
2011-09-06,3.222909351006409,5.20893952202604,3.8459369821880656,4.498185155448154,4.321058595379721,3.417269065394327
2011-09-07,3.231962277337263,5.1766016182042085,3.870954694182205,4.526002390470525,4.301785948457659,3.4542578997021844
2011-09-08,3.2252642953542523,5.2029621723028425,3.8663685295866186,4.515556215315562,4.3107133038154695,3.4465464669416987
2011-09-09,3.209345308682036,5.19683818070965,3.843871275051762,4.488997029317972,4.321323015701533,3.4147296608229674
2011-09-12,3.2069525307834383,5.174283575260324,3.856576328711327,4.495445983050517,4.322377771324732,3.4179933641794324
2011-09-13,3.203867676269113,5.184812628146941,3.8698559822861918,4.504575652287224,4.308043630062578,3.4203438902237755
2011-09-14,3.1990500787134737,5.177335507873756,3.8840458527202473,4.518324561196532,4.316473805354334,3.4268249952055188
2011-09-15,3.2031809448927606,5.161351476477656,3.898749262646547,4.5354348350828,4.3010680280328755,3.4431978197285718
2011-09-16,3.198705035936772,5.17065442812325,3.907873937525674,4.541335762618624,4.308310487203235,3.4528601216258332
2011-09-19,3.1816522372252614,5.1550818843743516,3.9082270525824234,4.531328843230755,4.327197699202388,3.4307648132301845
2011-09-20,3.1798957443816507,5.169233206192005,3.903801203763573,4.530164641289871,4.331385541176278,3.4302283942400185
2011-09-21,3.165017614448134,5.156696175784142,3.8862598546536513,4.500263685766368,4.363933718998716,3.3760320847295886
2011-09-22,3.129046371720648,5.130194547206292,3.853217449733543,4.467405165063421,4.400831314348456,3.351376947566998
2011-09-23,3.1111288715381393,5.0739230524295325,3.8637993997892917,4.473412296506664,4.382056007411443,3.3587159157267115
2011-09-26,3.1145128211056545,5.059933277437384,3.8753663971659726,4.49691411125711,4.365870324650539,3.37258346571997
2011-09-27,3.131263820316709,5.079103613967561,3.885717818619338,4.508035833626609,4.350443701979301,3.382480769510013
2011-09-28,3.103946665149089,5.051265277996151,3.8707922779433726,4.487405565613195,4.350101607967842,3.356774327166087
2011-09-29,3.1156384335602776,5.060694474617326,3.8588011493583405,4.4952780693775045,4.356999386154542,3.3722007941916887
2011-09-30,3.0805336847960305,5.062974692330757,3.83266410270472,4.469971405858924,4.381807837851419,3.3452427224607155
2011-10-03,3.0754724299703473,5.081155928622775,3.806608234826325,4.441100749439934,4.408955785559001,3.2969145022636175
2011-10-04,3.073518891087403,5.060313948454996,3.826932279256183,4.462787216046591,4.3961942914324705,3.335563697250062
2011-10-05,3.0874996137510706,5.071793149178118,3.8522835784497196,4.481132853570217,4.3889694498099505,3.3269920615210733
2011-10-06,3.1081110739914934,5.078231669560518,3.868956962906677,4.499062643192451,4.3703398039962735,3.3540501542420995
2011-10-07,3.103567361268593,5.070035591365523,3.86232106020364,4.4923440599239095,4.362924251193954,3.325789935013812
2011-10-10,3.1257112450594575,5.095405298306144,3.8963209178508715,4.525242535680391,4.3487000161905485,3.3744945645772377
2011-10-11,3.1331077653261508,5.08821346639441,3.9030913297639027,4.526245474949524,4.345348637918829,3.3544395670692575
2011-10-12,3.1349483164595555,5.095343988376486,3.9080502808474264,4.534979245374683,4.330695092195456,3.37066877311865
2011-10-13,3.1371526479218272,5.089446493323736,3.917195609056595,4.532989992676492,4.340602789925529,3.3641316020509433
2011-10-14,3.1596499083596035,5.096201145072685,3.9355832215498507,4.549939449690618,4.3259675842689855,3.3870162380203634
2011-10-17,3.1451935761964602,5.091416160753787,3.9199928704968925,4.530663610044711,4.343108327878591,3.365095553591945
2011-10-18,3.1506393124722187,5.086608170231528,3.93231229957309,4.550021040130199,4.336877770691544,3.3997548948379985
2011-10-19,3.1308944896506192,5.074360954434407,3.912809286804083,4.538121436784531,4.336529805746573,3.3881465601136114
2011-10-20,3.1294164688918595,5.061138303349675,3.907873937525674,4.542487526309232,4.329384738942954,3.3937805584067045
2011-10-21,3.134580510344998,5.072169332996759,3.9203419597298166,4.561296709934919,4.318746171946524,3.426207525135073
2011-10-24,3.150277151885049,5.081528607405563,3.940897520603582,4.573482993468483,4.320423254916355,3.450741118664832
2011-10-25,3.153531559283865,5.1095148315388705,3.9210398484274656,4.553847578234025,4.345521454144635,3.4343326825401452
2011-10-26,3.147738594379999,5.1203861215947075,3.9198185451263607,4.563955041430408,4.327896304663498,3.4416786809453477
2011-10-27,3.173900309412368,5.133147886570809,3.9470333451455577,4.5981972313973,4.293411417899253,3.4880686222869195
2011-10-28,3.169646439194089,5.1335606121467805,3.9485615470566375,4.5979638013023685,4.303874133909471,3.490111170618399
2011-10-31,3.154253234441698,5.120027648983209,3.931622086691419,4.573563000467563,4.3427635164467135,3.478823112995206
2011-11-01,3.1422770777148217,5.120266705776746,3.905219364971096,4.545278161090549,4.3756888826078395,3.4461312720676203
2011-11-02,3.1484644607879275,5.130253667059717,3.913688030857174,4.561457961875244,4.363136333696202,3.465142183530644
2011-11-03,3.160725708516328,5.145865250465043,3.9342071300939887,4.5795210117599146,4.349307991568531,3.478823112995206
2011-11-04,3.16394642409883,5.140786014285712,3.9290299684796417,4.573403531363104,4.35051072884898,3.4707064773043617
2011-11-07,3.178488214113638,5.164671657261265,3.936098525979555,4.579600302340168,4.356843799175949,3.470880000705756
2011-11-08,3.18340572925939,5.156350488067876,3.947542563526249,4.592349474424736,4.343964437498632,3.483798763818084
2011-11-09,3.161084105422865,5.147901413330409,3.911753651528688,4.554741289693605,4.36449261705699,3.4370265249038567
2011-11-10,3.1600086100478824,5.1424819314235215,3.9112258738383185,4.564116183278552,4.349480617577078,3.436846964678694
2011-11-11,3.169646439194089,5.1588254263237525,3.9298949545093222,4.58276342625153,4.343359646970542,3.4633969655653916
2011-11-14,3.158932118751423,5.154446978508486,3.923652205912993,4.573244036824193,4.359314388754097,3.444708567123606
2011-11-15,3.166087658576385,5.155370360748821,3.934723442261029,4.578173911874036,4.357952231526399,3.452155031272099
2011-11-16,3.163589132385535,5.144641541915745,3.9180705846120785,4.562183791695483,4.367029115703009,3.4425704938204325
2011-11-17,3.1400840256647853,5.118592472127474,3.8943525394947156,4.5461795605796596,4.375018953315141,3.4240300428394477
2011-11-18,3.138619452249574,5.121699483540509,3.886621231453867,4.5451143597055985,4.374767974310815,3.4303688245275423
2011-11-21,3.131263820316709,5.096812990337308,3.8673021109636423,4.525911466315619,4.380699670509269,3.404767977538597
2011-11-22,3.1378863190250437,5.107822484296267,3.870609160358432,4.521975645573051,4.391799944129634,3.4001273590136356
2011-11-23,3.122737283878988,5.104914650852011,3.84779018300267,4.4996630056584275,4.401555538681948,3.369518641627924
2011-11-25,3.1145128211056545,5.096201145072685,3.840066413309378,4.4977739421431675,4.386927649034421,3.3739214027038713
2011-11-28,3.1268241624173347,5.115775814853853,3.8742707813878376,4.526329516908801,4.3864309078145585,3.396025287142033
2011-11-29,3.1397181039979913,5.117275020511885,3.8680378413862955,4.529165133062084,4.378197845854518,3.3945291053108804
2011-11-30,3.151363158780431,5.136562879394525,3.9043331442155518,4.569490668538141,4.362458911731315,3.4400705179420137
2011-12-01,3.147738594379999,5.133619623292708,3.9112258738383185,4.569330627724229,4.357428371785116,3.4318118778651105
2011-12-02,3.1564153839109816,5.134739095700523,3.9084035633629615,4.568450103416016,4.371348757652738,3.4309102290192994
2011-12-05,3.151001178642282,5.119908190347716,3.9192944777107117,4.579283493763913,4.369322683933609,3.439354696261706
2011-12-06,3.1564153839109816,5.125034790854872,3.9164951833095873,4.579600302340168,4.359733898672988,3.4377435241093774
2011-12-07,3.147738594379999,5.132262746187755,3.9164951833095873,4.583315674743684,4.363308629762297,3.44861616078246
2011-12-08,3.1349483164595555,5.111867273429484,3.8995336086893,4.561135033345146,4.375721321214661,3.4256634438046913
2011-12-09,3.138619452249574,5.114394491707326,3.915443433877635,4.577935681662333,4.354946547467364,3.4473743971950586
2011-12-12,3.1257112450594575,5.087534638842559,3.904155990330644,4.5632304170018445,4.366024319834932,3.4294655021898635
2011-12-13,3.129786095530207,5.065439066876861,3.8930983388640685,4.553847578234025,4.3753020335138055,3.417650324216728
2011-12-14,3.0936512481424137,5.029718704580426,3.877372624613352,4.543144699194397,4.394016540371482,3.423484215574534
2011-12-15,3.0886559422997935,5.026049232168925,3.874635882437311,4.546752218903818,4.3903010987933095,3.4400705179420137
2011-12-16,3.0967128461069393,5.044907860514929,3.8797712509145112,4.548234041073941,4.401894782858907,3.451094648192585
2011-12-19,3.0921168403477832,5.042586023799624,3.869879378481017,4.537484628277714,4.4144870779813585,3.4423920484307
2011-12-20,3.114888250707701,5.056118381482073,3.899087683452159,4.567296020666202,4.389224843608545,3.4722663944085235
2011-12-21,3.1219924095814657,5.057264417992049,3.884680930069532,4.56923058920734,4.3752180204467,3.471920035374075
2011-12-22,3.1231096390093076,5.050112341611877,3.893170178698588,4.5780506099357705,4.3794069916511695,3.4861920789297276
2011-12-23,3.1279360096816924,5.051841199288377,3.9017662693002735,4.586951487330203,4.368224759900721,3.490533041936226
2011-12-27,3.132370495462973,5.04284432675851,3.9054894861075127,4.587742281969312,4.372963933137692,3.4949920945087247
2011-12-28,3.120500910223057,5.017478484495729,3.8938644421774984,4.574531868326508,4.391283980221679,3.4829417562888643
2011-12-29,3.1234815198213455,5.012899371390473,3.901033813459792,4.584813088290179,4.393105950490246,3.4917352185503825
2011-12-30,3.1219924095814657,5.023814765349984,3.898172415632625,4.579885399043136,4.396327235111274,3.4874344780915094
2012-01-03,3.151363158780431,5.049343043455753,3.9171565196247897,4.595695279974937,4.381203083979161,3.4958474009815372
2012-01-04,3.158932118751423,5.054397006377745,3.9213653682547314,4.5972627225040705,4.369242706945303,3.478602359714929
2012-01-05,3.1451935761964602,5.061201649930202,3.929557056476207,4.599921910263011,4.367461368964849,3.487951456010877
2012-01-06,3.1495525187627025,5.057518860581888,3.9330228055662557,4.597341080155422,4.37532440380345,3.4846715308748872
2012-01-09,3.1506393124722187,5.0530560099802075,3.9297309667954416,4.5997654393866005,4.373554645502008,3.481207693228011
2012-01-10,3.1578542240890415,5.0666374803641405,3.9369935870749466,4.608398915779679,4.371865570138744,3.4922502106072564
2012-01-11,3.1549744704884377,5.073109173883866,3.93905877923128,4.608940687114494,4.384796841955679,3.499260638424103
2012-01-12,3.1408156325233607,5.077546029824153,3.943005712490234,4.611337348151361,4.383377745590681,3.4919068733295835
2012-01-13,3.138619452249574,5.070538052337498,3.9394028358387416,4.606150311587134,4.393271462526155,3.494135824117742
2012-01-17,3.145557500108192,5.07829394257007,3.948471141921299,4.610023501879024,4.397893398199231,3.5023228297018876
2012-01-18,3.1459214557634665,5.085124183856274,3.9616694022793393,4.62101911477631,4.385714550979727,3.5092632418364365
2012-01-19,3.150277151885049,5.082769899427116,3.9678693117475157,4.626281893186981,4.371865570138744,3.5131354153299905
2012-01-20,3.1430068355418057,5.088028385861727,3.966364718730096,4.630002127667447,4.360475535263347,3.5193337936396856
2012-01-23,3.1546138768088947,5.094731336894254,3.966699436972602,4.627422361838898,4.354129800702941,3.5241650018822104
2012-01-24,3.1564153839109816,5.0876580278159995,3.9648577861332632,4.626281893186981,4.355934828374492,3.5317811888519537
2012-01-25,3.164660624781219,5.1145147024696715,3.9773465453155565,4.6346144666825335,4.353527694431144,3.5445638455402277
2012-01-26,3.167512739162686,5.119609298866219,3.9738656495154046,4.629471724953554,4.366696716933551,3.5515420432536655
2012-01-27,3.1710664608375416,5.1297211915969365,3.9768500667821294,4.629016433700616,4.36983533131466,3.551864960467806
2012-01-30,3.160725708516328,5.124142527625058,3.977677679901138,4.625596957251703,4.381538234175773,3.5444011066341696
2012-01-31,3.1582136514205037,5.1317313397204,3.978999981209044,4.625216251094012,4.393022759738143,3.549275189355227
2012-02-01,3.1614424547311186,5.133206832085956,3.987062490479677,4.6339355127671435,4.381501499103149,3.5591133724223156
2012-02-02,3.16394642409883,5.141955929264934,3.9901716193187653,4.635519244126554,4.381082623867205,3.561357733816318
2012-02-03,3.175667355499763,5.121818819416024,4.003801482250035,4.649440379023355,4.359358679207385,3.5751927030000386
2012-02-06,3.180598569106888,5.119071032460632,4.0029951485178925,4.648771493348693,4.369260866532919,3.5720287963488997
2012-02-07,3.1798957443816507,5.1340321542569285,4.005090195870225,4.651297200185955,4.356782085756131,3.569491110043658
2012-02-08,3.184456208364464,5.126935749792416,4.010387487158146,4.6542606125751815,4.357556112936173,3.5712362530978057
2012-02-09,3.189692743203053,5.124083045364989,4.017566182624994,4.655516842575059,4.350050702252257,3.5639165500015832
2012-02-10,3.180247337437689,5.1188317809215516,4.010547617895971,4.648102159966504,4.3629554540540045,3.5546098086139346
2012-02-13,3.1827047171915024,5.121043018182543,4.01978927057855,4.655516842575059,4.364237137370652,3.564714697443275
2012-02-14,3.1823539872237516,5.1187120880309065,4.022323622579786,4.6542606125751815,4.369515935252432,3.554448260165711
2012-02-15,3.185855369372438,5.124618530675635,4.015338347953491,4.649589121720878,4.367730634293496,3.548464508508989
2012-02-16,3.1903888753553935,5.123963979403259,4.028946092984609,4.660601832452132,4.359702107525611,3.5589527671387735
2012-02-17,3.1886478320938045,5.120087464128895,4.025797910744269,4.663243949708729,4.359445205776827,3.5597553187160416
2012-02-21,3.2042109426092567,5.141780533710039,4.028632053076557,4.6636839245178585,4.3483178710519095,3.5440755493486416
2012-02-22,3.213433874480281,5.152944727649355,4.024062309599792,4.660454430185812,4.36081604759691,3.5355675286757116
2012-02-23,3.216489404190684,5.153407219445679,4.030673449065625,4.664855502480115,4.36081604759691,3.5479776745583216
2012-02-24,3.2225725206483036,5.148830768040938,4.034118762963714,4.66704897562574,4.367305368959501,3.549275189355227
2012-02-27,3.214453371010026,5.145748750129651,4.035525264370061,4.668727371739137,4.376117409616636,3.5476531699260665
2012-02-28,3.214113679858979,5.156119992500949,4.045622411791928,4.671639510610275,4.3728218792343485,3.541791687240188
2012-02-29,3.210368979886077,5.101633118052293,4.041130028390185,4.6677061807940055,4.366709209301948,3.5377012464893296
2012-03-01,3.225936108419521,5.115655755604332,4.049017024167203,4.672873754187156,4.357250464801652,3.5437493347268467
2012-03-02,3.215811135944256,5.114033864424734,4.0482464841781,4.669820399992091,4.366598999923387,3.5422818726081067
2012-03-05,3.2110507943881865,5.109877091900051,4.037864440736449,4.665733555354184,4.35862870964144,3.5523501247243368
2012-03-06,3.1945557567813676,5.09190799546803,4.028002726093331,4.651000346223682,4.370687681057367,3.539012487429342
2012-03-07,3.1990500787134737,5.097607811281374,4.035681285420948,4.657951847457881,4.3645478394584325,3.5444011066341696
2012-03-08,3.2072945856440818,5.107640997985661,4.046394842204837,4.667851729836818,4.354489537713478,3.5391759948001664
2012-03-09,3.210027744285136,5.114274358203094,4.050556059537481,4.6717119664045095,4.356474831215828,3.5440755493486416
2012-03-12,3.208662098733838,5.106369670729829,4.05101720241494,4.671784631081042,4.35630213639889,3.55138010783622
2012-03-13,3.2130936065706868,5.089446493323736,4.069447716906817,4.68965019659006,4.338552036408394,3.5713948978110515
2012-03-14,3.2062678380715206,5.072482743322057,4.072912728392966,4.688578570691716,4.313033831306522,3.5686964446659215
2012-03-15,3.2069525307834383,5.0819011473506155,4.075766179891572,4.694351238930227,4.31456351228013,3.567264841402717
2012-03-16,3.2191975809604854,5.083266004050926,4.075059672733259,4.695735155118637,4.316540093506512,3.5729791055387246
2012-03-19,3.2175058683514557,5.085062240321186,4.082100387258148,4.699647721655251,4.304532542097764,3.5799190217000336
2012-03-20,3.205239803180545,5.075986015827188,4.08388990232738,4.696732381293998,4.308521232450223,3.5785035127087546
2012-03-21,3.202837169691225,5.076485496565289,4.084039456911324,4.695093401205394,4.319764877650937,3.57708546397272
2012-03-22,3.194902077672508,5.072482743322057,4.081951314828239,4.687863725620139,4.322981015839052,3.5632774865579773
2012-03-23,3.2045540137635813,5.084690876368537,4.081354158687651,4.691091039628318,4.332388151264977,3.569491110043658
2012-03-26,3.209003877631189,5.102302445496071,4.098681293169058,4.705028915461215,4.327251594896503,3.5811426338334718
2012-03-27,3.2048969672604524,5.09522154418845,4.100148280266426,4.701916780941861,4.334417565949432,3.581300883024235
2012-03-28,3.1952483567850556,5.084567026239127,4.096182573378867,4.696945878665406,4.333006522727543,3.5797172630595835
2012-03-29,3.181301137862081,5.08314197731416,4.09234786494798,4.695235715661942,4.340481115845109,3.5801926124290455
2012-03-30,3.1924744472618953,5.0883367716415995,4.090425173711062,4.699363353672281,4.323426662843231,3.588395879261402
2012-04-02,3.205239803180545,5.093382049865964,4.100734384618306,4.706651567345471,4.328951494760252,3.5954408909588818
2012-04-03,3.2007733536601033,5.074486074980007,4.100441912512667,4.702553826148298,4.311470696182028,3.5915333114652475
2012-04-04,3.1851560730300843,5.057582533909784,4.086717499550456,4.692593706936911,4.325122572692885,3.580509173956984
2012-04-05,3.1889962047211204,5.064555120664005,4.092938685015053,4.6920931852525385,4.332322203813046,3.5767015651270033
2012-04-09,3.184456208364464,5.071228512233326,4.0853794388705085,4.680798798562081,4.355434688936004,3.565994572308748
2012-04-10,3.1710664608375416,5.082025328069431,4.069179656480793,4.66387135702157,4.3667077567089905,3.5442298551135356
2012-04-11,3.1735464772923176,5.081839098574858,4.074007150688449,4.67193315609977,4.354655292817308,3.556956460576592
2012-04-12,3.1865540982409457,5.09190799546803,4.0853794388705085,4.68491384711122,4.350489272865635,3.5706430700708993
2012-04-13,3.176373316495454,5.080472291630422,4.0700866781597815,4.672954462020566,4.366537304485271,3.5664763803455464
2012-04-16,3.1664442196619142,5.078044732166885,4.058843703034585,4.672297630496481,4.365080302545455,3.5800341877442348
2012-04-17,3.1710664608375416,5.076735095800779,4.078961122439214,4.687001384066396,4.364480582244937,3.5885527740109695
2012-04-18,3.1614424547311186,5.070851974259925,4.07641205710509,4.683616442728046,4.367392371963966,3.5817753742464236
2012-04-19,3.1618005141209355,5.0716049084792445,4.065088305532887,4.677174621269854,4.368332663250751,3.5817753742464236
2012-04-20,3.1657311312261887,5.072294632400325,4.062351890411008,4.6788432098755175,4.368503389747511,3.5938795231897793
2012-04-23,3.16394642409883,5.069344402954266,4.053174323227952,4.670399024374384,4.375738019968847,3.583513852180154
2012-04-24,3.16394642409883,5.070789236073302,4.047782129887084,4.674193350798747,4.368674377049777,3.5984005813254236
2012-04-25,3.169646439194089,5.072795959857633,4.074007150688449,4.687791798561451,4.363536465887026,3.6098453045742374
2012-04-26,3.171775596241314,5.08159067544931,4.079859125811944,4.69473665445989,4.369528006184511,3.6123027194631865
2012-04-27,3.1749609754900794,5.083761862676975,4.085825572564472,4.696376149231087,4.37038100374254,3.619181773346224
2012-04-30,3.178840302308815,5.086855350170826,4.07866156563446,4.692665219546422,4.370636944465248,3.616588794678236
2012-05-01,3.178840302308815,5.083390015406969,4.0803077285599425,4.698866487619964,4.365436801181812,3.627374656657802
2012-05-02,3.1657311312261887,5.078854510269306,4.083144751269671,4.695877866026856,4.372454620654721,3.6258628049404957
2012-05-03,3.1546138768088947,5.0687155128516075,4.072501020057132,4.688223002477508,4.372199144786196,3.622375807580846
2012-05-04,3.136785486187183,5.071855824414632,4.047318292906337,4.67193315609977,4.380016845862346,3.613529011781843
2012-05-07,3.134580510344998,5.069407231849766,4.04824541893389,4.672662399987822,4.380186258137362,3.62055202584338
2012-05-08,3.1308944896506192,5.049856007249537,4.044532214042131,4.668643099933229,4.385503592383085,3.6187245026551316
2012-05-09,3.1231096390093076,5.039999910628685,4.041427901456024,4.662693582787766,4.386176413906605,3.6155189712160367
2012-05-10,3.1234815198213455,5.041940171529895,4.03940453537105,4.664754011883613,4.383228209704076,3.616282837408974
2012-05-11,3.1160133563314676,5.034091354233885,4.039248959831591,4.661735352907992,4.391463114668324,3.6184198122000626
2012-05-14,3.1028081502530984,5.019462894798681,4.029856427727427,4.650612058823883,4.405341751487918,3.6056851209805987
2012-05-15,3.1047051836532766,5.008900493487219,4.026547496143905,4.6448539841804655,4.409376233088424,3.6004207397870873
2012-05-16,3.103567361268593,5.007028843422972,4.019739196146767,4.641022209033383,4.412249751287794,3.5893381429201883
2012-05-17,3.1012877393850435,5.0291298967046565,3.9983813410160955,4.6260800330548975,4.429798119300024,3.5597087659611
2012-05-18,3.100526709142625,5.040517688324212,3.9853117410372176,4.617484494595741,4.430039933789854,3.5475083992078114
2012-05-21,3.11376196254545,5.041164459664439,4.012883742450475,4.634526677703476,4.42794338641842,3.569042683350628
2012-05-22,3.0993841197264107,5.024406710220249,4.011763456614556,4.636267830223162,4.4167472287419205,3.5709628832168936
2012-05-23,3.088270705956186,5.02137735842388,4.013683247842219,4.6367972285913,4.4236588477534164,3.5724007780010227
2012-05-24,3.0886559422997935,5.019991413206988,4.007107815267368,4.638760872903389,4.419843048844042,3.5768603052767527
2012-05-25,3.0921168403477832,5.028344179905986,4.00581996425293,4.635511398688203,4.4235777944408765,3.5728794029810356
2012-05-29,3.0878852341765253,5.0174123066659755,4.018467383263159,4.647550560330062,4.42049334915349,3.5869811337326123
2012-05-30,3.0692075892520525,5.02328826432667,4.010000398647086,4.632934174512677,4.445538893051987,3.5629369255374583
2012-05-31,3.0605291772453387,5.02137735842388,4.005658866196001,4.630730609802452,4.4570466731665155,3.5704830177803686
2012-06-01,3.03971181439497,5.059425458265688,3.978711751473893,4.605231448149612,4.480509937801546,3.545706568787653
2012-06-04,3.045359231911043,5.058281994119791,3.986297578780545,4.6047630749313875,4.472576463964617,3.5387965414045937
2012-06-05,3.041732366871189,5.05713712386355,3.990396464611583,4.612306905618262,4.459110162475964,3.55922368538116
2012-06-06,3.060132860031004,5.057582533909784,4.013043749844261,4.634526677703476,4.438923686406272,3.5811426338334718
2012-06-07,3.053372044597989,5.0401940963378005,4.009037041239055,4.635132672074171,4.440441138473167,3.5739962316721767
2012-06-08,3.0565592782386664,5.041681634889218,4.018626225476593,4.643053026556784,4.440202006365034,3.5880813830065046
2012-06-11,3.03809239119678,5.045745008471642,4.0016225384800945,4.630274180222296,4.444744007140004,3.5653515484933624
2012-06-12,3.0429427233986783,5.052800429168011,4.013683247842219,4.641699312328759,4.435559374434216,3.574792577399722
2012-06-13,3.035252028927228,5.057009813529191,4.006786285554739,4.635284372412027,4.445379841090844,3.56968290905178
2012-06-14,3.046966939094303,5.061011501421323,4.010481383852353,4.645828959180657,4.4441075893932105,3.584144776785257
2012-06-15,3.045359231911043,5.061581838512957,4.022829108513141,4.6560041730974575,4.449661111222417,3.5902795195539174
2012-06-18,3.046163227238511,5.062151850505601,4.032151987827739,4.657940629819818,4.455026879822566,3.5985560187194117
2012-06-19,3.054568403014221,5.057264417992049,4.042478899473183,4.6675667749714975,4.441877516140137,3.6025915327965534
2012-06-20,3.03809239119678,5.049663688890259,4.043256771897894,4.665944153269584,4.446809236843931,3.6021268188386557
2012-06-21,3.0163834791428172,5.024012119242491,4.01805472827114,4.643249800572673,4.452110803992682,3.5857215119924795
2012-06-22,3.02627224922309,5.0280822037013415,4.028528098127049,4.650921636727057,4.438683019620258,3.585879355434843
2012-06-25,3.0364702496522193,5.035392909496409,4.009081700078246,4.6347568388354325,4.453136239620487,3.580768365136371
2012-06-26,3.0433458199349324,5.027951139868219,4.01533944883489,4.639770620585466,4.449186199789107,3.58411491323942
2012-06-27,3.0489729903225364,5.029326204520735,4.021399152165251,4.648746732852625,4.450768391260102,3.5880842310018717
2012-06-28,3.03809239119678,5.017610928036308,4.010207758956631,4.645888952524271,4.453215109906706,3.5989580187060404
2012-06-29,3.0805336847960305,5.0446501884152575,4.041233217963906,4.6705103066497085,4.440122192968174,3.62418558643806
2012-07-02,3.078590105666951,5.04400556995856,4.044189607973596,4.673518236992785,4.45038735092813,3.6351294911497525
2012-07-03,3.106220326006286,5.059171500394878,4.05254660198581,4.680089340492882,4.442672528811164,3.6410080047977833
2012-07-05,3.1099982537942306,5.047802571391068,4.05316272933192,4.675566816210706,4.447769576518264,3.6348268398485906
2012-07-06,3.0867281006489544,5.035067753915632,4.040609492933177,4.66601788436871,4.457020218869166,3.6372438826568376
2012-07-09,3.1043261674272133,5.037212265361488,4.0387360474548135,4.664762637547276,4.465796302311101,3.63829905317259
2012-07-10,3.091348795979185,5.024866836227859,4.028843392557219,4.6560041730974575,4.467822403293853,3.6275423865096976
2012-07-11,3.102428157053095,5.030372595684667,4.023305124570944,4.656152957772736,4.469067392348126,3.6286080406811947
2012-07-12,3.1047051836532766,5.027754561903976,4.013898941358695,4.65129647163904,4.47611831700721,3.631646841659522
2012-07-13,3.116762611443496,5.037861276390125,4.029001273986965,4.667935208526424,4.473490018938315,3.6438590880075696
2012-07-16,3.129046371720648,5.038315353406736,4.026157289070612,4.665574626167432,4.4781248457689795,3.6458054862466756
2012-07-17,3.1301556689672867,5.033505116141021,4.031365358029342,4.672418688233073,4.4702332126662085,3.655332442000773
2012-07-18,3.1389856934449414,5.030764685331034,4.044811371909254,4.679798576289662,4.470776605380057,3.6493884789182567
2012-07-19,3.151001178642282,5.032918534171453,4.055777489769302,4.682415028582355,4.468211732800124,3.6389017660404823
2012-07-20,3.151001178642282,5.034807434151742,4.042478899473183,4.673225056654634,4.480355920157665,3.633616829624926
2012-07-23,3.129786095530207,5.030633972626057,4.030263089942099,4.66306143975576,4.485953656863761,3.626323118352695
2012-07-24,3.123853597986219,5.0338308795294395,4.0223524558109744,4.654437473109418,4.493798069238593,3.62296191045888
2012-07-25,3.131263820316709,5.047738370285346,4.015659272361624,4.654661209525181,4.496374023322158,3.6225024927782377
2012-07-26,3.1331077653261508,5.054779790333491,4.028843392557219,4.671024245767775,4.487175431296059,3.6313432353475115
2012-07-27,3.143371885096234,5.059679351658272,4.052237964868173,4.689288907226312,4.4681338615242785,3.64085792776296
2012-07-30,3.1491898006959596,5.058980868502883,4.0514671164323985,4.689288907226312,4.475578167385399,3.645506447723496
2012-07-31,3.1371526479218272,5.052992145277413,4.051158278682364,4.682270100718322,4.477584652388455,3.6440087153460006
2012-08-01,3.138619452249574,5.044327931128527,4.048222183012219,4.6813981127312685,4.472572979504134,3.639202886080993
2012-08-02,3.1301556689672867,5.0377964338384595,4.044655833530012,4.67446944770724,4.4782259371356945,3.6420594129490063
2012-08-03,3.1470120367502368,5.04696724296279,4.063428614142987,4.694108498833047,4.461956186155835,3.649835513665518
2012-08-06,3.1528092814301947,5.051777256952433,4.071021708105596,4.696044800792817,4.4623491259206896,3.64879255171806
2012-08-07,3.160367264006364,5.05164926237587,4.079307964128956,4.701045613502723,4.449399924472139,3.6369418706995087
2012-08-08,3.163231632309651,5.052928178982948,4.0788575565773995,4.702256090394989,4.444060175606859,3.630128494320623
2012-08-09,3.171421091398554,5.056182144042761,4.08185546161889,4.7031104324090025,4.443341254198259,3.626932583141224
2012-08-10,3.166087658576385,5.057391598840377,4.082453734022249,4.704744830690453,4.448365829072223,3.628303712872007
2012-08-13,3.1582136514205037,5.049791937845624,4.084843892600526,4.704247453515779,4.4466933869827185,3.6275423865096976
2012-08-14,3.159291077958252,5.044263506551856,4.085291612517202,4.704389438480328,4.433054338413584,3.6254076652474247
2012-08-15,3.167868712285777,5.047481426591412,4.087823675442112,4.705525559157533,4.418898332151788,3.629976269714491
2012-08-16,3.171775596241314,5.053439307493759,4.099654928102404,4.71287712876033,4.410341201492511,3.6375454018671154
2012-08-17,3.173192519930782,5.054460781425356,4.104055193089305,4.71421383671648,4.415204712145185,3.637847331993865
2012-08-20,3.1777837451009465,5.05790045163291,4.105518473171602,4.714284093490652,4.417257865162074,3.6349784285711633
2012-08-21,3.1869033584498494,5.067834459375457,4.101564200941595,4.71125563565613,4.421680588902157,3.6370928378614247
2012-08-22,3.1921272061019303,5.078543090882905,4.105664325166286,4.711679173674278,4.4380503060363505,3.636489234406939
2012-08-23,3.187252575463811,5.086917088483252,4.097447513369979,4.703465657015528,4.442221045626495,3.6334656391508475
2012-08-24,3.1827047171915024,5.087411140434906,4.103616427421326,4.709490197740876,4.441260842932718,3.6367910816763223
2012-08-27,3.178136081375027,5.083637897428502,4.105226013556187,4.709702019760862,4.4470918327456515,3.639804954442904
2012-08-28,3.178840302308815,5.08537163643428,4.105226013556187,4.708712697232661,4.449479000835297,3.643259755757101
2012-08-29,3.180598569106888,5.078854510269306,4.105226013556187,4.709490197740876,4.4450987307461105,3.642959954878345
2012-08-30,3.1816522372252614,5.078418572015093,4.0950868810363446,4.702256090394989,4.450272983787573,3.64070752797994
2012-08-31,3.1921272061019303,5.101206999713983,4.101711009444305,4.707014012029502,4.464307471664931,3.6438590880075696
2012-09-04,3.1924744472618953,5.102788956291235,4.100683276089144,4.706092377154113,4.463303192938721,3.6508782805281865
2012-09-05,3.187601513132456,5.101754872605202,4.099654928102404,4.705241753518043,4.45857938454178,3.649090609328559
2012-09-06,3.187252575463811,5.105278581211309,4.121611291701056,4.725334958793256,4.441788313892486,3.657995505913121
2012-09-07,3.1983598740644585,5.126579617787946,4.12017200785141,4.729222320945373,4.437123003330355,3.658881521960663
2012-09-10,3.199739651772643,5.119728793210084,4.1072704955259765,4.723524754252136,4.439539100998106,3.651027059451698
2012-09-11,3.201805832896377,5.123368527731406,4.105664325166286,4.726308250754834,4.4332457161407905,3.653998196472029
2012-09-12,3.2069525307834383,5.12348766460805,4.108582610503949,4.729638723099378,4.420702926720575,3.6560729100614653
2012-09-13,3.213773796594452,5.143474766490973,4.122043038080397,4.744759224701939,4.416761229826268,3.6682850992232976
2012-09-14,3.224255614921686,5.146331027313588,4.130916510243813,4.749184059752054,4.389823726251746,3.6738269464113826
2012-09-17,3.19628670935908,5.138148578576461,4.131343768466561,4.745782013372239,4.401755658043528,3.670914131012745
2012-09-18,3.1889962047211204,5.145865250465043,4.132198166169264,4.744964370328187,4.406754509331897,3.6613880381209967
2012-09-19,3.174253936604111,5.145981737229689,4.134045872858346,4.745509937791889,4.413298656419399,3.6557765323283915
2012-09-20,3.1798957443816507,5.1444083313098075,4.133051467513404,4.745578029926873,4.415772842990666,3.64085792776296
2012-09-21,3.1865540982409457,5.147261930671271,4.1333363918007855,4.745159790116183,4.416925359498657,3.6410080047977833
2012-09-24,3.176020358477909,5.141955929264934,4.12747457355956,4.743650298657389,4.42471029853222,3.637290075312555
2012-09-25,3.17707885901217,5.14031764691795,4.113322650676207,4.732951560296536,4.434539906784379,3.622431763037871
2012-09-26,3.1700015736064193,5.134680150580928,4.105145447946571,4.7273146953815735,4.4452333870901635,3.6222771389649187
2012-09-27,3.1823539872237516,5.1494692485622915,4.118834075834024,4.736692028699282,4.438090341382878,3.6265897858736285
2012-09-28,3.1882990234095483,5.146854733789239,4.1105558804923765,4.73204923264593,4.4386535517544905,3.625051333251597
2012-10-01,3.189692743203053,5.149179064575905,4.109096136890829,4.734685278598338,4.442358065248799,3.6176358666434103
2012-10-02,3.184456208364464,5.14807573868243,4.112013308953729,4.7357236401171106,4.440990260094739,3.625205224082721
2012-10-03,3.1671567196212287,5.149875382428461,4.118400382867136,4.739798255637447,4.441312254383785,3.627204362811251
2012-10-04,3.1886478320938045,5.156811407769505,4.121866898172409,4.746940687515062,4.42876283791073,3.62689646202916
2012-10-05,3.18340572925939,5.15109261850503,4.1165174813785335,4.747009013324859,4.415724435328434,3.6281250645663574
2012-10-08,3.180598569106888,5.147785149981111,4.107342229653349,4.743581809399198,4.42410836395946,3.6259747294397173
2012-10-09,3.1879504077763072,5.141605107386146,4.091266136406054,4.733645032617015,4.422305970995478,3.6222771389649187
2012-10-10,3.1862048736621538,5.140727424537364,4.086198630192096,4.727244672924053,4.4293336896927515,3.6262823049434743
2012-10-11,3.1976692706330954,5.143533195498855,4.0830555710228635,4.72780302812719,4.436230613528062,3.6255133411403726
2012-10-12,3.1837559325662212,5.1361513016015,4.082606012364192,4.724518903419457,4.4387347439881415,3.6219683289093463
2012-10-15,3.178840302308815,5.126045181862002,4.089926936174506,4.732813103571763,4.436473225888085,3.628585350990569
2012-10-16,3.1795440276644555,5.132380828195621,4.103971321670187,4.7428947308444895,4.422552168017536,3.6347018071557007
2012-10-17,3.1798957443816507,5.133088847579768,4.103384150702419,4.747419796664534,4.413244490240692,3.631953990164704
2012-10-18,3.1795440276644555,5.128655298924384,4.091712393216939,4.744817150095044,4.407103062400677,3.6421432580179585
2012-10-19,3.16430358820035,5.117814162871778,4.06749526902851,4.728012491230969,4.420582727795797,3.633786740436268
2012-10-22,3.1596499083596035,5.121460860111592,4.072658394904654,4.728151614184443,4.414155496627523,3.6287390028068414
2012-10-23,3.147375545448347,5.108548100345099,4.063070119290199,4.714178056540164,4.428355017103723,3.618566337129362
2012-10-24,3.144465166434849,5.1050966325873235,4.0595466154414215,4.711346134471045,4.418444536218308,3.6177912099809144
2012-10-25,3.1470120367502368,5.1121082887615055,4.0595466154414215,4.714249136744833,4.4133280491245195,3.614996465100631
2012-10-26,3.1491898006959596,5.111565968534282,4.06245816436521,4.7136832968765106,4.427947576433795,3.6062518757425477
2012-10-31,3.1484644607879275,5.116975340843155,4.056318259784529,4.7136832968765106,4.4338022431873405,3.6159288806461585
2012-11-01,3.150277151885049,5.112409430321863,4.070383604692316,4.724099415099651,4.425580611702576,3.620732542538193
2012-11-02,3.1331077653261508,5.091293234650706,4.059699986706688,4.7151677989679275,4.424845444046177,3.627357719855047
2012-11-05,3.1415466220968233,5.09516022299146,4.066276458817492,4.717214264672135,4.430472326852239,3.620732542538193
2012-11-06,3.159291077958252,5.113793404549801,4.068104280696117,4.725008738372612,4.420993638277452,3.625051333251597
2012-11-07,3.140449896000146,5.114935280550719,4.044236601276258,4.702084234158884,4.438976749648615,3.620577961807486
2012-11-08,3.141911957800345,5.123904486521474,4.028371771909636,4.689987595337273,4.453706132897691,3.6086016698822205
2012-11-09,3.1499149418309695,5.1228920200852235,4.032637586199952,4.690856680581556,4.4548183447619865,3.6059381798910994
2012-11-12,3.1451935761964602,5.120684781015323,4.0324801426074455,4.691652381695718,4.456483549867947,3.6035821113673903
2012-11-13,3.143371885096234,5.118592472127474,4.025517888732928,4.688174834848533,4.459806723143298,3.602795485360514
2012-11-14,3.1462850328887964,5.1188317809215516,4.013698754519274,4.6745841927434695,4.460754138575018,3.5838894252712237
2012-11-15,3.1422770777148217,5.112529788061962,4.010318891363816,4.672890723336032,4.458779011293417,3.579227746768179
2012-11-16,3.146648723898827,5.1112646648139926,4.014662315553625,4.6778157005476375,4.457908930036985,3.5853321358438603
2012-11-19,3.1653744767189047,5.123189841247455,4.038140421886328,4.697852821248733,4.4522745674443,3.5975885528154197
2012-11-20,3.158572949610375,5.120326415468244,4.038454045253462,4.698284366706458,4.442197249348851,3.6049965014737086
2012-11-21,3.162873923693304,5.121341481508494,4.040489397973478,4.700149819668598,4.441634324723712,3.60326736898766
2012-11-23,3.1664442196619142,5.1335016874823065,4.055548304263053,4.7136832968765106,4.4406685218349375,3.6106341413883483
2012-11-26,3.165017614448134,5.132439818941432,4.059853597690531,4.7115583868974635,4.4454074107164585,3.6126616669695526
2012-11-27,3.163589132385535,5.128181304413196,4.056472457110327,4.706440614929694,4.449325924015442,3.607035788619785
2012-11-28,3.160367264006364,5.1152955829630615,4.065056226763138,4.714461321122224,4.4478877125778356,3.605781295055749
2012-11-29,3.1671567196212287,5.119071032460632,4.070990860400907,4.719116116760191,4.448047883856093,3.611258599859498
2012-11-30,3.167868712285777,5.1122889662013025,4.069320605769924,4.7193269307422065,4.445326937505289,3.6132847581556864
2012-12-03,3.1703565819430715,5.1127706437899025,4.067342696867983,4.71439046119872,4.446250155260995,3.6173259270863123
2012-12-04,3.1614424547311186,5.10242411858754,4.066733547859949,4.712975152640766,4.452009082896546,3.618875790249403
2012-12-05,3.160367264006364,5.100597837822507,4.055548304263053,4.714744095233174,4.451530926266595,3.6157736581182465
2012-12-06,3.151363158780431,5.1029105702054265,4.061998919453583,4.718130208223924,4.45368260836211,3.625051333251597
2012-12-07,3.150277151885049,5.10691472319099,4.056010322286935,4.721154186816598,4.444403583434627,3.6287390028068414
2012-12-10,3.148101675333471,5.110782261107454,4.058932433954243,4.721575659200077,4.448813655055908,3.6282786857918436
2012-12-11,3.1462850328887964,5.109877091900051,4.07190059794958,4.7283605995860425,4.44118363091049,3.6307301868124484
2012-12-12,3.151001178642282,5.110601311210201,4.06977617547912,4.728848759064939,4.429505772965836,3.6279714197377646
2012-12-13,3.141911957800345,5.102119954512207,4.061845900400508,4.722698129975076,4.430239523051088,3.6202685243612684
2012-12-14,3.148101675333471,5.100658826493508,4.052307325351942,4.718974709669537,4.437711023286922,3.6201141783485618
2012-12-17,3.147375545448347,5.102545776876468,4.065513873773043,4.730658849146569,4.422629641595056,3.625359294478562
2012-12-18,3.1499149418309695,5.088090051797601,4.080654683677733,4.741725965536695,4.412393159793644,3.6356161378782366
2012-12-19,3.153531559283865,5.085680936851026,4.076287058193246,4.734269363693197,4.41570691578746,3.634244328102966
2012-12-20,3.148827278336546,5.073484863053847,4.076287058193246,4.74000502144064,4.415872140518364,3.647274583977049
2012-12-21,3.1470120367502368,5.077234202621283,4.065714290198871,4.730886486540901,4.4267286349517345,3.64561739019685
2012-12-24,3.1437363902006883,5.079041296360537,4.063718608414961,4.727800126107246,4.424927582395252,3.646944160465668
2012-12-26,3.153892380548238,5.080036963307433,4.054920087873091,4.723576399824444,4.428517528139012,3.6422082106285565
2012-12-27,3.153892380548238,5.082397683046585,4.053368219497236,4.72223525834984,4.431867377541137,3.6458773696220037
2012-12-28,3.151001178642282,5.078543090882905,4.043694874494559,4.711368157583444,4.437559742917517,3.639294386957506
2012-12-31,3.1564153839109816,5.087719810772305,4.064640222504505,4.728221505706219,4.420135295670096,3.649836009488384
2013-01-02,3.1600086100478824,5.094792590881219,4.095928123705516,4.753528496340606,4.406676912532642,3.6622209086877597
2013-01-03,3.1517247631571155,5.0826458111410275,4.09070578589675,4.751267172489596,4.393035116171829,3.6620708472524046
2013-01-04,3.147375545448347,5.077920056118795,4.087409611060227,4.755649255942275,4.396927424058164,3.666714262616301
2013-01-07,3.1491898006959596,5.0716049084792445,4.087709887228861,4.752912392293492,4.397350610411558,3.668953098994718
2013-01-08,3.1517247631571155,5.078667689282513,4.085757344190483,4.750030868346732,4.403913279512573,3.6670131678707287
2013-01-09,3.150277151885049,5.078231669560518,4.089508311603664,4.752570028646706,4.402989995080581,3.6698473485999172
2013-01-10,3.153892380548238,5.087472844444371,4.095481140904943,4.760488505740427,4.400216420741342,3.670889371169869
2013-01-11,3.1495525187627025,5.081776951209034,4.096820475635367,4.760420180258183,4.409099574372191,3.6702943680131535
2013-01-14,3.1560555532565617,5.084752748452511,4.092350285748775,4.759740133030544,4.40634226551744,3.6731190838047882
2013-01-15,3.1517247631571155,5.091047149371624,4.087409611060227,4.760420180258183,4.4109342449958096,3.6778594261632978
2013-01-16,3.1528092814301947,5.091600615393903,4.091453997877328,4.760284103273808,4.413013650269222,3.676676083531788
2013-01-17,3.1571349816297736,5.095895175411729,4.096225726293256,4.76672334013188,4.402989995080581,3.6797783538175888
2013-01-18,3.163589132385535,5.094302173214296,4.093991640455469,4.768950991409766,4.4106838732127915,3.6840464936455075
2013-01-22,3.1664442196619142,5.097852194330313,4.095630496020694,4.774330252760382,4.41259796699114,3.6891735240303194
2013-01-23,3.167512739162686,5.095037756298975,4.101714922359721,4.775937735802336,4.411100074839762,3.688881552195231
2013-01-24,3.1668004929124725,5.084009652552807,4.087859959511826,4.776205966582092,4.4075971725600995,3.6909255657284827
2013-01-25,3.164660624781219,5.079228047569239,4.092947216455,4.781812090174301,4.39379742972892,3.6965977185152337
2013-01-28,3.16430358820035,5.076984632752037,4.095183570711036,4.780613000243551,4.390148054097433,3.699205367684549
2013-01-29,3.1700015736064193,5.081342285375353,4.095332843242748,4.78453728654081,4.384604999574389,3.7020938930224463
2013-01-30,3.181301137862081,5.088768502552353,4.093245961952128,4.780613000243551,4.382893339665055,3.6925286980084984
2013-01-31,3.1809499944278694,5.0826458111410275,4.091005520616543,4.778144464029587,4.387763758380277,3.6865402181584592
2013-02-01,3.184806359799653,5.084195478302099,4.102750296948507,4.788379410212151,4.374694291896685,3.6923834018018757
2013-02-04,3.181301137862081,5.087596335232384,4.085156040702445,4.777075244558672,4.3874224362502,3.6900500714694133
2013-02-05,3.1851560730300843,5.0873494326178195,4.099789560317466,4.787122157485349,4.378495053497594,3.6877112839706574
2013-02-06,3.1837559325662212,5.090000845718443,4.096523303779965,4.787850132939014,4.386652967303774,3.6912175123340174
2013-02-07,3.1798957443816507,5.086608170231528,4.09741461792738,4.786526476545688,4.384427391297205,3.6869796480000634
2013-02-08,3.1837559325662212,5.084938530620289,4.107615186502449,4.792075515456228,4.388276423582175,3.6961625904714466
2013-02-11,3.180247337437689,5.07329703611165,4.107909833517365,4.7918774691767405,4.3875076117245335,3.6976125336823324
2013-02-12,3.1820030550417115,5.074486074980007,4.1037844746835646,4.7935234346285105,4.385026680965259,3.7051181402200473
2013-02-13,3.1823539872237516,5.069218637382565,4.1073216450583825,4.794378236875529,4.376855434864974,3.704543070548453
2013-02-14,3.1809499944278694,5.064807811529111,4.107027075767175,4.795298296988583,4.385883000819292,3.7003617038187158
2013-02-15,3.176726070399144,5.048316325797097,4.104079370930932,4.794115721292092,4.382968707111166,3.700794726222844
2013-02-19,3.1728384372390708,5.045551897787974,4.111285579103712,4.801581981948253,4.377977826589977,3.7087068392368723
2013-02-20,3.1614424547311186,5.020189523022345,4.095779257448749,4.78904045440788,4.380991935128173,3.702238067566497
2013-02-21,3.1499149418309695,5.027951139868219,4.085005754581003,4.782942748550595,4.3868241064889,3.6947108263110042
2013-02-22,3.1499149418309695,5.03024183171519,4.095035038306843,4.7926680275695235,4.3875076117245335,3.7046871740561396
2013-02-25,3.1451935761964602,5.039157937301911,4.082595784000534,4.773458132965617,4.406969869378678,3.685514194091164
2013-02-26,3.143371885096234,5.051265277996151,4.086358670858278,4.780280311880349,4.401171084938737,3.6923834018018757
2013-02-27,3.1371526479218272,5.040647115548704,4.096523303779965,4.792799768721941,4.398216714987411,3.699638985335986
2013-02-28,3.132739115183428,5.030437921392435,4.0944389715227265,4.790823220831057,4.400074439687707,3.6986262256011493
2013-03-01,3.1257112450594575,5.026771092021182,4.098603237323004,4.794115721292092,4.405505902936164,3.701950262463339
2013-03-04,3.1219924095814657,5.025852279938921,4.103045183146194,4.799426113578648,4.400193008367208,3.70942340988598
2013-03-05,3.131263820316709,5.026377433088521,4.11771275327115,4.808345738667019,4.397314263808658,3.717267069815929
2013-03-06,3.1257112450594575,5.031940032707419,4.1152344850334535,4.809705640411138,4.388199464730575,3.7142799541633047
2013-03-07,3.132370495462973,5.02840973818472,4.117858328052688,4.811515908700451,4.380468261617274,3.709566531638834
2013-03-08,3.1353160702854925,5.028540741929906,4.119022784306236,4.815771173782891,4.369979161400031,3.7112827698555377
2013-03-11,3.1360510895752176,5.030372595684667,4.121926274641568,4.8195596505026925,4.370937178892433,3.712139878848327
2013-03-12,3.138252911472977,5.0381856240170135,4.118295235656599,4.817313884946799,4.3781369576390405,3.7084201419603935
2013-03-13,3.1331077653261508,5.034742393272037,4.116984561313428,4.818725990243816,4.377099661091752,3.70942340988598
2013-03-14,3.140449896000146,5.034872470801407,4.120330234141231,4.824035494655411,4.374066762719771,3.715703883284383
2013-03-15,3.1426420643654023,5.0369526024136295,4.1175460987838095,4.822715086250295,4.378742515553479,3.717977442171342
2013-03-18,3.136785486187183,5.045873760947249,4.11535427363784,4.817180890536101,4.38631534901905,3.7124254186712173
2013-03-19,3.1294164688918595,5.05036870804637,4.1134510267952065,4.814855291208068,4.393065582146078,3.707560024641189
2013-03-20,3.1364183552984968,5.045809337676912,4.12046118246434,4.821816110874239,4.381846564751329,3.710710955457062
2013-03-21,3.132001739811912,5.051457288616511,4.109044263587977,4.813237153651868,4.391446109612058,3.707703319725463
2013-03-22,3.133844408957786,5.04696724296279,4.118713462417869,4.82123798183311,4.392213222231026,3.712950915548139
2013-03-25,3.134580510344998,5.044972341885684,4.115061936829512,4.8170514585752695,4.391276043143058,3.713094557308257
2013-03-26,3.1437363902006883,5.04161703959474,4.12046118246434,4.82502243824304,4.392469676573247,3.721682997447482
2013-03-27,3.148827278336546,5.045745008471642,4.121770342031727,4.82502243824304,4.4009532557702125,3.7235346457835634
2013-03-28,3.139352048383515,5.039870399605718,4.124238100585836,4.828091178358209,4.395871636780314,3.7269428559539652
2013-04-01,3.139352048383515,5.0412938032115875,4.11740010576388,4.824125842114392,4.4033750572503765,3.729916055731394
2013-04-02,3.134580510344998,5.026705426224029,4.1252528316645005,4.829047720800186,4.3993123050893725,3.733020975627553
2013-04-03,3.117511474458528,5.015490128477311,4.116085457412335,4.818857300576628,4.408262264262397,3.729491709843674
2013-04-04,3.116388054060383,5.012566716273255,4.116377992746864,4.8229074258684,4.4201273089090245,3.745624687980262
2013-04-05,3.1156384335602776,5.029195303640422,4.1080130053164705,4.818406238173443,4.440110494866307,3.7510372161890277
2013-04-08,3.1186335498611206,5.02493262286457,4.113304247501004,4.825150352843043,4.432428117827321,3.759032617168027
2013-04-09,3.1249685835200074,5.032657654248465,4.120024476764667,4.828601964803733,4.429962850406866,3.75917005699498
2013-04-10,3.122737283878988,5.015622835607295,4.13934713698123,4.840776102668286,4.416132369426323,3.7653293718214984
2013-04-11,3.1186335498611206,5.017610928036308,4.138918907275291,4.844048065622845,4.418048399698433,3.771178999714657
2013-04-12,3.106220326006286,4.9694659958580605,4.138204113983646,4.841594781410461,4.432837906970253,3.7736176063685787
2013-04-15,3.0758626273921243,4.8775609212782225,4.118275806419912,4.818147982856512,4.441493791159591,3.7526969462055826
2013-04-16,3.0863420336647174,4.888844260022437,4.1314615816734594,4.832803156481208,4.433248162493964,3.7691425389731146
2013-04-17,3.071561705225492,4.88937116985442,4.111690563694522,4.818083855659702,4.439866333245941,3.758483202616847
2013-04-18,3.082085955341237,4.90007612625263,4.097792755161479,4.811810507195462,4.442306797326171,3.7569712442933083
2013-04-19,3.0797567765309024,4.908750222603519,4.111396778707208,4.820466622825651,4.440191568898416,3.772263939330589
2013-04-22,3.0828609694442655,4.926528740538808,4.121624716996633,4.824894752255594,4.440924536068821,3.7709072952550517
2013-04-23,3.0766426537255556,4.9191046652561505,4.1311736714587735,4.835150724347726,4.437419808498803,3.776455413785084
2013-04-24,3.0874996137510706,4.929931221393206,4.130741558695259,4.835784782847728,4.439947607076015,3.778611844833276
2013-04-25,3.100526709142625,4.95321805770214,4.136057212237064,4.839829873955074,4.435622378737015,3.775240396520636
2013-04-26,3.0948004892884584,4.948121414696009,4.132899890673566,4.838062148308622,4.444740782617005,3.771992792818816
2013-04-29,3.1081110739914934,4.95793752654175,4.1420573722622684,4.844738533600876,4.441087174921876,3.7804951324583578
2013-04-30,3.100526709142625,4.96123497372661,4.149295278529473,4.847120876540973,4.441656696851169,3.7921193833783597
2013-05-01,3.0824734937517246,4.94953973239503,4.144617846015778,4.838314647495898,4.451877203520542,3.7841176722670276
2013-05-02,3.0951831324575645,4.955263505659249,4.157182309440768,4.847559293581643,4.4505860371860395,3.7906572139162087
2013-05-03,3.106220326006286,4.956460633876816,4.168897964549859,4.85764911406287,4.42672717577951,3.794640165866704
2013-05-06,3.107355306088461,4.95688279515986,4.172773231407422,4.860186352194276,4.42424295086518,3.7997945447301427
2013-05-07,3.103946665149089,4.944353066085096,4.1722200531349145,4.865242773458627,4.420338431722427,3.8053155034830124
2013-05-08,3.1084888290546804,4.959061305678293,4.1770456876095325,4.869783061322099,4.421919150731974,3.805839957165789
2013-05-09,3.1081110739914934,4.947411446590919,4.175668773576676,4.866963139076171,4.419339794881915,3.799267251667641
2013-05-10,3.103567361268593,4.9387812340497295,4.181711246921906,4.87021136406023,4.408535254051683,3.8029531583037093
2013-05-13,3.0990028229395175,4.930364729790456,4.182942209072803,4.871006714816776,4.400842358005906,3.807672535193847
2013-05-14,3.095565715573276,4.925875907171313,4.188123877247137,4.88128796066612,4.389920808568637,3.8113277312679443
2013-05-15,3.093267758731803,4.902530311259526,4.190162199178364,4.886659569796531,4.39659034379308,3.8211832034055253
2013-05-16,3.0921168403477832,4.898511188980719,4.189075896512175,4.881953081273114,4.406933870733227,3.8160079263617956
2013-05-17,3.097094758364591,4.87573158751166,4.198677748294562,4.89158318110187,4.39420112149746,3.8215699605130196
2013-05-20,3.103567361268593,4.906163236362684,4.197196325986878,4.891523136107067,4.393004743595584,3.8238885337370063
2013-05-21,3.0978585761310584,4.889446502051069,4.198273733255032,4.892960589974144,4.400842358005906,3.829535046004974
2013-05-22,3.093267758731803,4.882347292298637,4.1894835283808,4.885515458038694,4.385880150804187,3.8049221524767827
2013-05-23,3.0978585761310584,4.902381713190223,4.187171646083606,4.882618222261315,4.390607023382306,3.7859901097557787
2013-05-24,3.094034417667972,4.896047108269076,4.1866267256333165,4.881771770691004,4.391977475412197,3.7834473999125757
2013-05-28,3.1031877421599527,4.8940266098180185,4.193144296301633,4.88774302182592,4.366308116670278,3.7748348582890756
2013-05-29,3.0967128461069393,4.904014739226453,4.188396024851675,4.8812270627248,4.377490222391556,3.75338760622386
2013-05-30,3.0967128461069393,4.9177887214054135,4.1936853323054715,4.884912227432886,4.375054582809317,3.743953348983171
2013-05-31,3.084796535244722,4.897242593068415,4.1844446505898585,4.8704563438055635,4.371652825685364,3.730481295841485
2013-06-03,3.097094758364591,4.916397831774874,4.186217927337456,4.875947052334195,4.376937680969713,3.7361168306326524
2013-06-04,3.100907339583016,4.906977000891236,4.1810259982447695,4.871129290238827,4.367660398153954,3.722110576939814
2013-06-05,3.096330701696195,4.909119262430168,4.167927003503834,4.857029187777245,4.381370959408161,3.7138131079104504
2013-06-06,3.100145933767534,4.916544361755745,4.172773231407422,4.8660416140357565,4.380763935949816,3.7297748102009782
2013-06-07,3.102428157053095,4.892452169259595,4.18635432798441,4.8786821290015405,4.3627237909123675,3.729916055731394
2013-06-10,3.0986215527960588,4.897391956709515,4.186762722740138,4.8786821290015405,4.357939531589087,3.7212556043697838
2013-06-11,3.0898110221014887,4.892227063045954,4.1767704330133935,4.868313284330318,4.369768139165458,3.706314992537607
2013-06-12,3.090964595824212,4.899703733388974,4.165147419858168,4.860001169702078,4.355361918757954,3.69261601761909
2013-06-13,3.0974766971042107,4.895897657699288,4.1777327324189235,4.875095398614424,4.3709081527732145,3.7182564120924693
2013-06-14,3.1016679945380843,4.901043562982646,4.171113719805805,4.868802942079192,4.368538672167093,3.7219685935815194
2013-06-17,3.103946665149089,4.896121939246352,4.180751720589169,4.876494759509218,4.363253436059107,3.7248140977215827
2013-06-18,3.1058417982934867,4.8837863233807335,4.1889402136480465,4.884369343294852,4.363783189323351,3.729916055731394
2013-06-19,3.107355306088461,4.872062616189514,4.1777327324189235,4.8704563438055635,4.353401204078515,3.6987597582704366
2013-06-20,3.074300658864235,4.817050532678292,4.153668888576449,4.845366063793261,4.3368523285482485,3.6563081164596123
2013-06-21,3.0680286272323505,4.828713681727929,4.14834406028407,4.848571092784786,4.31974863849197,3.6697594760686876
2013-06-24,3.063693716796944,4.819716892539268,4.138356166672416,4.835854448408841,4.32389131595408,3.665217808803114
2013-06-25,3.064483200389767,4.815998221466289,4.14564286020838,4.845422825198688,4.314940213003412,3.6818270180068873
2013-06-26,3.0617170087994134,4.7730546846638235,4.154572676115976,4.855274996936261,4.321407931581157,3.6968373982028844
2013-06-27,3.0613211621568226,4.753072836969084,4.1587964740603365,4.861127816383526,4.331578039258788,3.7167014506022134
2013-06-28,3.0561612944690686,4.780047441017078,4.1602003125468245,4.857021952244708,4.338392954671273,3.71046347207344
2013-07-01,3.062508143103658,4.796864326354046,4.16635503193812,4.862864585788918,4.340405559128772,3.708277978452292
2013-07-02,3.0664545422241725,4.787908348087985,4.166773803707951,4.861934198857366,4.3397714530950635,3.7234747665976333
2013-07-03,3.0754724299703473,4.793639455675465,4.17080796768265,4.862369061334095,4.336776098016307,3.7168454820501013
2013-07-05,3.0731277778941544,4.771447014602017,4.178414746294732,4.873099778659478,4.30209352996182,3.7120632862748435
2013-07-08,3.078200971256931,4.783400067753699,4.179378268424476,4.878787634796594,4.3117408352561775,3.7130789187656164
2013-07-09,3.084409721681809,4.792645130793376,4.185416313669976,4.885960008194862,4.3127644501702385,3.727202632169692
2013-07-10,3.0874996137510706,4.795377211824471,4.191146331653049,4.886322578814127,4.304912730750097,3.727631711770264
2013-07-11,3.0925005981500626,4.822215161646046,4.210813008960734,4.899851707120838,4.316575628663691,3.751518091504245
2013-07-12,3.096330701696195,4.821329381401198,4.21520513279678,4.900269370421214,4.3157401674974984,3.7453538813926808
2013-07-15,3.0936512481424137,4.821732128394275,4.217460821807575,4.904082865592967,4.3210171371760975,3.7495609806187136
2013-07-16,3.0948004892884584,4.827433344987881,4.216134767496146,4.900329574084545,4.324429400721829,3.750260804991365
2013-07-17,3.094034417667972,4.814782600543284,4.218652510823201,4.90289326922243,4.326267616589003,3.7538894262481604
2013-07-18,3.098240051154344,4.820362224740957,4.216134767496146,4.908355693773633,4.31369573460905,3.7623531748034527
2013-07-19,3.0990028229395175,4.829193355207828,4.2057318404295705,4.910130973834598,4.329386146253368,3.7616625629702654
2013-07-22,3.098240051154344,4.858571296039298,4.208676667804823,4.912079374055731,4.33085018366033,3.764698984582645
2013-07-23,3.099765013347325,4.865301241113179,4.201297589677198,4.909953463833727,4.326635197342194,3.7635960666920854
2013-07-24,3.091732848581087,4.847959515882157,4.204524189169905,4.90628067426527,4.313881662863027,3.743948023794909
2013-07-25,3.0905801612649944,4.8572509729662725,4.210813008960734,4.908711249813618,4.313509363256187,3.7454944756632633
2013-07-26,3.084409721681809,4.858105512631057,4.216134767496146,4.90977558475604,4.319631607254596,3.7463371762264237
2013-07-29,3.084022845744656,4.855695423545372,4.214275422571774,4.9066965645304235,4.312298993787381,3.7388682586124786
2013-07-30,3.0805336847960305,4.852967286629713,4.219578274585442,4.9066965645304235,4.311926513547435,3.735893935985386
2013-07-31,3.0874996137510706,4.851717707926524,4.221427570899989,4.907407940901017,4.315554584503176,3.719445329150121
2013-08-01,3.0898110221014887,4.841111500352883,4.231538628150966,4.918899529000362,4.296097629583038,3.7155433444007824
2013-08-02,3.085955817575197,4.839134980764143,4.237141379141893,4.920597435856531,4.307047857595042,3.710608871316874
2013-08-05,3.080921912700845,4.833898091318097,4.2377897967622955,4.919134317342428,4.299320434384122,3.70988129005641
2013-08-06,3.0727363350727805,4.820039610696818,4.231800212283789,4.913435359859562,4.302249505922832,3.706380687441407
2013-08-07,3.0660605668516463,4.8214905242447825,4.229969350213059,4.910189799411773,4.30967343796569,3.7037471701166504
2013-08-08,3.071169560337832,4.843084121016973,4.234930139925916,4.913847837539215,4.312384679384686,3.704186336781725
2013-08-09,3.078200971256931,4.843084121016973,4.230884812008358,4.910958038363877,4.31397068381333,3.712934436852648
2013-08-12,3.0901956656301213,4.860819686671713,4.233235711164511,4.90977558475604,4.307141908640365,3.705795841642308
2013-08-13,3.0898110221014887,4.849996931410173,4.238827887904296,4.912728259867978,4.292580669725206,3.691957844701342
2013-08-14,3.0978585761310584,4.859812404361672,4.2350602767830114,4.907585452224314,4.294102573803459,3.688096371706019
2013-08-15,3.107355306088461,4.880450694261169,4.217989987467991,4.893500775524195,4.280506493304962,3.6696232778280007
2013-08-16,3.1077332614381157,4.887186250624187,4.217593027064523,4.89018964394995,4.2770292970096815,3.6447602041632003
2013-08-19,3.1065987958494765,4.8828776356809405,4.2158693905351745,4.883776853717666,4.268285922967338,3.6314631334837344
2013-08-20,3.1047051836532766,4.88620519267725,4.220238962041794,4.888681317814392,4.275964816574603,3.6538869947886012
2013-08-21,3.103567361268593,4.883332140512808,4.216797620699338,4.882502019295418,4.264961791601717,3.651574339721616
2013-08-22,3.103946665149089,4.888919517029461,4.2265613889179,4.8915758475553295,4.275093545788683,3.657575721209186
2013-08-23,3.1118817939471057,4.904533717968968,4.233235711164511,4.8949422436138725,4.2858900885137565,3.6679544377600757
2013-08-26,3.117511474458528,4.908602546000592,4.233757260605202,4.89121437456617,4.290864135207874,3.665065364143721
2013-08-27,3.127194915545122,4.91815444130209,4.2130782770247235,4.874999172271352,4.303379553066444,3.6601805163435146
2013-08-28,3.1286763880134076,4.917861943054185,4.216930026144803,4.87854387518647,4.295243315894419,3.6540408567133325
2013-08-29,3.1182596083577305,4.911698510298846,4.22393215184104,4.88012922198492,4.303191558509684,3.65557925988302
2013-08-30,3.1152634547922715,4.902455958311489,4.217460821807575,4.876956476170633,4.302059749181211,3.647088156206507
2013-09-03,3.120500910223057,4.915738348804386,4.223141997275048,4.881468317221563,4.28785505621859,3.638368468902824
2013-09-04,3.1118817939471057,4.9027531103123625,4.233757260605202,4.8897071352258195,4.285645639823611,3.6469333201680647
2013-09-05,3.1096210686012333,4.884315904333184,4.235450144081762,4.890973281743865,4.271603301158029,3.636332848929283
2013-09-06,3.1152634547922715,4.898958531373938,4.236620930401899,4.891454950873086,4.276565342352158,3.651728755814297
2013-09-09,3.1088663563068013,4.897167959855016,4.248252379831923,4.900985899598312,4.27705048185252,3.67234779658439
2013-09-10,3.099765013347325,4.880830324909556,4.253122537512315,4.908355693773633,4.270042686891795,3.6715920212006976
2013-09-11,3.1012877393850435,4.880526585577194,4.2512028420237336,4.91148926543785,4.2788911072046725,3.6795781559482768
2013-09-12,3.106220326006286,4.849448795490169,4.250562631289036,4.908829402524839,4.277535068491393,3.6731035825063603
2013-09-13,3.1031877421599527,4.8506230218345925,4.2512028420237336,4.911076038298833,4.281405440331427,3.6759696559240567
2013-09-16,3.0905801612649944,4.839846948981867,4.248509083855067,4.91684663075902,4.274719684008733,3.685861771483611
2013-09-17,3.0801453061117714,4.840242308167575,4.255166425941261,4.921298995333457,4.282949278086838,3.685265180550029
2013-09-18,3.1016679945380843,4.8828776356809405,4.2670893870367905,4.932807251246175,4.2952163760416955,3.7185792791024466
2013-09-19,3.0978585761310584,4.880906187421472,4.269482202916881,4.931129746474839,4.289293031477566,3.717712941646612
2013-09-20,3.0886559422997935,4.851717707926524,4.2660446828103336,4.924114297560702,4.294549513422361,3.7012534650571385
2013-09-23,3.0813101650343606,4.848508468513793,4.264017028018365,4.9194756988911115,4.3018607603249635,3.6943828146066084
2013-09-24,3.080921912700845,4.849370508514339,4.264017028018365,4.9171192091004485,4.312589661074302,3.6867426589373373
2013-09-25,3.0824734937517246,4.858183118774232,4.26058572735047,4.914224635126119,4.314647473850265,3.690045689690337
2013-09-26,3.0901956656301213,4.850388298784924,4.268320650415377,4.918062605396832,4.307616037881216,3.6961717739412197
2013-09-27,3.085183112033612,4.859579828641316,4.267056970518549,4.913455203034578,4.310059158836182,3.691992261007449
2013-09-30,3.080921912700845,4.853435468935974,4.264650937632757,4.9081127253747825,4.308556437872067,3.681314212311634
2013-10-01,3.074300658864235,4.825028316917487,4.274741767180116,4.915997475283435,4.3055175406496415,3.695724810374093
2013-10-02,3.084022845744656,4.844659396623793,4.274365224849378,4.915052239744094,4.3070283267606335,3.6972140703046286
2013-10-03,3.0824734937517246,4.845603408238819,4.2626205594259865,4.905788810978436,4.30542385149926,3.6796499622937167
2013-10-04,3.085569539438634,4.840479424553633,4.271222059093624,4.913336922921459,4.30466588216356,3.67767957886715
2013-10-07,3.0925005981500626,4.849213796628223,4.262874568832577,4.904654401039819,4.3087261865623105,3.6822210982810684
2013-10-08,3.095948152375122,4.8473317551151345,4.243381941135576,4.892939191611759,4.309008455677464,3.671285940409477
2013-10-09,3.0886559422997935,4.837154546807618,4.240269055718303,4.8936640778731375,4.3009694740309685,3.671438216153289
2013-10-10,3.1012877393850435,4.822456590804677,4.261222568433645,4.91499347564706,4.302582964956132,3.696618821717797
2013-10-11,3.095948152375122,4.808927011056117,4.269078156619956,4.921415781394539,4.302298669461014,3.7065452337629266
2013-10-14,3.095565715573276,4.8108013004582295,4.27612163470433,4.925401787994389,4.294206075848341,3.707134979197526
2013-10-15,3.0921168403477832,4.818101799357005,4.272228483372368,4.91812107783563,4.2935369760666875,3.703444197107123
2013-10-16,3.099765013347325,4.81656499767853,4.283488164138536,4.93199058541048,4.305990279561805,3.722051903999923
2013-10-17,3.0944175268364296,4.847488702318112,4.289195193687417,4.938651810162928,4.315019044128571,3.737035450886628
2013-10-18,3.100145933767534,4.8430052740162886,4.305270223478525,4.945383628106332,4.317169662771144,3.7360341379665396
2013-10-21,3.0978585761310584,4.844029620179015,4.307458944533179,4.9454406332669425,4.313987731646232,3.7300037405858597
2013-10-22,3.0967128461069393,4.862444567704627,4.308915503437304,4.951215377950735,4.325079061606662,3.7391782823592608
2013-10-23,3.0813101650343606,4.857406430476793,4.302832805632382,4.946414864723246,4.3289645682292255,3.7410316115218833
2013-10-24,3.081698179174917,4.866764876690289,4.307216115353167,4.949731976170242,4.325079061606662,3.740746972107579
2013-10-25,3.084796535244722,4.871066717830981,4.3143582205273825,4.9542888207639715,4.328779814197716,3.75292489349206
2013-10-28,3.0886559422997935,4.8718328725163005,4.314599933899864,4.955879172529841,4.3253566520547295,3.745720736857501
2013-10-29,3.085955817575197,4.865763685672472,4.316286423371337,4.961199169386104,4.326653542594398,3.7398917518036274
2013-10-30,3.089041030293509,4.864452831013201,4.315322888640826,4.956219518299931,4.320620409801627,3.7314426686467965
2013-10-31,3.0805336847960305,4.849996931410173,4.313030561560885,4.953379434676839,4.322759129744628,3.7255295197027487
2013-11-01,3.0680286272323505,4.843793284111634,4.3132719830904325,4.955765375805162,4.311876082028032,3.7307236006193625
2013-11-04,3.063693716796944,4.842689883994334,4.3147201056333735,4.959277750111849,4.312816983143634,3.7325926508204743
2013-11-05,3.060925248106091,4.840716484728839,4.315805077745856,4.956106297432538,4.30079674841831,3.7160825192535403
2013-11-06,3.0617170087994134,4.845760626914215,4.3155641651383885,4.961199169386104,4.301273171212988,3.71462111625579
2013-11-07,3.054568403014221,4.837550971682282,4.2965897995246936,4.948475235575391,4.309707577650006,3.702112904171639
2013-11-08,3.060132860031004,4.8225370747026455,4.310006173314694,4.96187581488084,4.285348083621184,3.68854532618638
2013-11-11,3.064483200389767,4.81923265073921,4.308430390578504,4.962045198412766,4.281569421546823,3.689595883665766
2013-11-12,3.057752011185272,4.8077027584756955,4.310006173314694,4.960013161148219,4.28621813126408,3.685087139006532
2013-11-13,3.0621127880518766,4.810964086546521,4.322048722707614,4.968005194856507,4.289882576177024,3.691543234793396
2013-11-14,3.0664545422241725,4.822456590804677,4.325156592803417,4.9729824186257146,4.296024567883647,3.6985523688995503
2013-11-15,3.064877797573522,4.822858884164577,4.327063803682304,4.977323610002573,4.298031873994871,3.702260557674027
2013-11-18,3.0581490937138,4.811371028987603,4.317249641093601,4.973818541326935,4.304028801371643,3.6960227451560437
2013-11-19,3.0565592782386664,4.8117777438410725,4.3143582205273825,4.9716427856965595,4.2964075887780355,3.6889958909689358
2013-11-20,3.0573545019153556,4.788491265980448,4.311942675646332,4.968509625081543,4.279236779016517,3.676768563009953
2013-11-21,3.0699928219579897,4.786991638095593,4.322048722707614,4.976545673315622,4.280889277639795,3.6844847215333183
2013-11-22,3.0731277778941544,4.786824838525374,4.327420818570211,4.981536182323434,4.290171050259357,3.680558261954567
2013-11-25,3.071953342921706,4.791317740015315,4.329799709173112,4.980540029014524,4.293053933634133,3.67585632997595
2013-11-26,3.071561705225492,4.785990614108827,4.335012193808864,4.9808163312662055,4.2967897360546,3.6723539048641194
2013-11-27,3.071561705225492,4.7829815796402775,4.341959684962349,4.98324870770757,4.295066685416777,3.6808608452654785
2013-11-29,3.071169560337832,4.793308102819659,4.347926205685787,4.982586061516296,4.2953547081210735,3.6715910508959992
2013-12-02,3.0699928219579897,4.76711896854695,4.345006082702941,4.979986041572818,4.287546312545069,3.6657725072901
2013-12-03,3.0758626273921243,4.770345576185738,4.344186620748623,4.9756563126257936,4.2912169725017355,3.6637742684432912
2013-12-04,3.0778115096576295,4.787158346248869,4.345122655679241,4.975544955206659,4.281625516985846,3.6674603839774553
2013-12-05,3.0766426537255556,4.77322379678111,4.343835443565923,4.9711395105625025,4.278798061966116,3.6709801542634395
2013-12-06,3.0801453061117714,4.775334838253783,4.351070488575253,4.982254573685393,4.2835700401387475,3.6781346793557916
2013-12-09,3.0766426537255556,4.7851556931808155,4.35513191842683,4.984793594230431,4.285900272579191,3.682976272795227
2013-12-10,3.0797567765309024,4.802544542903202,4.354436894182275,4.981203822411569,4.293047053674829,3.680406887869002
2013-12-11,3.0797567765309024,4.794632855983483,4.341490046065314,4.969909404136141,4.285317934442098,3.657135677977262
2013-12-12,3.0703853399713643,4.77313924429733,4.338904177456471,4.966603171136633,4.281527558802313,3.6515441466089396
2013-12-13,3.0664545422241725,4.78231165973345,4.33760863160399,4.966490694632463,4.286384368484977,3.6540333518028003
2013-12-16,3.0696003269671808,4.784905087283025,4.343132421558388,4.9727029921211745,4.2826954726093645,3.6574455295265973
2013-12-17,3.064877797573522,4.776177995742109,4.341137821114491,4.969517404837759,4.2871589381361535,3.662080153283541
2013-12-18,3.066848273620409,4.7673740710525685,4.352697217246812,4.986446572679188,4.282112213150264,3.6796499622937167
2013-12-19,3.0692075892520525,4.743365682081628,4.3499071282661586,4.985289315643066,4.281138372851,3.6657725072901
2013-12-20,3.0770324828058757,4.753072836969084,4.360039276245671,4.991089640615415,4.296410393870109,3.6718959713175767
2013-12-23,3.0770324828058757,4.749876404346736,4.370504496325181,4.996418089051952,4.290735001991424,3.6738781596049965
2013-12-24,3.0801453061117714,4.754451875561047,4.37096196132414,4.998606964430368,4.2826954726093645,3.6747751752160265
2013-12-26,3.081698179174917,4.7599492214766,4.37427293939892,5.003678165906745,4.278834435226402,3.6755477825876346
2013-12-27,3.084409721681809,4.763199073664009,4.371762286817762,5.003623873647815,4.275989841265279,3.6777077393999336
2013-12-30,3.078590105666951,4.748317689917109,4.3702758300659665,5.003460876725185,4.282842076826268,3.6780158139791737
2013-12-31,3.0770324828058757,4.7546241628093915,4.376777016778234,5.008182234908136,4.276480771131376,3.6726091588143435
2014-01-02,3.062508143103658,4.770684624465665,4.368901767094793,4.998552705023131,4.2795195701926545,3.672763946886085
2014-01-03,3.0561612944690686,4.781557510968658,4.3616559692587975,4.99838805551846,4.2795195701926545,3.6783237936776976
2014-01-06,3.0573545019153556,4.783316371371566,4.357956236857788,4.995486439103854,4.283719357124306,3.6833933943508685
2014-01-07,3.0565592782386664,4.777609740359208,4.367181383857493,5.001609392394148,4.286250562285583,3.68782728410846
2014-01-08,3.046966939094303,4.771701080128194,4.3693594827904345,5.001827186837288,4.283524893404751,3.682933390241469
2014-01-09,3.0389023392742662,4.774575343120241,4.366032944414587,5.002481003612046,4.2893571702030595,3.682933390241469
2014-01-10,3.045359231911043,4.789656083374855,4.369245314991463,5.005200119758782,4.301206897196581,3.696485192127843
2014-01-13,3.04495685553412,4.795955793455507,4.3543583648821045,4.991805453987203,4.306174662284062,3.6898081875939286
2014-01-14,3.04495685553412,4.786574650628633,4.373246825920328,5.002643852691919,4.301590315838969,3.697090073633558
2014-01-15,3.0477697339211,4.784654418566175,4.381427261512672,5.0080194693952595,4.300536465940006,3.704619490239047
2014-01-16,3.046163227238511,4.785740217386009,4.381540524109643,5.006719352289373,4.307222487418035,3.7064177033535213
2014-01-17,3.0473683264996336,4.795211868320758,4.375866898098344,5.002481003612046,4.311402433586338,3.7005603292315903
2014-01-21,3.049774176960341,4.784988587068875,4.38346231395068,5.005417235905984,4.312160940687644,3.709557283528426
2014-01-22,3.054568403014221,4.780718878977932,4.386056266479393,5.006068710417789,4.309694352505192,3.713877009902861
2014-01-23,3.0537710497815738,4.802298257616281,4.382671301404378,4.997841706878204,4.323746059230256,3.7114959272431434
2014-01-24,3.0541698058694173,4.806395280687805,4.362810318465469,4.976274610567463,4.330186082670888,3.6989024315380847
2014-01-27,3.0473683264996336,4.795459904862379,4.353078674501592,4.97134330561649,4.323184140602662,3.691177836199735
2014-01-28,3.0521742531937583,4.795377211824471,4.352496365960799,4.977280383798526,4.325617012326192,3.699505570028467
2014-01-29,3.051374807515242,4.807866112000561,4.34172231155604,4.967628377716711,4.333808373243966,3.6940624750078506
2014-01-30,3.0473683264996336,4.785573208931248,4.360039276245671,4.978173345847685,4.3309299786344635,3.709109441866836
2014-01-31,3.046163227238511,4.788241431177885,4.357377055711078,4.972298028478881,4.337602350550474,3.7144717443448765
2014-02-03,3.046163227238511,4.798431680304919,4.3341576864508315,4.949535407025603,4.349713201731403,3.698449319297133
2014-02-04,3.0537710497815738,4.7957078798971295,4.341486868053027,4.956515400359527,4.339045457118901,3.7104528322743193
2014-02-05,3.055763421677964,4.79818437986904,4.338892627285065,4.955260495183331,4.329756501608284,3.7083624372363855
2014-02-06,3.0597363856870596,4.797772034569753,4.351564261378699,4.968361814008866,4.325454850150038,3.7156590389839255
2014-02-07,3.071169560337832,4.805413502428208,4.369245314991463,4.980680914967263,4.326297967786136,3.7231972488501954
2014-02-10,3.065666436201348,4.811533722365972,4.374956814744668,4.98251617360267,4.32910363924612,3.7325774055382612
2014-02-11,3.070777527029794,4.823180590098494,4.386281922785474,4.993400113934802,4.323296913681148,3.736508368063243
2014-02-12,3.0727363350727805,4.82374331124013,4.388194062224182,4.993894691543023,4.318117696394664,3.7370893434937615
2014-02-13,3.078200971256931,4.832226057099104,4.395584912480225,4.999044535632093,4.323766580423063,3.740858429315619
2014-02-14,3.081698179174917,4.845367503868749,4.397591103347169,5.0045479766054966,4.324329182271791,3.7447569467841917
2014-02-18,3.095948152375122,4.8473317551151345,4.402478559438792,5.005742872878033,4.326578849106047,3.749644626427228
2014-02-19,3.0986215527960588,4.838422444865227,4.395584912480225,4.999098665454562,4.322357525305225,3.74907117117675
2014-02-20,3.100526709142625,4.848900358952391,4.400260153587971,5.004982751858153,4.3199103078620205,3.746915890599242
2014-02-21,3.0978585761310584,4.848743633166017,4.398926612715226,5.003841434674848,4.325173551951454,3.7493579399083536
2014-02-24,3.1020481909008324,4.859734924563012,4.404249952761495,5.009372493518395,4.322639313043797,3.751793502823833
2014-02-25,3.0974766971042107,4.861439039695022,4.403142861220613,5.00899403504399,4.331528087610569,3.755079414873635
2014-02-26,3.0948004892884584,4.85288927463262,4.402256996256845,5.009048342194548,4.336823692891136,3.757358888150373
2014-02-27,3.091732848581087,4.853591520681906,4.408723953342095,5.014281795075037,4.342276591386644,3.7546515964189027
2014-02-28,3.0951831324575645,4.849057119961765,4.4076176234957956,5.016808117834246,4.34282858056564,3.7638840978832087
2014-03-03,3.1088663563068013,4.869762683684659,4.400173435201755,5.009750808816168,4.349482193933,3.764449300422083
2014-03-04,3.105084227258047,4.857328645452743,4.412807078665444,5.0237088447338225,4.334326345734969,3.778759085400175
2014-03-05,3.0967128461069393,4.858959322681243,4.415555958395013,5.024614981834474,4.336465727878967,3.777504536099421
2014-03-06,3.1058417982934867,4.868841274411728,4.414677426728161,5.026902710932477,4.326567357304944,3.7691012604568823
2014-03-07,3.1012877393850435,4.860509807149965,4.409718771765383,5.027327576649884,4.320260349693057,3.7582122972025935
2014-03-10,3.0928842952769164,4.860819686671713,4.41060176133986,5.026796216056091,4.321675501170983,3.752937684912255
2014-03-11,3.093267758731803,4.866456951780414,4.406288558947321,5.021840992534727,4.324313320165025,3.75920712517568
2014-03-12,3.0905801612649944,4.880982044178704,4.41005006537069,5.022108329590714,4.331249195208859,3.7621858619999906
2014-03-13,3.085955817575197,4.884391618303845,4.395814637118347,5.010831807989261,4.344609355695506,3.757501099376671
2014-03-14,3.091348795979185,4.8911007712576815,4.388958937210386,5.0080194693952595,4.344793782062466,3.7600594031292194
2014-03-17,3.0801453061117714,4.8800709194386185,4.397717195818184,5.017023233925486,4.337301611413979,3.7621858619999906
2014-03-18,3.085183112033612,4.872292307092697,4.409718771765383,5.024135270017586,4.3409160524308374,3.7651553988414754
2014-03-19,3.084796535244722,4.852733113252917,4.404291271150138,5.018792142265878,4.333115790043229,3.7460532325887237
2014-03-20,3.0801453061117714,4.850935920112174,4.407064278274651,5.024614981834474,4.331341800124501,3.747778704198509
2014-03-21,3.080921912700845,4.855695423545372,4.394958216520886,5.020728432988772,4.3421176048510395,3.756931865806982
2014-03-24,3.0805336847960305,4.837709461361238,4.3861552348153054,5.01658436013469,4.349206885103041,3.7503615214369432
2014-03-25,3.087113931604069,4.839530621477558,4.389437195975101,5.02131928839876,4.345438363636669,3.7594507453784125
2014-03-26,3.0863420336647174,4.831588399037053,4.376473544113781,5.014100758668486,4.353235535414678,3.74809406780241
2014-03-27,3.0951831324575645,4.825028316917487,4.370849230053142,5.01199037328296,4.3582485827264215,3.7544355642695497
2014-03-28,3.095565715573276,4.8247875079255,4.37280426545402,5.016908201095515,4.3525958635960444,3.7604510012327443
2014-03-31,3.0948004892884584,4.817131452837452,4.379901116862454,5.025069697881469,4.350123564565557,3.7688403478563695
2014-04-01,3.0824734937517246,4.815350065963918,4.397314639490897,5.031678100498756,4.341541588041871,3.7733613753035415
2014-04-02,3.0801453061117714,4.822858884164577,4.399889440723876,5.035018911893456,4.3357773804726,3.774207109102881
2014-04-03,3.088270705956186,4.81963618133251,4.391919686773749,5.0336947020683285,4.340150115272307,3.7720919584846193
2014-04-04,3.0928842952769164,4.832863369570549,4.364961958799027,5.02180216337668,4.346810154306226,3.775473845449714
2014-04-07,3.0905801612649944,4.827593507295801,4.355422348740314,5.010689105311167,4.352785107687261,3.7787040797677496
2014-04-08,3.1020481909008324,4.83699590864152,4.36461431580867,5.014804042322639,4.355165618546125,3.7848542973744244
2014-04-09,3.1047051836532766,4.838818367531492,4.381610555388083,5.025496946527029,4.3502160132916545,3.782342743057895
2014-04-10,3.105084227258047,4.844265840335616,4.350148474381931,5.004266996313059,4.359453789740773,3.772797418212277
2014-04-11,3.100526709142625,4.84363575580437,4.338447146909085,4.99521798351669,4.367523878266273,3.766714420686482
2014-04-14,3.1096210686012333,4.850857689802281,4.3462633243450535,5.003065824252622,4.364901423468786,3.772656401156346
2014-04-15,3.1103751266968818,4.832226057099104,4.349561107075434,5.0099292750666935,4.371129154366444,3.7844360850086547
2014-04-16,3.1122581275513763,4.8326244401821,4.362759763950482,5.020352737633195,4.3723884708965555,3.790828356967454
2014-04-17,3.1145128211056545,4.826311734631628,4.362991613159907,5.021748343268117,4.361363839107628,3.7849934316303693
2014-04-21,3.1111288715381393,4.822215161646046,4.37038872247576,5.025229812201632,4.360545498333982,3.7906899461056582
2014-04-22,3.1107522826479395,4.818505786449339,4.378303051187617,5.029763914046218,4.363904974436874,3.7929041150701965
2014-04-23,3.1099982537942306,4.818344223525885,4.369467360348834,5.027419110274825,4.36959869063794,3.7888875650200533
2014-04-24,3.1160133563314676,4.8247875079255,4.37898838586626,5.0294447094558254,4.37149024993779,3.793042649494805
2014-04-25,3.1118817939471057,4.83174783646962,4.362875646668746,5.021211794601442,4.372927747879947,3.7891647806056934
2014-04-28,3.1084888290546804,4.827353254213406,4.366118992327047,5.024374000813824,4.368065397458456,3.796905110576662
2014-04-29,3.1111288715381393,4.827193114521886,4.374066570460606,5.029018745030894,4.366710371374796,3.7975932869604363
2014-04-30,3.1058417982934867,4.822054196958102,4.376702427610636,5.031996692664691,4.370859452574281,3.8011640705097003
2014-05-01,3.098240051154344,4.818667384901205,4.3796732511829335,5.032103133007494,4.381530791854479,3.805405138355927
2014-05-02,3.100907339583016,4.828793602617273,4.377846059938949,5.030668272655196,4.387671587281447,3.805132049495555
2014-05-05,3.0986215527960588,4.838026425827327,4.383089797648308,5.032580929467134,4.3816198098359305,3.8071784427981754
2014-05-06,3.0993841197264107,4.836123190840342,4.370043154311607,5.0238389598597895,4.38562836741638,3.8036291938895395
2014-05-07,3.1020481909008324,4.821651579682397,4.367159314639907,5.029710620553251,4.382066020647511,3.8155922944987894
2014-05-08,3.0990028229395175,4.821651579682397,4.366234777100627,5.0286457523718475,4.3777742321417525,3.8178869483887357
2014-05-09,3.094034417667972,4.821087679915002,4.369928195789934,5.030136489949896,4.374542779183186,3.818560673270519
2014-05-12,3.096330701696195,4.827833641606053,4.386268343058923,5.039825545959011,4.370489928852967,3.82165480988164
2014-05-13,3.100907339583016,4.825108594107133,4.386948432176427,5.040720756209754,4.379117515318716,3.8151865760480432
2014-05-14,3.1054630417867974,4.834772812957537,4.381724655794275,5.035971496381585,4.389887124154129,3.8155922944987894
2014-05-15,3.0993841197264107,4.826472015517956,4.37383765970418,5.027152689118228,4.397822902197879,3.8150515801863945
2014-05-16,3.100526709142625,4.824305715904762,4.380357361199861,5.030615226764106,4.395008957835977,3.8242037793558574
2014-05-19,3.099765013347325,4.824948094523822,4.387287829033427,5.0342775505682225,4.387582537379824,3.82017626526143
2014-05-20,3.1016679945380843,4.825830676588303,4.383658564985234,5.02795273953037,4.389798365965347,3.817077207775944
2014-05-21,3.103567361268593,4.823421786315116,4.393158389176842,5.036342163654342,4.38367037119431,3.8104442567331085
2014-05-22,3.1043261674272133,4.825670231669672,4.397538896597914,5.038771004587233,4.382244430168588,3.808676147036164
2014-05-23,3.1065987958494765,4.8243860511214205,4.404796933332426,5.042772024416483,4.387582537379824,3.817482495477462
2014-05-27,3.098240051154344,4.802790767548615,4.41718107915543,5.048899626053135,4.393421861387518,3.8246056900108507
2014-05-28,3.0986215527960588,4.797442048455694,4.414099529698607,5.048168194064217,4.405695733495728,3.8182912377839844
2014-05-29,3.0990028229395175,4.7952945750319875,4.420472425689044,5.053328193631762,4.400366340591624,3.820310571127771
2014-05-30,3.091348795979185,4.79106867380644,4.420582085472658,5.054938234806189,4.399928129413373,3.8248733465058513
2014-06-02,3.0901956656301213,4.784988587068875,4.419595724603137,5.056079597082359,4.39246637338372,3.827948042267077
2014-06-03,3.0894260568894625,4.787575090443787,4.419157315393123,5.055560674607327,4.38008574173906,3.827413720463071
2014-06-04,3.0867281006489544,4.785489757948969,4.4228791463066095,5.057581660370214,4.379816342366625,3.8294149831694604
2014-06-05,3.0878852341765253,4.792976703363265,4.431257480915135,5.0640827201259,4.380264695950428,3.8476403966147834
2014-06-06,3.0921168403477832,4.79256220465569,4.436983729921219,5.068853914128959,4.380264695950428,3.8434437795443497
2014-06-09,3.096330701696195,4.792893804718193,4.436229077819334,5.069876644989841,4.378829294586131,3.831278681440179
2014-06-10,3.0936512481424137,4.79900849788169,4.437953096429909,5.069979128990227,4.375143699004314,3.8238017904342576
2014-06-11,3.090964595824212,4.799173277719045,4.4377373619541975,5.066496463205024,4.376943432192519,3.821117197510757
2014-06-12,3.105084227258047,4.809253229586784,4.428653616501805,5.059391452386155,4.3858050974830425,3.818560673270519
2014-06-13,3.105084227258047,4.811859091784608,4.431582351622129,5.06243538244602,4.3852703458112225,3.821117197510757
2014-06-16,3.1081110739914934,4.807457740465771,4.4324486112732275,5.063258956203867,4.387763758380277,3.815997512475314
2014-06-17,3.1092438262198088,4.806313487039782,4.432989359521505,5.066034603431871,4.379816342366625,3.818560673270519
2014-06-18,3.1133862793477514,4.80949780811799,4.438598218308734,5.073347483435149,4.387497083745932,3.825542132893229
2014-06-19,3.1231096390093076,4.843714553111082,4.437953096429909,5.07446775166803,4.37460273369272,3.8338037634211988
2014-06-20,3.1249685835200074,4.840242308167575,4.439128446341279,5.076496068418245,4.382144978653622,3.8372478608319853
2014-06-23,3.1212469800326064,4.8430052740162886,4.4393442411727495,5.076190106191334,4.379008856387896,3.8331399034722526
2014-06-24,3.122737283878988,4.844029620179015,4.43837333835605,5.070147356377688,4.389097391601251,3.8338768568118975
2014-06-25,3.1242253700244533,4.844108326378905,4.444717941948092,5.0746567901198825,4.391669797456605,3.8318660791957857
2014-06-26,3.1201278349065613,4.842058865582835,4.445253888360549,5.073940908299528,4.396442582808798,3.8309261101936833
2014-06-27,3.1182596083577305,4.841506360001195,4.4496366000083345,5.075883573824162,4.3949424005197235,3.838553034429702
2014-06-30,3.1122581275513763,4.85234266266596,4.451342037658396,5.075372827259454,4.397412405995917,3.8361508061030167
2014-07-01,3.1092438262198088,4.849683739140625,4.462250025298361,5.082043892282856,4.389004301601762,3.8414814761959457
2014-07-02,3.107355306088461,4.849683739140625,4.463934192492714,5.08305805423666,4.378259113272553,3.8390864449168958
2014-07-03,3.1054630417867974,4.845446164841826,4.470223345940784,5.087964173929941,4.374651636231843,3.833341237253509
2014-07-07,3.0974766971042107,4.8443445279464425,4.467188510718816,5.084476986729862,4.381943375440105,3.8362845473212017
2014-07-08,3.0948004892884584,4.844738113314808,4.455062074691105,5.078026093562855,4.3930928403889276,3.8392193838430613
2014-07-09,3.0878852341765253,4.850779453371927,4.462460800376304,5.0825003119756875,4.3938908285659135,3.84081655099887
2014-07-10,3.0894260568894625,4.856240087711404,4.459296883388467,5.078535487121742,4.394156840209143,3.8453282713594112
2014-07-11,3.0805336847960305,4.858105512631057,4.465720172344581,5.079909592992688,4.400516331589636,3.8454607093231425
2014-07-14,3.084409721681809,4.834057221639064,4.4716854405735615,5.084932769719307,4.396192975070057,3.850346595477471
2014-07-15,3.0750819921426107,4.824546640930575,4.468235967903728,5.08305805423666,4.394156840209143,3.851005216083379
2014-07-16,3.0766426537255556,4.828073718265662,4.472207043569682,5.086752978706546,4.399459174083104,3.8541602312512766
2014-07-17,3.0789791764601424,4.844895468078892,4.458874040825063,5.075321623828641,4.411984159940624,3.8490289452933024
2014-07-18,3.072345003965774,4.837313099323299,4.474602710652529,5.085488874155131,4.408757844865731,3.8588731624456036
2014-07-21,3.0770324828058757,4.8389766564844106,4.473353369651717,5.083615485594599,4.413723195446539,3.855209371801722
2014-07-22,3.0727363350727805,4.834216265965647,4.479687457670365,5.087964173929941,4.415806312061214,3.8583506079042063
2014-07-23,3.0754724299703473,4.833261498890445,4.486084298127763,5.090181991607617,4.4145048958656865,3.8601785562787216
2014-07-24,3.074300658864235,4.823100157978574,4.484952395507377,5.090232251897212,4.40701014539684,3.8588731624456036
2014-07-25,3.078200971256931,4.834613857129002,4.481031796522045,5.085539370870567,4.418750245945122,3.851926427155575
2014-07-28,3.076252672619257,4.832943020266746,4.481342017850867,5.085944007590075,4.4173656686576726,3.8588731624456036
2014-07-29,3.0731277778941544,4.829912434290936,4.479583745855563,5.081637200265831,4.420995289285076,3.8540287788140315
2014-07-30,3.068814963172383,4.826952826331346,4.483509842712411,5.081789740997818,4.40701014539684,3.851926427155575
2014-07-31,3.063693716796944,4.815350065963918,4.46309241947716,5.061843980005522,4.4040321402595115,3.8369521628246575
2014-08-01,3.055763421677964,4.823341373593559,4.45940236749862,5.05878418979398,4.411742567875517,3.834546410884969
2014-08-04,3.0632986520091574,4.820200899962696,4.466244456999396,5.065978588431386,4.409120922788274,3.8414814761959457
2014-08-05,3.058546197752974,4.81923265073921,4.458557122805957,5.056234920038267,4.412353932671563,3.8311948929185533
2014-08-06,3.064877797573522,4.833659409056713,4.457816549352651,5.056547533964027,4.412964461618439,3.8307921468601327
2014-08-07,3.066848273620409,4.837709461361238,4.454637525980533,5.051118364000551,4.422249542306715,3.83132905043026
2014-08-08,3.0621127880518766,4.837788727011885,4.461828870133258,5.062620528400138,4.420087649564429,3.837219084277081
2014-08-11,3.063693716796944,4.835964388964427,4.467712376457085,5.065514178323506,4.420001072891848,3.8434729494842954
2014-08-12,3.0573545019153556,4.836202521766983,4.467293428425509,5.064120134672719,4.413486828736257,3.8418800227871954
2014-08-13,3.0565592782386664,4.837867925925196,4.477822290238159,5.070866437008793,4.420001072891848,3.8562578968259587
2014-08-14,3.0445543171852734,4.838739183457198,4.482993931191944,5.075577042795074,4.428019896975957,3.8556024856377027
2014-08-15,3.048572156162482,4.832146410075215,4.48783118739855,5.075372827259454,4.438868458004156,3.854553596040276
2014-08-18,3.040116215141907,4.827993678764813,4.49550191963088,5.083717138619439,4.428879327599659,3.8643440819699078
2014-08-19,3.0421359514948483,4.825750457346809,4.5010897412605235,5.088922593251496,4.4257848355583755,3.866420355981941
2014-08-20,3.04495685553412,4.822054196958102,4.5010897412605235,5.0915902020249,4.424148321337652,3.870947142372118
2014-08-21,3.0473683264996336,4.81120824704762,4.503114343850728,5.094501811489863,4.429736292676042,3.869397258557702
2014-08-22,3.045761355732671,4.8137278987921,4.504629730709302,5.092947060124075,4.435293844971023,3.8613518351467584
2014-08-25,3.0473683264996336,4.810068279556433,4.508157064692075,5.098004518902388,4.439037827450223,3.8591345384473286
2014-08-26,3.0477697339211,4.815025830605046,4.509162497356033,5.098653549267783,4.435805403155016,3.8610916000892996
2014-08-27,3.0493735734923613,4.814782600543284,4.509363865670359,5.098253930581983,4.444290859733292,3.8617428630789425
2014-08-28,3.0501745296952323,4.820281565605037,4.508257939257833,5.09770450870091,4.449515639510525,3.8616124839309807
2014-08-29,3.0521742531937583,4.819151900437668,4.5119728619476795,5.100549025611858,4.45018719984769,3.866938711697087
2014-09-02,3.0376868966719144,4.801148081772721,4.514874891678271,5.100050167701521,4.432787145746777,3.867068478108949
2014-09-03,3.041732366871189,4.805249810195595,4.508961676475866,5.09950182517237,4.438339534391905,3.8696558985910086
2014-09-04,3.0376868966719144,4.799749667811179,4.508056432174159,5.098054573993293,4.426081830598716,3.865901571644525
2014-09-05,3.036064188287966,4.804512707114659,4.51307452250127,5.102539745349677,4.424182974155508,3.876481052001025
2014-09-08,3.0311803880585986,4.793556675149594,4.5149750073959245,5.099950905844054,4.424614799309964,3.875453845819127
2014-09-09,3.022986845870157,4.794715610594804,4.506647101917,5.093599567427759,4.423837215089068,3.8692681921444136
2014-09-10,3.015969270597332,4.789656083374855,4.514874891678271,5.0973548804722695,4.4175073329500805,3.8533720663318176
2014-09-11,3.0109859967855357,4.7830653040467865,4.5140755270173845,5.098503932248875,4.414196223067156,3.8541602312512766
2014-09-12,3.003044285485754,4.773899766061176,4.508961676475866,5.092645341129363,4.4036683295742165,3.8229696391017676
2014-09-15,3.0043024505248743,4.776093692685109,4.499264613502144,5.091891958136121,4.405166484019389,3.8180838336049137
2014-09-16,3.013480690970587,4.7776939157109615,4.507956125861466,5.099401950360198,4.401107182072568,3.8278320215003916
2014-09-17,3.009319152225757,4.7667787089735745,4.509463779014507,5.1007477926248495,4.398539458247857,3.8275624992856097
2014-09-18,2.9996816407350666,4.76881846715216,4.516971136665263,5.106063838107382,4.40172611022796,3.8187639585267936
2014-09-19,2.996729891307431,4.762942838584611,4.516351479407411,5.105162622867525,4.414370469170411,3.8199868181665995
2014-09-22,2.988248033727922,4.7608910479264255,4.5070058698702935,5.097409258533468,4.415591740216284,3.812079327686537
2014-09-23,2.988248033727922,4.767289022489366,4.5042761854397595,5.091668627974849,4.4217606046487115,3.8047985881214004
2014-09-24,2.992498003067409,4.762601220009177,4.514950125526356,5.099466362844365,4.416201862962254,3.8021233098985525
2014-09-25,2.990375276175889,4.765501719691082,4.4936922284337255,5.083198931242137,4.427977543640656,3.797648546439633
2014-09-26,2.9886737867585973,4.76268660300705,4.5042761854397595,5.09111294698111,4.426512927951598,3.8110135482304925
2014-09-29,2.9946162335324726,4.762430301755989,4.502959543676151,5.0892919191550465,4.434499005101341,3.809629985878273
2014-09-30,2.977112987809872,4.755398891356568,4.504377452228297,5.086656253495912,4.428838284734111,3.8046317732546835
2014-10-01,2.9736617548034046,4.760206159339369,4.488254912983736,5.073011788881357,4.448043598670951,3.8054663333083387
2014-10-02,2.969764875782022,4.7599492214766,4.488254912983736,5.073166415401756,4.439293538976591,3.8037960910569133
2014-10-03,2.960174528896657,4.741535065834073,4.498081731091388,5.084115613378688,4.443551030369469,3.810044892332116
2014-10-06,2.9727972773996685,4.753848767838872,4.495940449341102,5.082944032457998,4.444145142384721,3.8126715361423344
2014-10-07,2.9688969236156946,4.756688838872374,4.481649207940316,5.067387538220869,4.457555981003599,3.804770815886508
2014-10-08,2.9649811991394537,4.76618299222741,4.500929885482607,5.084725733021029,4.457807178203607,3.826247547614307
2014-10-09,2.9531415771622607,4.767629108497495,4.484647853863213,5.064693231554934,4.453442271306656,3.826247547614307
2014-10-10,2.9496064655019305,4.76720396669229,4.4593462283865914,5.053213265517513,4.4633201619192056,3.827200393453173
2014-10-13,2.9496064655019305,4.775081694381591,4.443550492308179,5.036649956999068,4.469382395677757,3.8281525811473327
2014-10-14,2.934441037750297,4.77567213509628,4.443657919470783,5.038195915902811,4.475901719142435,3.8442001253294076
2014-10-15,2.92177689232022,4.779039438014037,4.437183652958286,5.03140713264076,4.483767526411363,3.8403132431032905
2014-10-16,2.931740986282953,4.7809705360308605,4.430884916117308,5.030548516564605,4.477381809554114,3.841923313930493
2014-10-17,2.9353396061115262,4.779039438014037,4.443980490285853,5.042290203680535,4.471781082347154,3.843129474622678
2014-10-20,2.9281290634924746,4.78582371115512,4.4588163706345085,5.051953161744857,4.475408360691454,3.8582816164176235
2014-10-21,2.936237266558982,4.787658367591582,4.484751127882066,5.071570261439261,4.467393343987748,3.867341682708018
2014-10-22,2.9249581240192613,4.781976531407582,4.4795765660741385,5.064433956744159,4.468471376559499,3.867603247655212
2014-10-23,2.9366857442065193,4.775081694381591,4.4945101778034715,5.075991637921714,4.459564941298171,3.8752841647139378
2014-10-24,2.930387865439484,4.773646323067058,4.5026551123041845,5.083657377348676,4.460568218572184,3.8745055101648846
2014-10-27,2.9276767310281633,4.771192949133175,4.50336482939482,5.082282070872182,4.462403864682602,3.881876239690005
2014-10-28,2.935788587688998,4.771531710283089,4.518350191385034,5.093686729718992,4.45613071719122,3.88624701582201
2014-10-29,2.9473907077467634,4.757118473718867,4.514649657301408,5.092173652558053,4.458393854931959,3.8805869944868943
2014-10-30,2.938925423238652,4.746582960133017,4.516751374824709,5.098563930802966,4.459230674288452,3.886887816735486
2014-10-31,2.9375821976331054,4.72437446597242,4.530454482910517,5.109934477672328,4.456634030325777,3.8993722145962906
2014-11-03,2.928581293435998,4.719837274571914,4.533408537900591,5.11047998465235,4.456634030325777,3.9080696598633304
2014-11-04,2.9140090759099206,4.720461241200594,4.53005986651237,5.107004243077607,4.459739841897806,3.9096999050661023
2014-11-05,2.9167575715362872,4.698569458585537,4.530158555771062,5.11330037735935,4.4583141549783845,3.907567445955241
2014-11-06,2.9176720605871314,4.699388836230876,4.533310168875344,5.117295684765224,4.4518306903269504,3.899878482902264
2014-11-07,2.9222321060341816,4.727122307544389,4.532424740139121,5.118230615402164,4.463252987688481,3.8986125632078847
2014-11-10,2.9126320418761864,4.704653456184726,4.535961760875619,5.121372989373852,4.4540247692574875,3.9068138435969777
2014-11-11,2.9176720605871314,4.71885595856334,4.539095084524779,5.122352971005836,4.454699073659916,3.9029109530347217
2014-11-12,2.9144677351544797,4.7140245909001735,4.540853889505751,5.1212748199780185,4.453856055520057,3.8953129696773043
2014-11-13,2.895957060275014,4.715548077060686,4.545138745291126,5.122402004016206,4.456213690549071,3.9007644148488985
2014-11-14,2.9066426067681848,4.740312790594341,4.548243732691516,5.122647042065183,4.461078732508261,3.892512542784143
2014-11-17,2.902474838865372,4.736636975488466,4.545235957661672,5.123283187559659,4.458566133568253,3.896964049905117
2014-11-18,2.897357443089781,4.745366843006866,4.5526905803013085,5.129040604270981,4.461330191726364,3.901269516283741
2014-11-19,2.8922135132766327,4.733387486473362,4.548146893059687,5.127433777676609,4.454952053366273,3.892257491395897
2014-11-20,2.900617082062428,4.743714000750025,4.552594009540215,5.12918644468839,4.460158173213658,3.895567165490043
2014-11-21,2.911252901456461,4.748317689917109,4.554521167074869,5.134522886691888,4.4661716926510895,3.90177497935873
2014-11-24,2.902474838865372,4.745888198229304,4.562289395464823,5.137325035021883,4.467003345273312,3.9053048561797827
2014-11-25,2.8978238019063682,4.7482310050240795,4.5638166151933826,5.136601713975047,4.4752890010324275,3.90706490302845
2014-11-26,2.895489935293199,4.74632249754416,4.570281956383734,5.139156726364079,4.478007889278221,3.916692263238819
2014-11-28,2.8486140140283616,4.719480537609723,4.574914985006188,5.137035787312638,4.485876123517507,3.9191772992275613
2014-12-01,2.8689733972892784,4.758577748323826,4.563530558407848,5.130061672735011,4.480024727814232,3.916692263238819
2014-12-02,2.8476339978337113,4.746148773946712,4.5675297481999095,5.136504579848752,4.470265693587818,3.9228940295103674
2014-12-03,2.841734201761303,4.756430995568851,4.569333474523715,5.140360267326082,4.474163766299676,3.9219045182855097
2014-12-04,2.8387713666915873,4.752555149199199,4.568859370714577,5.139253603230213,4.482490518746921,3.924500078819041
2014-12-05,2.836295353053266,4.739963284996544,4.568953908850956,5.140889252500661,4.476644987946685,3.919425880038433
2014-12-08,2.8187906965250087,4.7516918281075595,4.561811780091441,5.134184191094551,4.488793660046368,3.9257344200430535
2014-12-09,2.825829280768419,4.772293519680772,4.564960580721826,5.133506365597821,4.493919503710731,3.9302857783951644
2014-12-10,2.810176388867627,4.770345576185738,4.549115513172372,5.1173446920835985,4.501198442139516,3.9293035580028692
2014-12-11,2.8009738119114664,4.768054069633952,4.553847337298685,5.122402004016206,4.505299436419304,3.931144664451102
2014-12-12,2.79272202350038,4.765672113832899,4.542901141675178,5.106108590922981,4.5187710815710656,3.9223994340426818
2014-12-15,2.776538184412386,4.7396136572018746,4.532522950169103,5.099215484477864,4.51670986716654,3.9093240540333
2014-12-16,2.770731804666368,4.744497224660623,4.516351479407411,5.091163535922275,4.529011102860746,3.90794403427262
2014-12-17,2.776538184412386,4.738564039781414,4.534391614424056,5.110578575108091,4.519957256296274,3.9306539841475434
2014-12-18,2.773375194200651,4.746235639517922,4.5581731976633355,5.135006820955638,4.502003848815668,3.9376237361850857
2014-12-19,2.7880505353945337,4.742930096443351,4.562563308011834,5.139252529853751,4.515359929522818,3.9371359279228844
2014-12-22,2.7696724294635744,4.723397594467426,4.565053026224712,5.1438418506420565,4.51670986716654,3.9537166902285135
2014-12-23,2.7796910832875485,4.725084263705137,4.561508651626481,5.145190586591381,4.496675865621332,3.950917508764579
2014-12-24,2.766487673448231,4.725350316476229,4.562371736367355,5.145286613974197,4.5021039927388085,3.946765080026839
2014-12-26,2.7654239702655787,4.743452789733884,4.56944148876114,5.14850654483909,4.505808352276864,3.9503080198857665
2014-12-29,2.7557982284298634,4.733299497590106,4.569251388553087,5.149848742694181,4.513255282457267,3.9557804577810107
2014-12-30,2.754722784318936,4.746669721770838,4.562563308011834,5.1444683074884265,4.51596460328463,3.955053131519537
2014-12-31,2.74716358345537,4.732507450570564,4.552253726321728,5.1344959246845905,4.517872346629705,3.9380376435526983
2015-01-02,2.7351677553771485,4.736899972716605,4.549246791596467,5.133960758197781,4.528929015077738,3.952987201751308
2015-01-05,2.720802771377571,4.7518645914925886,4.534469488413418,5.11573597985864,4.544515713720033,3.9584453288301487
2015-01-06,2.711297524459386,4.763199073664009,4.520970155526419,5.106272236026488,4.562372293777826,3.9683158205431144
2015-01-07,2.7050986781112925,4.757290236670034,4.533778974385543,5.118656299493008,4.560396234207432,3.9835305043358
2015-01-08,2.7090478823705406,4.753072836969084,4.55273777677263,5.13624568881056,4.547064381017151,3.987298084072409
2015-01-09,2.707357212017293,4.764393709753965,4.54613342943301,5.128199935680695,4.557957108557008,3.987768256068795
2015-01-12,2.6851152049478877,4.775419140955619,4.535651838153472,5.1203353488253995,4.563662582549688,3.9953743252121963
2015-01-13,2.6810699559073043,4.772039669215925,4.535356381750528,5.117518941192429,4.563662582549688,3.9938579996635024
2015-01-14,2.6920116105314515,4.770430365201324,4.529824864630328,5.111463520740035,4.571220462733603,4.002460507022406
2015-01-15,2.6781704499418235,4.7952945750319875,4.516764543561062,5.102260306588218,4.586833692254957,4.004772466985259
2015-01-16,2.6971529778944188,4.808274254565508,4.5284372529885975,5.115289627849138,4.574002137486155,4.013397468426552
2015-01-20,2.6833834836131625,4.821893144928059,4.536340733677493,5.117419844163742,4.587204280309405,4.005465639342036
2015-01-21,2.6897181106888164,4.822134713247509,4.541445054662444,5.122455037014796,4.575577915321495,4.004772466985259
2015-01-22,2.6885692231211475,4.830152073382086,4.559779605485208,5.13721658813888,4.571973079105022,4.022401579709484
2015-01-23,2.682227421432109,4.822134713247509,4.561988164301639,5.131719082865754,4.58579508112174,4.019560866964669
2015-01-26,2.678751194314192,4.81210303388518,4.5608364050435775,5.134057600234782,4.582748211701207,4.027946402872492
2015-01-27,2.6839609487812983,4.823502192570986,4.534567989094753,5.120779637069965,4.584310044765061,4.02828497382373
2015-01-28,2.6694216079400577,4.815593158056957,4.529428436004339,5.107872142664243,4.600526624081867,4.0216066239965995
2015-01-29,2.664724102771036,4.793805122528522,4.538994257321857,5.117073475933547,4.5939242492016135,4.025121215591193
2015-01-30,2.6885692231211475,4.8158361910705905,4.531210471323252,5.104418707511983,4.611505210337356,4.004311058952301
2015-02-02,2.70226804675167,4.807457740465771,4.539876904178873,5.116726713233342,4.607723381328663,4.001649672941151
2015-02-03,2.7296670399510465,4.796203708594788,4.549441297267695,5.131084405136313,4.586329409807554,4.01030098100172
2015-02-04,2.707357212017293,4.800572497381069,4.548566490663994,5.127269395240502,4.588037174772017,4.006157706586523
2015-02-05,2.720802771377571,4.802298257616281,4.557180978128142,5.137313563511156,4.576997966247056,4.018080391252654
2015-02-06,2.7235813679432743,4.776093692685109,4.551090613499504,5.134544725384921,4.559137032436503,3.9885902074909843
2015-02-09,2.7335205853367768,4.780551029737651,4.547885807399085,5.130058693689213,4.557532151746288,3.981523062321056
2015-02-10,2.720802771377571,4.774659774270568,4.563330023342077,5.140655790333377,4.5495466420727935,3.9847093852355364
2015-02-11,2.712981678276884,4.762772043884801,4.566963003228766,5.141235594217322,4.551394983775861,3.981759395195977
2015-02-12,2.728011026090351,4.765075672288327,4.5785394170887495,5.150806530529788,4.5480806587201466,3.993624227929181
2015-02-13,2.7390002021549456,4.770515147028341,4.587087757987868,5.154914676114842,4.537758563580415,3.9869454161265705
2015-02-17,2.7395463743124555,4.753676412701508,4.588022738770305,5.156486333328288,4.5225880998482495,3.984473393785477
2015-02-18,2.7274582659928233,4.756516907004968,4.589423456622795,5.1565818975442825,4.528511061550803,3.993741155781138
2015-02-19,2.7241360869079285,4.753072836969084,4.59435700511213,5.15586771440999,4.52187539910679,3.9720217851916964
2015-02-20,2.7202461369512934,4.747363941102239,4.601020658418603,5.161850150052173,4.524803608939309,3.9816410578322396
2015-02-23,2.713542243476367,4.748664288270637,4.602034859113499,5.1617080346142306,4.5361972052247745,3.9896463129759185
2015-02-24,2.714102684202496,4.747190464542534,4.602771834947188,5.164544855989734,4.549237593792612,3.9697515920768645
2015-02-25,2.7291154437388365,4.751000607823158,4.600282773741294,5.163694680437138,4.553547247430121,3.9699907950381883
2015-02-26,2.720802771377571,4.7541934547512925,4.6053466383149715,5.16251288459985,4.539785115222225,3.9590496613592787
2015-02-27,2.731871070140453,4.754968582602909,4.600928644149968,5.159100636083035,4.548157635532999,3.9668771901676347
2015-03-02,2.717458370667026,4.750827761048558,4.609928439806912,5.1653944836378916,4.529355765063716,3.9726184017485866
2015-03-03,2.7235813679432743,4.749010766535369,4.605255021256665,5.161281917076065,4.52572339802951,3.9707079169143564
2015-03-04,2.7146625583736848,4.745888198229304,4.601389856177524,5.157057297078021,4.526039633128204,3.961103044571955
2015-03-05,2.7107355723657034,4.74493212836325,4.60314000461555,5.158150938693131,4.524773430814371,3.963994140098415
2015-03-06,2.6982919872863427,4.71724809484983,4.591753480506486,5.143986349721293,4.502433703248106,3.930229816629846
2015-03-09,2.6954421885515467,4.7182309891741605,4.5946355360467885,5.148122462643439,4.511622071304028,3.938161254651527
2015-03-10,2.682227421432109,4.7133068281588635,4.575894642880262,5.131767839022749,4.524694136551459,3.9374200281856298
2015-03-11,2.6874191438996866,4.707275408925245,4.570107819309921,5.129423412595254,4.531953000672371,3.938284701839717
2015-03-12,2.6828056847863206,4.707004502894496,4.576650580532951,5.142056995234471,4.53124579542725,3.9555379770736545
2015-03-13,2.6623670159549984,4.708448510670832,4.5722935521461565,5.135905512113708,4.528172864896979,3.9549314448545094
2015-03-16,2.661186252563443,4.70781700091587,4.585121533862414,5.149178001800508,4.537754156395365,3.9651966985734433
2015-03-17,2.6540729143399964,4.702387628396334,4.586713629565771,5.146200990530938,4.546004736564675,3.9648360032459062
2015-03-18,2.6810699559073043,4.721797022362118,4.596490428992165,5.158150938693131,4.565123704736068,3.985533711939098
2015-03-19,2.6641351524264736,4.721084818737688,4.597972023762171,5.153579088730032,4.560015415495279,3.985062629740299
2015-03-20,2.677589564743622,4.732419384216438,4.604424134445405,5.16236710494676,4.56527544812376,4.009841494755691
2015-03-23,2.6891438966895587,4.73873908592007,4.602487299492992,5.160416788902742,4.564058470929285,4.008576765913432
2015-03-24,2.6810699559073043,4.741185987241872,4.598880688367404,5.154781611546495,4.573680558194506,4.000026518820966
2015-03-25,2.6839609487812983,4.742581571070474,4.5757294950572645,5.140019342567733,4.565199221984589,3.982623765291495
2015-03-26,2.696012927073509,4.749097383864128,4.572310030389889,5.137635164043327,4.549486872760542,3.977383708737349
2015-03-27,2.675845078812584,4.745453710216598,4.576298126796903,5.13992253985922,4.5618480314189505,3.9786961922692994
2015-03-30,2.6810699559073043,4.7340030578310595,4.587700125143819,5.152048244862849,4.556875641776647,3.99290414888844
2015-03-31,2.6694216079400577,4.733211568088835,4.577056349107748,5.143270327163778,4.559020389027814,3.984047673669365
2015-04-01,2.6874191438996866,4.750135943038632,4.571834180811201,5.139728101675668,4.5720700046451075,3.982623765291495
2015-04-02,2.682227421432109,4.747363941102239,4.572500338369318,5.14331861246542,4.561418348755931,3.990196808456914
2015-04-06,2.6948712529445604,4.7595208667401705,4.5806477878685445,5.150029719613392,4.555818172726835,4.0005168632712165
2015-04-07,2.6999979123145317,4.754538022895582,4.578948101204847,5.14737985189852,4.564167851288863,3.9827420575130876
2015-04-08,2.6804906876820853,4.749010766535369,4.5868563043910475,5.150750647180253,4.564473194462945,3.984284759249852
2015-04-09,2.6804906876820853,4.742058422082177,4.593119720486937,5.155164553642696,4.5514244496299705,3.963315021891296
2015-04-10,2.690865421107223,4.7533315474946365,4.597211275329253,5.160606895888187,4.5528906876878485,3.9625884425235713
2015-04-13,2.6862678054512936,4.746148773946712,4.594702304083705,5.156073992558727,4.554278197528305,3.9599180227468893
2015-04-14,2.690865421107223,4.740050689515414,4.591814023722975,5.157985208530248,4.561340791767548,3.963436127535971
2015-04-15,2.7107355723657034,4.748664288270637,4.598046099697569,5.162462108847279,4.560499314414855,3.9559008728839262
2015-04-16,2.721359096134329,4.745192953295877,4.596654184421642,5.162176632959836,4.555510255100904,3.9584596040263618
2015-04-17,2.7191320005874693,4.750135943038632,4.580931413649215,5.150606680116273,4.566910766015526,3.9538248420119637
2015-04-20,2.7146625583736848,4.742494387492028,4.595818504796391,5.15970236064162,4.558046524886777,3.9552905423267313
2015-04-21,2.707357212017293,4.7482310050240795,4.6000843379483465,5.158510131246534,4.553507721389122,3.956998107011912
2015-04-22,2.7107355723657034,4.734706123422996,4.605529237122104,5.163412262957364,4.538124047493053,3.959067276178787
2015-04-23,2.7230262784614663,4.741971259419094,4.609295955885132,5.16592519989862,4.542421403458313,3.9617391672082185
2015-04-24,2.7224708806841864,4.72783022571874,4.622775079157468,5.168242952062546,4.5486386669601995,3.96379906671837
2015-04-27,2.7224708806841864,4.747797600114502,4.620238730770966,5.164076842806162,4.5486386669601995,3.9624668714655735
2015-04-28,2.7241360869079285,4.756430995568851,4.618241653240371,5.167250324703196,4.534751618241676,3.960525827118905
2015-04-29,2.7307696311892067,4.749357124794489,4.611951492671998,5.16312723290153,4.522420456122677,3.9401618808112913
2015-04-30,2.7384536698560136,4.7315384955608355,4.596096936969426,5.153056069846125,4.524168518751328,3.923793743932306
2015-05-01,2.7373595231227563,4.728095549017949,4.609204092060384,5.1638389575646855,4.510615336084676,3.9313242109339344
2015-05-04,2.736811969606657,4.737075243494858,4.610853544252615,5.166682629074071,4.501135204046934,3.9323236632706218
2015-05-05,2.7449931608896305,4.739875872837458,4.5944233290383645,5.155164553642696,4.499750667938616,3.910350541355288
2015-05-06,2.7449931608896305,4.739351372791218,4.587512455242123,5.151039579943507,4.482481634751418,3.908433195741153
2015-05-07,2.7291154437388365,4.731097726441862,4.593492155024138,5.155021132632276,4.495829728523361,3.9236676652220748
2015-05-08,2.734618938193733,4.735935266578385,4.605897384283861,5.168101568497694,4.498526855280361,3.9375561356116378
2015-05-11,2.730218394256984,4.73206710842419,4.602025521979595,5.163317174644131,4.473901594717226,3.9224072111695554
2015-05-12,2.740638132228242,4.740574822994295,4.5974894737983565,5.160321415314296,4.476491935712626,3.9254302683933013
2015-05-13,2.7417285765629984,4.758320391665874,4.5995290759214,5.1605118906963225,4.468448634180185,3.9158258089315545
2015-05-14,2.7477053163531098,4.763711216720976,4.614052586958301,5.170885671335628,4.4711369584811305,3.934943508195938
2015-05-15,2.74716358345537,4.766693609758452,4.614052586958301,5.171968716877953,4.490988598000481,3.9451071072990658
2015-05-18,2.7444497724171297,4.766608503300836,4.618423192682535,5.175070604140169,4.474068874038634,3.9425138629551997
2015-05-19,2.7230262784614663,4.752641460079654,4.6173323307773435,5.174741916196803,4.4651624400902925,3.939045709577227
2015-05-20,2.720802771377571,4.754279624350008,4.617968943312006,5.174037652835559,4.466849423394801,3.9381768629040117
2015-05-21,2.732971235245145,4.750914221143799,4.623136783012898,5.176945889862412,4.480738241301017,3.9334472838286882
2015-05-22,2.721915048863064,4.750135943038632,4.622141519895468,5.174554305034157,4.481153754693653,3.932198879805099
2015-05-26,2.70226804675167,4.7354086950609675,4.610578811774576,5.163744346238242,4.498118329931464,3.9245493551538804
2015-05-27,2.6885692231211475,4.735233064927128,4.626567206989657,5.173191795113147,4.500402976412879,3.934320396939755
2015-05-28,2.693728273905872,4.7363738421618145,4.624311754630358,5.172062899556755,4.497954686207857,3.9323236632706218
2015-05-29,2.7062283597563273,4.737075243494858,4.618332464729186,5.165830524451773,4.500157849183799,3.9207658791067614
2015-06-01,2.703967399650265,4.736198448394496,4.621688956817956,5.167864986568321,4.489352076509392,3.9329480942823745
2015-06-02,2.7157817457472,4.7402254089822895,4.618514138253029,5.1668718097500115,4.475301858507147,3.9236676652220748
2015-06-03,2.7028347760379647,4.733035551615066,4.621507859212119,5.169518150259014,4.459096741946863,3.9092007282079964
2015-06-04,2.693728273905872,4.725970853679795,4.613869874104503,5.161035489120646,4.472031956857083,3.9072812512748376
2015-06-05,2.6982919872863427,4.720639416761503,4.61149406588935,5.159320889643822,4.4597771653608085,3.896076603676822
2015-06-08,2.6988609096002136,4.723575247655726,4.601286540498519,5.153152403486647,4.458670723142605,3.8942612917918127
2015-06-09,2.7146625583736848,4.72579362560685,4.599621449209903,5.1530081642238965,4.450722894894973,3.8869689440849333
2015-06-10,2.7185743092903927,4.734266748593875,4.61323064585946,5.164930268060606,4.441931770211788,3.89400186986164
2015-06-11,2.7096107199196524,4.729686079546956,4.614690912323911,5.168148495806172,4.462748597216071,3.9000832656772584
2015-06-12,2.6994296366830004,4.729421177972982,4.606449274831628,5.160464165788636,4.462748597216071,3.8991798056018667
2015-06-15,2.6948712529445604,4.733827247713046,4.601471490224695,5.156169332343106,4.464358502306031,3.893742069808327
2015-06-16,2.69772267687732,4.730215672269272,4.606909014535643,5.16160631128716,4.472199200619701,3.9017591778692196
2015-06-17,2.7005660573599983,4.734881779107211,4.609662491346338,5.163221989958699,4.464442552263373,3.9102226797592916
2015-06-18,2.7005660573599983,4.747710870123862,4.624131281149346,5.173567407264869,4.459522138056503,3.9239196559653498
2015-06-19,2.6914388416461907,4.7459750864375385,4.6191749015233405,5.169118789110017,4.47228337840323,3.916206138445875
2015-06-22,2.6948712529445604,4.733035551615066,4.626518739258869,5.174228815894041,4.4516658756898995,3.90587177057857
2015-06-23,2.706793040662634,4.726413887866851,4.627331775139978,5.174936397192768,4.445646733254033,3.8974998710304964
2015-06-24,2.6999979123145317,4.723752869288976,4.6221733236554705,5.167647215671224,4.454234623265974,3.892053123239885
2015-06-25,2.701133815780408,4.7224197677513,4.620175149375222,5.164602154016277,4.450722894894973,3.881858469382396
2015-06-26,2.7056638059167706,4.723486391116313,4.613516983478438,5.164411409502885,4.439418083467434,3.8890252829092544
2015-06-29,2.701133815780408,4.728007093248155,4.5896222367643595,5.143218030304879,4.465542805634497,3.8733562159792365
2015-06-30,2.7224708806841864,4.721797022362118,4.593177787402278,5.145309374668613,4.458585656608024,3.8729545511907
2015-07-01,2.710173367747743,4.7183203138987215,4.601085162957501,5.153292741111328,4.444996025188839,3.88928849647361
2015-07-02,2.7084845372048942,4.716353734063152,4.601362975215726,5.152376795467166,4.448277114494629,3.891788067291873
2015-07-06,2.6752627751777953,4.71903442035054,4.599044436692046,5.1495267971738405,4.466641849778475,3.898074630322825
2015-07-07,2.6694216079400577,4.7073657175897825,4.601548293661115,5.155795572989548,4.475992617827058,3.913621230149823
2015-07-08,2.664724102771036,4.710340650628383,4.583982880068847,5.138876240413848,4.484592339670737,3.9097569510957637
2015-07-09,2.6764269123252387,4.7127682020669965,4.583416887227215,5.14068339065306,4.464693606148766,3.904970915073611
2015-07-10,2.6810699559073043,4.713934881618743,4.598580144652848,5.153196597408702,4.448707850951306,3.913235572583664
2015-07-13,2.681648888775099,4.7094400879168345,4.6159850595252525,5.164173080366954,4.445600913775789,3.914649101337017
2015-07-14,2.6781704499418235,4.707185092104316,4.622536144960286,5.168501770359082,4.448880289838406,3.9167017555112174
2015-07-15,2.666488278997812,4.701933887663948,4.623624044403807,5.168169699275095,4.459421521160105,3.91836629326751
2015-07-16,2.6617768085344835,4.698296183440316,4.637658085322836,5.176161629186062,4.466303102964025,3.926394263784616
2015-07-17,2.6564497429525615,4.688131720746423,4.652290517169472,5.177009286333541,4.471454537410689,3.922834331714779
2015-07-20,2.640296270302924,4.660604864004311,4.65571807018019,5.177526988584166,4.467234139888808,3.923979816716705
2015-07-21,2.6445092426718375,4.657477991677508,4.655103742110923,5.173567493695617,4.4726330847458176,3.9211770695413604
2015-07-22,2.6299899537653166,4.652053801006768,4.6437142217182545,5.171771752918733,4.478839888785809,3.925505468166729
2015-07-23,2.6214220237202284,4.647558970030484,4.63997784151334,5.166125756817028,4.491221276643637,3.912978283257884
2015-07-24,2.6133997462584624,4.657288125766297,4.63012573621103,5.155699757618041,4.4936954694949,3.917214280362449
2015-07-27,2.59400593797173,4.652626132965019,4.621810295628668,5.149865027533005,4.499035326142453,3.91900608942764
2015-07-28,2.602184675701067,4.654150776245005,4.630395672129675,5.162073383554073,4.491716297531001,3.91964487079331
2015-07-29,2.605312731957906,4.655578071121509,4.634167811049855,5.168928817426341,4.487995466704106,3.926140714421255
2015-07-30,2.6015579168540586,4.646983656606876,4.638908040692749,5.169166015956544,4.495670646950566,3.9211770695413604
2015-07-31,2.5876687493023107,4.653293464078194,4.637746929116194,5.167647215671224,4.503042692600316,3.9290562207209283
2015-08-03,2.571001801672811,4.645351960963104,4.634616170527404,5.164268610761591,4.513514027674872,3.9352395625304446
2015-08-04,2.5768026916404656,4.647367211282585,4.63273246537212,5.1623122135748485,4.505550639582616,3.9279162388717017
2015-08-05,2.572939075958999,4.643717598536689,4.640423456838005,5.165602203914708,4.498016766974274,3.9213047476493763
2015-08-06,2.5722937105030637,4.6481338795733675,4.6242579378672914,5.157380780539082,4.50685512219817,3.9227069997306505
2015-08-07,2.568412819908194,4.650621463472791,4.622989374132134,5.155459254910786,4.519888048087588,3.926394263784616
2015-08-10,2.5895741047857497,4.660794101282656,4.634347075224627,5.167979894848693,4.507424914847693,3.923216230415453
2015-08-11,2.576159743076319,4.665888941126603,4.62144743601327,5.1589155049048765,4.523180055923277,3.9298153623687866
2015-08-12,2.572939075958999,4.6798137289838575,4.624891429764389,5.16011277029737,4.517714069003008,3.9329728990475803
2015-08-13,2.568412819908194,4.671519572241318,4.62326146781677,5.158867791457798,4.51448485415038,3.9341066864404057
2015-08-14,2.5619108143227267,4.671425967484587,4.624800987550151,5.162503271488265,4.516827467723591,3.9395078705379603
2015-08-17,2.5579891177905845,4.6740430246366245,4.63309162482118,5.168074367031073,4.521334607974263,3.9479898489653418
2015-08-18,2.5527363478484,4.6738563494749,4.627963099665659,5.165173646397178,4.513433417404912,3.9507187665059194
2015-08-19,2.5414818232805314,4.687210924438145,4.621356231351635,5.15723679851524,4.523260381199282,3.9447551877448186
2015-08-20,2.544141382361106,4.7044724091681305,4.593271289670317,5.136134522714436,4.533309021179609,3.9373760682231067
2015-08-21,2.5274016672423665,4.710700662482518,4.548581669109633,5.105569574660828,4.536319974002524,3.9186222760127754
2015-08-24,2.5021011762251106,4.705286966278775,4.5093455611354605,5.062550511138681,4.536003458185045,3.8706756367933157
2015-08-25,2.5062477441219873,4.692814729388226,4.505580392019167,5.0507127732524655,4.519807534552442,3.8427811394523825
2015-08-26,2.500021544063171,4.6790709768214525,4.554715371829081,5.08838806591133,4.500315456027584,3.869467557313511
2015-08-27,2.5354716758685507,4.679628128066721,4.579732178472435,5.112822169461845,4.500889578826855,3.8886296297169514
2015-08-28,2.561258289882076,4.688591766052115,4.5795426940139965,5.1128723148927895,4.503836146554257,3.887178890196668
2015-08-31,2.5851225429880302,4.68969513825337,4.5670621592337,5.104760597703185,4.496124162681756,3.864078781568068
2015-09-01,2.551418981542978,4.693181035364304,4.535310484924703,5.07445801727198,4.5033036710920245,3.8448486078194977
2015-09-02,2.559951888518385,4.687855577892853,4.5631239577243266,5.093261425676847,4.494662286587536,3.855123445878376
2015-09-03,2.566466602094398,4.680648613205267,4.558203503985488,5.093977465408695,4.49952666452184,3.857845660500082
2015-09-04,2.554052277636212,4.677397800111212,4.546235400699538,5.078725278719828,4.508616381946286,3.839048365326444
2015-09-08,2.561258289882076,4.677676845553358,4.5740362967495525,5.103545672110367,4.493752271651214,3.8540324978781886
2015-09-09,2.548117430871382,4.664664731894319,4.562738763717481,5.090084000265632,4.498539162785152,3.84250482116647
2015-09-10,2.55667858372031,4.667017563495577,4.573560086939157,5.095510245452082,4.49176449576316,3.8447107843681825
2015-09-11,2.5553662558304926,4.664947424520084,4.579069334751634,5.100044679252589,4.4980453007533026,3.863673372262439
2015-09-14,2.542812411975746,4.665512426486469,4.576033371113368,5.096327110867022,4.4996091666966835,3.864213641397487
2015-09-15,2.5461314201117173,4.662495267016038,4.587746163723924,5.108749249311251,4.480259193248384,3.8740251404825425
2015-09-16,2.5625629132528718,4.675721819188069,4.593364783196499,5.117378063229949,4.476477878720721,3.8846677573110786
2015-09-17,2.5560226350509474,4.68592036945338,4.593737898203995,5.115127910044704,4.488609280728474,3.8959835749762384
2015-09-18,2.5408157516913015,4.693272625826455,4.579412984860172,5.098651499870795,4.503877601025328,3.8942812505114346
2015-09-21,2.5520778816274214,4.687026621210314,4.582540802591381,5.103805568303508,4.487444702920521,3.902764040903388
2015-09-22,2.5461314201117173,4.680184898287157,4.567477144461403,5.090741006846229,4.501253126743536,3.8900785016006574
2015-09-23,2.538147245992809,4.684166203494418,4.568245090282188,5.089140894793948,4.501170844748873,3.8963330854926097
2015-09-24,2.544141382361106,4.704924999790931,4.564590792678448,5.0855188893326195,4.507964197823004,3.8869094878481874
2015-09-25,2.5500995796658628,4.698751577376617,4.556076795155521,5.085259860784507,4.499280050125772,3.8909024812786877
2015-09-28,2.5361412398246665,4.68601255694366,4.527195117716588,5.059841863837359,4.516249416689782,3.8752404734996877
2015-09-29,2.542812411975746,4.681946055878616,4.521981034883354,5.06042661167523,4.519076467544047,3.8858425082269656
2015-09-30,2.5500995796658628,4.671519572241318,4.544742101901835,5.078913324098896,4.515601859593523,3.89421741227223
2015-10-01,2.5434770804627997,4.670302312378451,4.549252439328842,5.081518941500923,4.519859549197651,3.8991033726393147
2015-10-02,2.5500995796658628,4.691256115300977,4.566611796174884,5.096346625274795,4.525898417484249,3.906322814947316
2015-10-05,2.5632145872271,4.68923553024308,4.580836046812397,5.113984694578683,4.512237967302233,3.9230533319726892
2015-10-06,2.5825699090322582,4.699206833470196,4.576085291057539,5.110552340501763,4.516541901922531,3.920735853615722
2015-10-07,2.5806512205796857,4.697749339462061,4.582067455334486,5.118709896723167,4.513213796712215,3.932143772743167
2015-10-08,2.5851225429880302,4.692631456165713,4.5860356460187415,5.127696045675462,4.504804179069529,3.940520314214209
2015-10-09,2.5895741047857497,4.708358368557255,4.590551368181686,5.128292272907346,4.507424241823867,3.938876159890909
2015-10-12,2.5735840979158184,4.7123190795717385,4.592989289284983,5.129235595526358,4.515001224534955,3.945940456635632
2015-10-13,2.5671156647181888,4.71724809484983,4.586506963644769,5.122913114123903,4.516704199320489,3.9381161379995167
2015-10-14,2.5697081486435907,4.734530369842202,4.584903483129996,5.1181080183879875,4.5254168956578305,3.9306133952885656
2015-10-15,2.5671156647181888,4.72995091096667,4.601195699660031,5.133345677788876,4.520505103257354,3.9441794618037047
2015-10-16,2.5677644526396253,4.722864309814331,4.605366852438992,5.137881872382917,4.5208277240769155,3.951706730294918
2015-10-19,2.5494392998508264,4.718677396814416,4.611084516055171,5.138374032222293,4.518080625455703,3.965607956783429
2015-10-20,2.551418981542978,4.724995608834969,4.605921399118168,5.1370943248224465,4.511912144102774,3.9652378609423193
2015-10-21,2.542812411975746,4.716085276604297,4.599801874743091,5.130871914472566,4.5217958747041385,3.9615321812987476
2015-10-22,2.5461314201117173,4.715727198411507,4.619965662915065,5.147624168110204,4.523487078978665,3.970280829275995
2015-10-23,2.5401492361549933,4.7140245909001735,4.647563869562473,5.158526363386848,4.51491973206716,3.9605411628572846
2015-10-26,2.5374790996909535,4.713396593797684,4.648184380373589,5.156065724658348,4.521553945643409,3.9602935818590175
2015-10-27,2.5327889278595754,4.715637641746653,4.650220484477836,5.154131533461816,4.524050206319995,3.959921949941644
2015-10-28,2.5494392998508264,4.707546241585793,4.658498826019179,5.165441886695381,4.520021142935975,3.9607891912130007
2015-10-29,2.5434770804627997,4.697931677195023,4.656918790524602,5.164867583316592,4.503984057689652,3.959425764958129
2015-10-30,2.5533945292011913,4.6940964231034235,4.652428794041911,5.160548492843682,4.511505197524183,3.950205875991072
2015-11-02,2.548117430871382,4.687579288504622,4.663659890323675,5.172309740735271,4.506899313568696,3.9712615280362207
2015-11-03,2.5658169713228123,4.67264193248218,4.6671441383169014,5.17520505194649,4.498664775550697,3.9611605010353528
2015-11-04,2.5487785837782884,4.663156046706072,4.667230759328804,5.17216694032906,4.499822470676943,3.9566935418328835
2015-11-05,2.5408157516913015,4.660037081651276,4.664532091106262,5.1711682389560645,4.497175843931448,3.960665366404019
2015-11-06,2.53480166329615,4.645351960963104,4.665229318786738,5.170644979643577,4.482411508793351,3.929080597185041
2015-11-09,2.52605040040054,4.648229690064237,4.654544373221242,5.161269317119692,4.4767654870839255,3.91180119433086
2015-11-10,2.5240199557167435,4.646120175246358,4.651987624013427,5.1635735169568155,4.479718768047716,3.923182053368008
2015-11-11,2.513805350223493,4.642754963950484,4.650750713756084,5.159634088726034,4.477609874838985,3.924338896598726
2015-11-12,2.49932726670195,4.642947535629017,4.640981061815071,5.1455764184933,4.482411508793351,3.917507738379474
2015-11-13,2.491659179239708,4.640151131308537,4.62114969523743,5.1342841577784,4.48810954559141,3.9060611311479483
2015-11-16,2.4965455626431075,4.641598533773879,4.635431608564312,5.149376455518161,4.487190540581693,3.917507738379474
2015-11-17,2.481106756044166,4.628300567593191,4.636059986941869,5.148647181476655,4.488861540103362,3.917507738379474
2015-11-18,2.4853410335536927,4.629179641427803,4.655072460560602,5.164388207185304,4.490946007072907,3.926263623565
2015-11-19,2.4853410335536927,4.640151131308537,4.6557764577780425,5.163525588732857,4.4975900219105105,3.9293359518059376
2015-11-20,2.483931678452225,4.635602357584872,4.662525236614908,5.167163429435815,4.494523131385504,3.9417832626493317
2015-11-23,2.491659179239708,4.627518610542039,4.659638416160469,5.166015947525005,4.4975900219105105,3.9439269832435526
2015-11-24,2.5076261731001583,4.634146317941397,4.658762007087139,5.167354258574212,4.497507098077278,3.9386230072553063
2015-11-25,2.5062477441219873,4.629472469575595,4.659638416160469,5.16721092267978,4.499822470676943,3.9426667410219935
2015-11-27,2.4909590696936412,4.617592705986649,4.661038930705492,5.168357121864445,4.498830848748625,3.9513318195353477
2015-11-30,2.484636564541001,4.624188173858246,4.658498826019179,5.164196898387853,4.502790858562686,3.9439269832435526
2015-12-01,2.495849024161175,4.627714138488071,4.668447392975595,5.173686933851574,4.516207638013937,3.957687649899732
2015-12-02,2.4747215317258315,4.612046514174283,4.662263044226084,5.163429900015863,4.516533565443566,3.9371021489174853
2015-12-03,2.48604500663914,4.622617120584643,4.645167255390225,5.149328196190056,4.488973720652975,3.921251455927416
2015-12-04,2.484636564541001,4.644583156072924,4.66827349457995,5.168643010499869,4.497719576635351,3.9401412593807725
2015-12-07,2.455317280227982,4.631519943476504,4.663747461237192,5.16256610460924,4.507376540106483,3.937355686806465
2015-12-08,2.450224704536289,4.633174346787912,4.6638343050131725,5.155824078270285,4.507868759525493,3.936467799466285
2015-12-09,2.4509537463647004,4.631227714360854,4.648538691255243,5.148013939122677,4.506800743088893,3.930868433721679
2015-12-10,2.4473027154402005,4.6303505142771195,4.6530463671027915,5.15059208770294,4.508115030619586,3.9236962454617217
2015-12-11,2.4370084884073413,4.635796385449273,4.629761638855474,5.131020013328191,4.523750556773659,3.921895452993423
2015-12-14,2.4303343392614,4.622911876458525,4.637314821553246,5.136059956447131,4.510738351099833,3.926520300002147
2015-12-15,2.428099799472661,4.62025579033941,4.643387644185457,5.146502962561563,4.504826615576325,3.937355686806465
2015-12-16,2.4236154308835505,4.632298853376344,4.658148027221262,5.161029187609623,4.502683260458658,3.9566935418328835
2015-12-17,2.4130731454463406,4.61015772749913,4.643477155247678,5.145673653093358,4.513925674235135,3.951706730294918
2015-12-18,2.417605102087994,4.625364902245851,4.624108298571449,5.12769812689242,4.519458733882586,3.9400147769161737
2015-12-21,2.4130731454463406,4.636184254310076,4.635155032476772,5.1359134996513545,4.519215407251381,3.9439269832435526
2015-12-22,2.4085208139781393,4.630935399822383,4.641707035813585,5.1449466533620685,4.511965073519901,3.9479498840976195
2015-12-23,2.4266072713053983,4.628007396028018,4.6491050064160655,5.15725410556546,4.504414833959529,3.9581759555504363
2015-12-24,2.4266072713053983,4.635214336950808,4.648927273203372,5.155602437108529,4.5101278231008175,3.9581759555504363
2015-12-28,2.4123158612268525,4.627616341993695,4.648394395417402,5.153314438319904,4.513078286924186,3.9637006825657024
2015-12-29,2.4288452290215203,4.62693164790896,4.664000992273332,5.1639302437725805,4.496325025952099,3.9742882699692395
2015-12-30,2.419110946991431,4.619270292312695,4.654948703767294,5.1568168570082635,4.495325755640056,3.970812807929235
2015-12-31,2.4243642938985825,4.619664623115014,4.642422486647596,5.146763029490529,4.4998144174978165,3.962071663424973
2016-01-04,2.416851073234285,4.633660450455641,4.621099162095883,5.132685021034253,4.507003513297619,3.94995785274862
2016-01-05,2.4069987532075885,4.636475038774207,4.619361988286972,5.134375215853065,4.502961318268077,3.9690706809523175
2016-01-06,2.3908756651847107,4.650812526373197,4.609710339947903,5.121680912833178,4.516346309814324,3.966326854487276
2016-01-07,2.3862207399446906,4.664853202524007,4.577895853503584,5.097396853507119,4.518139554995633,3.9466516664546947
2016-01-08,2.3815443093805992,4.660415663101804,4.569661276731464,5.086359231660926,4.522608235093293,3.933186926656913
2016-01-11,2.3538197585343577,4.651481068455786,4.5727335620948635,5.087348867337773,4.511603975612502,3.9388515011251473
2016-01-12,2.347373180664699,4.646408085218928,4.584264237243895,5.095384737468166,4.525925918936439,3.932154016755159
2016-01-13,2.341698383637905,4.651290133258473,4.549166428977048,5.070127707344878,4.535734929763328,3.917705149906824
2016-01-14,2.3441343315531604,4.634923111552178,4.570238108933509,5.086411193275545,4.52632959946128,3.9153424563803996
2016-01-15,2.3228220900373864,4.645159851797012,4.538709571416044,5.06471115662237,4.5417970824927,3.9084850311491204
2016-01-19,2.3145026268086943,4.6441986052399855,4.540888793248514,5.066041725389232,4.538690491627712,3.91376434729869
2016-01-20,2.306955374054494,4.657477991677508,4.537816589705491,5.053143658863323,4.549165460713343,3.8865439890378193
2016-01-21,2.3203335104106415,4.658616141443168,4.538808796753238,5.058730190891685,4.5423533264715,3.8920748383667636
2016-01-22,2.349795542838733,4.653960350157523,4.567351169442321,5.079037591380497,4.538531234579038,3.919539318995825
2016-01-25,2.3277808399059863,4.664193543698626,4.55239971404253,5.06380592471288,4.54394169172999,3.913237858625746
2016-01-26,2.347373180664699,4.675535457181858,4.561358806568381,5.077356775537333,4.544417215214151,3.9339617492124503
2016-01-27,2.3594264658354156,4.679256752011476,4.536127722207009,5.066413825219623,4.544179562829387,3.914422087608028
2016-01-28,2.3705465362369984,4.668520510082127,4.55014744379143,5.071609311055823,4.545606493153674,3.9067634554143074
2016-01-29,2.379980597334209,4.672361406993979,4.570814608591977,5.095694600544993,4.554047695140869,3.927101320043537
2016-02-01,2.361022625309472,4.682594111196836,4.573499767119676,5.095333146595364,4.550981323578242,3.9287884155179804
2016-02-02,2.343323069092274,4.682964179547924,4.5516169224152065,5.077146355800575,4.56936328635374,3.9196700077423623
2016-02-03,2.368173981596877,4.693638833975699,4.546808188814667,5.083123622699407,4.561035367592106,3.9263213871485965
2016-02-04,2.3665892051271142,4.705648801794287,4.546709834979549,5.084690687440281,4.565869495271456,3.926841334822672
2016-02-05,2.3602248640380434,4.72135193756048,4.511365768926482,5.065456689684357,4.567035290591991,3.9076909733585574
2016-02-08,2.3554249756025367,4.734706123422996,4.495960022076793,5.051904063797615,4.588326937309999,3.878667989954892
2016-02-09,2.3294282763273135,4.732507450570564,4.492850476357174,5.0519580421247925,4.589391446613967,3.8600916098050697
2016-02-10,2.3310731885430083,4.7402254089822895,4.496684369297471,5.0510949182808105,4.598165116861805,3.8670123757549377
2016-02-11,2.343323069092274,4.779627547219564,4.495235660755093,5.038001539708255,4.60514401682244,3.8527034265243287
2016-02-12,2.3578277545626722,4.773730832688748,4.5103459415648395,5.058408948646237,4.588403050072218,3.864111357685431
2016-02-16,2.3465646338350252,4.742930096443351,4.532641823091505,5.075145967556045,4.577776437921575,3.882341929323518
2016-02-17,2.3673819966853933,4.749097383864128,4.555037331567801,5.09134897553481,4.571608479239076,3.890863441369025
2016-02-18,2.3618198405475552,4.77313924429733,4.543556988037136,5.0872447561469265,4.583829974321615,3.900913549680062
2016-02-19,2.3530160466785657,4.76711896854695,4.546513098284123,5.086776357275526,4.584669810134005,3.906630762056497
2016-02-22,2.368173981596877,4.749183927629892,4.562618240739956,5.101151526874683,4.584135061197566,3.916130615982731
2016-02-23,2.3546225533611547,4.7640525214620615,4.546021087143093,5.088441522093508,4.588174306395425,3.913500718614012
2016-02-24,2.3673819966853933,4.7673740710525685,4.555524847453902,5.0930068309096885,4.586194979651457,3.9123152448265452
2016-02-25,2.3665892051271142,4.770006412913086,4.565325468370061,5.1050453552256565,4.589770850446158,3.9325417165831658
2016-02-26,2.3650019131538547,4.763113669265826,4.56406936180663,5.102741642534408,4.5800792778410155,3.92736093715897
2016-02-29,2.3776303464698487,4.776093692685109,4.555037331567801,5.094867960867466,4.584440600268006,3.9234576998452275
2016-03-01,2.378414524665547,4.768733541349308,4.58663054862604,5.118103084959579,4.566675149409268,3.951226332213902
2016-03-02,2.3838853022459303,4.776430797994038,4.587008670437521,5.122585560803306,4.570793131074594,3.9584278487205102
2016-03-03,2.3893263131917792,4.793556675149594,4.585116863513177,5.126497540905778,4.574431168676267,3.9637006825657024
2016-03-04,2.4085208139781393,4.7919816556501145,4.585495324577355,5.129745663877271,4.567998148012496,3.963826305391376
2016-03-07,2.4266072713053983,4.796946896514403,4.57932514569191,5.1305436196365,4.567687225982837,3.9664515698405407
2016-03-08,2.4130731454463406,4.792313448246652,4.571006543421573,5.119565967236801,4.5786712765061175,3.956159252716785
2016-03-09,2.428099799472661,4.783985618765141,4.577419282204239,5.124493083235678,4.572575142981715,3.9616953922805953
2016-03-10,2.4266072713053983,4.799914262780603,4.575891421894265,5.125295330369085,4.568464745603109,3.95804998516759
2016-03-11,2.4303343392614,4.782562980213657,4.593225427552835,5.141303884109457,4.55830880931527,3.9802176356351
2016-03-14,2.4213656405457096,4.769582345540268,4.5949143748257795,5.140020415121432,4.561444731108515,3.980340986955958
2016-03-15,2.4130731454463406,4.770345576185738,4.5945395395442254,5.1383894306963045,4.562383521551165,3.9808331718303576
2016-03-16,2.4303343392614,4.792396331747233,4.603409068870558,5.144159845673616,4.565351033307544,3.9928244208531813
2016-03-17,2.441433329785052,4.788574466869869,4.602851291543644,5.150484185674692,4.569473985637273,4.006834167699719
2016-03-18,2.4406972283978408,4.78582371115512,4.604417262842076,5.154405923417305,4.571568634978844,4.002507133172653
2016-03-21,2.4436383056272377,4.778787294455806,4.608321267746916,5.155824078270285,4.563868457705701,3.9934406876131914
2016-03-22,2.4509537463647004,4.781725127424997,4.611377913637273,5.155286564164979,4.5636334751102305,3.9934406876131914
2016-03-23,2.429590103319043,4.758835038766368,4.603112635501456,5.148665169487513,4.574895089518834,3.988017967153803
2016-03-24,2.4236154308835505,4.756430995568851,4.603392254475418,5.14822184354307,4.575280897012916,3.9883886352836315
2016-03-28,2.4266072713053983,4.758749260829952,4.601992917861095,5.148812428620525,4.57659217397683,3.9973663698961777
2016-03-29,2.4243642938985825,4.7771046678833535,4.617923446762354,5.158020059791085,4.587022965703441,4.018804652828539
2016-03-30,2.4206147819855044,4.763028257573109,4.622781450954126,5.1623982203736345,4.576437898320944,4.016885472275564
2016-03-31,2.419110946991431,4.767629108497495,4.621317495003377,5.1599685678235305,4.583506862605677,4.022990058974788
2016-04-01,2.401653308728513,4.761575467762128,4.631884144145141,5.16675720917054,4.586112322180276,4.021676364253145
2016-04-04,2.3877747321408997,4.754882472353559,4.6280710779323035,5.163514413880465,4.586723810197771,4.020241676318465
2016-04-05,2.385442925107006,4.7677991405608156,4.618382911993133,5.153476182347722,4.597600562397163,4.013638587268773
2016-04-06,2.3962788763295175,4.76166100362495,4.63468906273697,5.164337875495533,4.5903122744695946,4.01604472704664
2016-04-07,2.393194853104772,4.775840805187054,4.620217988348563,5.152299987337544,4.602581082756574,4.009776666891809
2016-04-08,2.416851073234285,4.774322071310249,4.619484361857531,5.154993044709681,4.596238741259112,4.015323417129819
2016-04-11,2.4243642938985825,4.78774170136727,4.615807606096216,5.1526431945005955,4.594949831193947,4.013277094041387
2016-04-12,2.445838512884996,4.787908348087985,4.624152167138235,5.16191276189106,4.588023282064466,4.0204809453680665
2016-04-13,2.4509537463647004,4.777188821521994,4.636855548785667,5.1719628301659935,4.591530529247247,4.01604472704664
2016-04-14,2.442903909015272,4.763113669265826,4.636945498614493,5.17201148106868,4.586723810197771,4.010501987396537
2016-04-15,2.439223314903028,4.770006412913086,4.634418282871899,5.1709049103027525,4.595252623610482,4.017965520270687
2016-04-18,2.4436383056272377,4.768478785456489,4.639736423530831,5.17790708624182,4.590921045654689,4.022751321300467
2016-04-19,2.464707043529096,4.783985618765141,4.633604316586506,5.181056350377489,4.587794684385254,4.023228807931395
2016-04-20,2.483931678452225,4.778871370749031,4.634418282871899,5.182008806367538,4.5767327678523415,4.00614249917461
2016-04-21,2.479691256679125,4.782646675785949,4.63450845218986,5.176615749804043,4.570766520422428,3.98814149132908
2016-04-22,2.4754330178174797,4.769751981126739,4.619300607826865,5.176615749804043,4.568199253411959,3.9989562162159054
2016-04-25,2.4747215317258315,4.772631908268268,4.619300607826865,5.174891772629269,4.564061650759748,4.007234067549701
2016-04-26,2.4874513885469427,4.776599275905784,4.614425471681062,5.176376519703274,4.559514192846447,4.011105869825153
2016-04-27,2.4965455626431075,4.779459578775704,4.60637094184293,5.178432581144404,4.569445205002399,4.010501987396537
2016-04-28,2.5021011762251106,4.79818437986904,4.594213468160085,5.169315234661486,4.573560716891964,4.008445417702138
2016-04-29,2.5117497867005074,4.817455006307732,4.588930559433276,5.163901968629606,4.57611411685215,3.9992009118757643
2016-05-02,2.4979374995728763,4.814133656394562,4.598345037158061,5.171818681479101,4.56599478430823,4.014601724261086
2016-05-03,2.482520174939818,4.811859091784608,4.589025235009959,5.1630775364407775,4.578512463291005,4.016165318746392
2016-05-04,2.483226135935509,4.805740868958481,4.5825729546010905,5.157483812910091,4.583982880068847,4.030361171259452
2016-05-05,2.4732970391019693,4.804594648181702,4.582287374233935,5.157288543068819,4.59064550338809,4.033200474210177
2016-05-06,2.479691256679125,4.813646702736375,4.58760540166836,5.16094104981457,4.586362373148125,4.044125297770032
2016-05-09,2.457492131912274,4.792893804718193,4.590442900431012,5.16176715708978,4.589499640972682,4.055048182957513
2016-05-10,2.4818137949301344,4.795625270426607,4.604044522148632,5.174124384752787,4.5895762844770065,4.054932587289868
2016-05-11,2.504867334552093,4.805004190357522,4.594965863225948,5.16472563449152,4.595215097433176,4.033318136308353
2016-05-12,2.5062477441219873,4.797112016384435,4.59053735552237,5.1650160499930475,4.59064550338809,4.0390889927303215
2016-05-13,2.504867334552093,4.801641158364262,4.586847368384626,5.156263519827717,4.600292663830585,4.030124322675833
2016-05-16,2.5158566970712437,4.802380380331279,4.599281605423512,5.166080824416771,4.59163764176193,4.03955834058625
2016-05-17,2.523342223630739,4.805822709454522,4.586657828535753,5.156703295765363,4.593313829922493,4.020839775847376
2016-05-18,2.5158566970712437,4.788324716380868,4.590253731157284,5.156995786481439,4.578975983089355,4.005049737975834
2016-05-19,2.513120657511575,4.786407845132015,4.585044626000563,5.153525123721566,4.5832912668105426,3.9938092812204165
2016-05-20,2.5172217993261317,4.785072143615402,4.595999540725125,5.15982232913448,4.584059557940859,4.001763783078203
2016-05-23,2.5117497867005074,4.782227936115928,4.594683800686288,5.158459064092162,4.586284938673511,4.001885830243098
2016-05-24,2.5117497867005074,4.76473478167612,4.61451783971559,5.17133812235504,4.581829135745698,4.014240716857821
2016-05-25,2.523342223630739,4.762003008711525,4.621683703723095,5.178098027347567,4.578048101410508,4.014240716857821
2016-05-26,2.5226639553843104,4.758577748323826,4.6246086303838245,5.178385101794687,4.5832139061020865,4.016165318746392
2016-05-27,2.5267263001706306,4.75030897540958,4.629797816355693,5.18267476352132,4.581751739940348,4.021556914001759
2016-05-31,2.5206266160345066,4.754107277726737,4.631703026243057,5.180770127674368,4.584136385765222,4.0214375178670565
2016-06-01,2.530772057237314,4.753072836969084,4.631793440715467,5.18281744152779,4.588185480979206,4.022273743226315
2016-06-02,2.5327889278595754,4.750741293477322,4.633875835862336,5.1858567979709855,4.595367196879693,4.0273955046110155
2016-06-03,2.539482426583024,4.77811455786563,4.629162063053017,5.182864967796232,4.609502295793484,4.031426770179062
2016-06-06,2.551418981542978,4.778450982732531,4.632789761435814,5.187940594469018,4.602044119627406,4.023705793750469
2016-06-07,2.561258289882076,4.777609740359208,4.63025163600969,5.189500703538466,4.60446085854712,4.029769012404184
2016-06-08,2.578087060339215,4.792313448246652,4.631974690796281,5.192755075435086,4.609802764811472,4.036149000407242
2016-06-09,2.576159743076319,4.7978545298175925,4.6303424049904205,5.1913887988153204,4.616234995797333,4.038383784416632
2016-06-10,2.5638658367989176,4.801887605518296,4.618933826199829,5.181866098648174,4.62106965196296,4.033672255552941
2016-06-13,2.5638658367989176,4.809253229586784,4.6105452711851855,5.174124384752787,4.625510765270561,4.033908873254312
2016-06-14,2.5573341763233945,4.810312658849475,4.6105452711851855,5.172155601968447,4.624772259775366,4.031308411309958
2016-06-15,2.5520778816274214,4.817697587306575,4.60767163239742,5.170760609026398,4.628608782231235,4.04073151879201
2016-06-16,2.53480166329615,4.807130935591331,4.610637922427877,5.173740253830441,4.633456514460579,4.046342747273185
2016-06-17,2.5579891177905845,4.819878233860321,4.598847444106422,5.170009039152555,4.62720871630617,4.044709486314129
2016-06-20,2.5671156647181888,4.813890209205952,4.605119525525184,5.176428403713392,4.61645891944453,4.046109587534392
2016-06-21,2.5592980841595945,4.794467326213031,4.608287118955915,5.179263362878829,4.611826829560632,4.0499140634725235
2016-06-22,2.5533945292011913,4.794963770241747,4.605865592330402,5.177630548528357,4.61347234320864,4.048389482912392
2016-06-23,2.561258289882076,4.788407994648003,4.620031813362705,5.190569393534343,4.601968196189422,4.053424321175747
2016-06-24,2.5408157516913015,4.836281906951478,4.577971745162006,5.153999334163249,4.628461059765554,4.044508423889983
2016-06-27,2.5388150967773178,4.841664224079468,4.55792383532345,5.135927320633202,4.653121491624631,4.045214937289917
2016-06-28,2.55470951960798,4.830870463648819,4.579600458880011,5.153802589250766,4.65520338655886,4.066074847014481
2016-06-29,2.569060620951866,4.835011229648708,4.597155595583754,5.1706871070389075,4.647501343882588,4.078111294176801
2016-06-30,2.5632145872271,4.8400051355440015,4.60865934629903,5.184240195629146,4.651179897295478,4.088426959011867
2016-07-01,2.575516380863346,4.8552282983620625,4.613668064656715,5.186338538816194,4.664968696907835,4.088765163163851
2016-07-05,2.5467938869448816,4.863449203499019,4.607542400578417,5.179119403275278,4.677411356763058,4.0997532006556545
2016-07-06,2.550759349391167,4.869302085172571,4.615701315208001,5.185099319651629,4.679026122032447,4.095395149992999
2016-07-07,2.5219853799379517,4.865532490124696,4.6186518960042084,5.184478919987184,4.678955965958538,4.085038033991583
2016-07-08,2.532117114794307,4.871526504459267,4.634000449054735,5.199259511351711,4.686294837070987,4.101090492433173
2016-07-11,2.5280766546162643,4.8620578913377175,4.639695813009495,5.202780369640822,4.677481976139377,4.107749755043444
2016-07-12,2.5467938869448816,4.845367503868749,4.644731229593788,5.210017317780619,4.660905375135299,4.107639027470644
2016-07-13,2.5341312015059034,4.8545272011959675,4.642306563952246,5.20987780177093,4.672622605637602,4.113155200495364
2016-07-14,2.538147245992809,4.846782155965731,4.6491165426487076,5.215445884695414,4.657972328369221,4.104203650922454
2016-07-15,2.5354716758685507,4.842926420798265,4.647507779454687,5.214103143652649,4.649338625690718,4.1045367508832795
2016-07-18,2.530772057237314,4.844502004705433,4.654105225497778,5.216786825202054,4.648398633262822,4.107196622196986
2016-07-19,2.5246972287930363,4.845839256971144,4.650455228736567,5.215769501797635,4.6540242170493515,4.112054659799672
2016-07-20,2.5179036138282416,4.831428875334821,4.662070408981477,5.219923701796185,4.648543366822729,4.112164774634317
2016-07-21,2.512435418359417,4.846546529536321,4.659775825260809,5.216139564867912,4.650567075675242,4.114145145037917
2016-07-22,2.5103771114967808,4.839055821757599,4.663919918254758,5.220614778561336,4.652296776430541,4.1228999785637335
2016-07-25,2.49932726670195,4.832066695900652,4.664007898008394,5.217895227972289,4.651576850139466,4.1210457807953516
2016-07-26,2.495151842849603,4.836281906951478,4.665151002835435,5.218356576142969,4.653162215047149,4.116121663533413
2016-07-27,2.4853410335536927,4.852264601923579,4.672069813887936,5.217295099062207,4.665537349917846,4.108302770194148
2016-07-28,2.482520174939818,4.849370508514339,4.675554443378005,5.218448886351449,4.6636875224014105,4.117546657865045
2016-07-29,2.4909590696936412,4.859657320457243,4.677726585813067,5.220062070867313,4.6719864655630365,4.1301732760791054
2016-08-01,2.4732970391019693,4.8615163875767236,4.683006246562944,5.219232725122193,4.661086042488089,4.132334669873776
2016-08-02,2.471870433888189,4.869609252506439,4.675380425312897,5.212804970948598,4.650729209650312,4.116231518070192
2016-08-03,2.4881539573021354,4.864838464907806,4.6786806798389105,5.215723265356898,4.651307618348792,4.110400980064389
2016-08-04,2.492358720092479,4.866533912524305,4.6815376536419,5.216786825202054,4.65879339036892,4.106310470184785
2016-08-05,2.4965455626431075,4.848508468513793,4.6910880290895065,5.22493245820987,4.6483406901307385,4.106975283362297
2016-08-08,2.5021011762251106,4.847645684759092,4.68997448847326,5.2243364568218436,4.650222818335947,4.108744937157929
2016-08-09,2.49932726670195,4.851717707926524,4.69228620736396,5.22493245820987,4.6600111540844456,4.114145145037917
2016-08-10,2.4874513885469427,4.856395702438854,4.68971722273,5.222454221039037,4.663871644798787,4.113045381874433
2016-08-11,2.502793531057976,4.849448795490169,4.693995483844689,5.227084122396328,4.654913932973784,4.101647075286493
2016-08-12,2.5103771114967808,4.8473317551151345,4.694678195839298,5.226214746457478,4.663301251682733,4.1058674766294745
2016-08-15,2.5267263001706306,4.850779453371927,4.698935260711511,5.229094551372294,4.65383362151767,4.104869802838089
2016-08-16,2.53480166329615,4.855695423545372,4.6933976671461375,5.223923967358305,4.651162847158603,4.092815671387318
2016-08-17,2.5388150967773178,4.855928904335275,4.695189906702378,5.225802949168939,4.657142624399946,4.096849965997205
2016-08-18,2.551418981542978,4.8606647589140035,4.695445768536711,5.228044253686655,4.6587218726534125,4.093152776684856
2016-08-19,2.548117430871382,4.851795870988483,4.695189906702378,5.226580882981793,4.653472822015793,4.08673402819864
2016-08-22,2.5388150967773178,4.8503100256210345,4.6959572262206954,5.226535143739728,4.661872330015222,4.092141884302743
2016-08-23,2.542812411975746,4.8501535206274085,4.697745027488552,5.22854667559169,4.662943708563155,4.092703468744898
2016-08-24,2.530772057237314,4.8389766564844106,4.691259475337031,5.223418888028577,4.660584653482857,4.088314454722883
2016-08-25,2.53480166329615,4.8381056663585555,4.689631265799697,5.222730158492607,4.656783814042582,4.092815671387318
2016-08-26,2.531445001810955,4.836678677844621,4.6910880290895065,5.2208448115543575,4.650946489191062,4.082885675756263
2016-08-29,2.5274016672423665,4.838660053519215,4.692457378412082,5.225757010258821,4.664228568679819,4.092703468744898
2016-08-30,2.5179036138282416,4.828553698743627,4.68920235231176,5.224107225713735,4.660369747069369,4.090792755221614
2016-08-31,2.498632585374242,4.826552176899797,4.688172587905411,5.221258984859041,4.661800455420139,4.091805075397887
2016-09-01,2.4874513885469427,4.8306310575647275,4.6907456787174855,5.221304966060813,4.662903669598612,4.089328838284216
2016-09-02,2.498632585374242,4.8407955123932345,4.693995483844689,5.225802949168939,4.654713196928848,4.097967548565656
2016-09-06,2.5055578553768267,4.857561863824032,4.700208861209334,5.228820855464728,4.661972816024468,4.10564584337503
2016-09-07,2.5144895744520497,4.8541374506201,4.700802898445575,5.228729415998082,4.661256218018535,4.111613891698998
2016-09-08,2.532117114794307,4.848821969231485,4.694934188617654,5.226443740958224,4.648636289191854,4.099306975759824
2016-09-09,2.5165394426375625,4.842216642471293,4.669447723937687,5.20221788148881,4.632024008902907,4.058898576165515
2016-09-12,2.5165394426375625,4.840953488719837,4.687227511468325,5.216462957597491,4.63254014331202,4.070677122941648
2016-09-13,2.503485328857275,4.8342958089798485,4.678246829909649,5.201983355006528,4.621117708731228,4.045250396770836
2016-09-14,2.495849024161175,4.837709461361238,4.683006246562944,5.201608014999915,4.622608723417217,4.0484464636748765
2016-09-15,2.500715261511363,4.831269387035743,4.698425532790676,5.211551293053916,4.618279153511462,4.052221718170355
2016-09-16,2.5021011762251106,4.828793602617273,4.697948087351019,5.207678563237395,4.626326562868884,4.052692235015294
2016-09-19,2.5014085762214227,4.830870463648819,4.693590297976802,5.207866075482098,4.62305547475169,4.06171341821521
2016-09-20,2.504867334552093,4.831827576064838,4.695472605834687,5.207912927171746,4.62654846242936,4.060196208642634
2016-09-21,2.5172217993261317,4.846310787627483,4.70525355735199,5.2190956451677835,4.634603650903912,4.072963067710832
2016-09-22,2.5226639553843104,4.848665231157977,4.713178019905178,5.225377030969725,4.642520977300472,4.090681154911659
2016-09-23,2.5110637620493113,4.849292155641107,4.706775774063105,5.219882773225941,4.641571020199165,4.0937354875118706
2016-09-26,2.5179036138282416,4.848508468513793,4.698374239886287,5.21174764782802,4.647909920546993,4.096104639574075
2016-09-27,2.508314481633061,4.841190496807514,4.708211577788239,5.21793640332863,4.655218408567737,4.085455647161662
2016-09-28,2.531445001810955,4.838026425827327,4.709897856788525,5.2228877205868995,4.653052839815236,4.09362249729501
2016-09-29,2.5374790996909535,4.836837305822493,4.702626429491385,5.213799078402536,4.655578578925533,4.080202754464203
2016-09-30,2.5408157516913015,4.833420669812506,4.710066452053047,5.221317079036311,4.646601491910759,4.07330920368416
2016-10-03,2.5494392998508264,4.830870463648819,4.708633379797329,5.218909896623122,4.643295701594874,4.054455845445803
2016-10-04,2.5467938869448816,4.7955425910627145,4.707114059186799,5.213799078402536,4.631531907294501,4.04073447030509
2016-10-05,2.5527363478484,4.793970698772924,4.710655762490035,5.218214581945813,4.626861846215542,4.020279196394791
2016-10-06,2.55470951960798,4.784654418566175,4.710150601646069,5.218909896623122,4.621273276678808,4.02064377988547
2016-10-07,2.5520778816274214,4.785322707656631,4.707958342314825,5.21547464569199,4.621945124272134,4.018940886254269
2016-10-10,2.5632145872271,4.788824218492766,4.714269112177787,5.220669447108954,4.616029285890287,4.025130073140407
2016-10-11,2.5573341763233945,4.783734719431375,4.69990730345239,5.207959526140197,4.61377252957912,4.015404261091282
2016-10-12,2.5500995796658628,4.785322707656631,4.699055914798509,5.209270672190316,4.61475114061181,4.026822196601045
2016-10-13,2.55667858372031,4.78774170136727,4.695472605834687,5.20598978728275,4.618504200894523,4.034641539852437
2016-10-14,2.5573341763233945,4.782144141568986,4.696668539024623,5.206506002590372,4.6043938990375555,4.030198081197247
2016-10-17,2.558643852060991,4.784821516776098,4.693933142131448,5.203027885076863,4.610757195418172,4.032362314218338
2016-10-18,2.560605265696313,4.790985616830732,4.702796047454493,5.209270672190316,4.613998820210012,4.038707884420958
2016-10-19,2.5671156647181888,4.7966992285726056,4.702711138263853,5.211934149158442,4.6148259486159695,4.040853596834105
2016-10-20,2.5579891177905845,4.793639455675465,4.7015222755413895,5.210065902120062,4.615878561054115,4.038588233095532
2016-10-21,2.5619108143227267,4.7943846141931905,4.70525355735199,5.210533374495656,4.617380039904527,4.034880897182862
2016-10-24,2.5625629132528718,4.7921475340676905,4.717200554939572,5.21477685455063,4.613019396613062,4.037155069336187
2016-10-25,2.5579891177905845,4.7996673287616,4.714017269391624,5.2114208955097325,4.6156534504228395,4.035360451654993
2016-10-26,2.551418981542978,4.794053508196683,4.707198526472828,5.209410940025388,4.6088676418922105,4.02222187972598
2016-10-27,2.5573341763233945,4.795873204463299,4.702626429491385,5.20674064145957,4.597913312380161,3.9956653012106247
2016-10-28,2.550759349391167,4.800572497381069,4.696326770857098,5.2037807979518425,4.5956931234053675,3.9980296906179187
2016-10-31,2.5374790996909535,4.803529140501043,4.6953869330827285,5.20382809299409,4.601806763190674,4.014182166557724
2016-11-01,2.542147301410643,4.809986847961601,4.6878366130981135,5.196556102432748,4.601882928521224,3.9921708758411185
2016-11-02,2.5300990393105676,4.817374112327394,4.679794752676343,5.1905194277625855,4.606224393909548,3.977433877166067
2016-11-03,2.5267263001706306,4.822698023068217,4.669935608185259,5.185931839842721,4.5985186272536,3.969663586704879
2016-11-04,2.5199464260107414,4.823421786315116,4.666422124212754,5.184829293539488,4.607439642513817,3.977560859219786
2016-11-07,2.5240199557167435,4.805249810195595,4.689901521453725,5.206646993202688,4.5989012639382905,3.9949173374639626
2016-11-08,2.5226639553843104,4.8010658577914755,4.696412572054384,5.2111409035780625,4.594835595525639,4.000140814316164
2016-11-09,2.5274016672423665,4.800407947964632,4.7010127557859915,5.221686742619887,4.551477180070561,3.9848921232732653
2016-11-10,2.519266003379414,4.785406236291025,4.684731092856144,5.2241791228461425,4.536596189511869,3.967999966860445
2016-11-11,2.500021544063171,4.763028257573109,4.68516326615316,5.2218717290676455,4.53095831955909,3.9740021925178772
2016-11-14,2.4979374995728763,4.754538022895582,4.675008250735679,5.222656840459477,4.524958784531302,3.9974081905839953
2016-11-15,2.5199464260107414,4.763199073664009,4.688783851129902,5.230429410932077,4.529892648229239,3.989040135169592
2016-11-16,2.5076261731001583,4.760206159339369,4.6947031702266,5.228549211609171,4.538875321950618,3.9861509445979277
2016-11-17,2.5096899891312794,4.755054619763529,4.7019473235076905,5.233676952198695,4.524051530172887,3.975910264926934
2016-11-18,2.5179036138282416,4.746235639517922,4.698204009212888,5.23143674937477,4.52115945171157,3.978828437792405
2016-11-21,2.5454684393226246,4.749962946731946,4.708549102428419,5.238959818279825,4.52363873411848,3.975783001509669
2016-11-22,2.544141382361106,4.749616798277019,4.71158164000039,5.240911307803168,4.52330865607028,3.9931702382932355
2016-11-23,2.548117430871382,4.7295977643631435,4.707536117676373,5.241455037087693,4.519420330949195,3.9889146025343507
2016-11-25,2.5408157516913015,4.7239305271289815,4.7107399998098884,5.245163742001656,4.5209115585634505,3.9946682898800487
2016-11-28,2.544141382361106,4.734442548509082,4.708464680343125,5.240457745077214,4.5282503183207305,3.999272232292907
2016-11-29,2.5240199557167435,4.729774319576058,4.711917892128324,5.242405913038718,4.5324324528881235,4.008786153044715
2016-11-30,2.554052277636212,4.716264233493678,4.6997368477077295,5.240003976538761,4.5160993055321885,3.9972837040949796
2016-12-01,2.5722937105030637,4.71438327916947,4.682309371746337,5.236321752059171,4.50548422018489,3.982496571324256
2016-12-02,2.579369998478574,4.719748085252762,4.684299437600263,5.236822710752648,4.512784954086283,3.9924206868999224
2016-12-05,2.5844851389892227,4.71438327916947,4.692047721725644,5.242813350541195,4.511697634032773,3.9997686772206453
2016-12-06,2.580010742457432,4.713396593797684,4.694446420516039,5.24597572588541,4.510944180827226,4.006200411095733
2016-12-07,2.5722937105030637,4.716979877413652,4.7070293780493,5.2589719202741065,4.519451834762967,4.025976356626808
2016-12-08,2.5742286314055045,4.714652193869803,4.7088020507968285,5.261417523764201,4.507587605067955,4.032842536830118
2016-12-09,2.579369998478574,4.704110147664362,4.716614885204664,5.267439791971182,4.495070607670734,4.031761457654896
2016-12-12,2.5857598283565744,4.707907260685406,4.7120858044076135,5.26629125450581,4.4969414012986055,4.038349761605881
2016-12-13,2.5883042712576487,4.704562902235906,4.7246164021373245,5.272943216832351,4.500502772500243,4.037872311592784
2016-12-14,2.5787288436836273,4.689787048532877,4.722538571344302,5.264654744224835,4.489266239297983,4.015770969792658
2016-12-15,2.5774450821901955,4.6760013326317695,4.724118110931275,5.268763209071096,4.494304346732098,4.009891998076641
2016-12-16,2.581930875375301,4.682594111196836,4.720404267268328,5.266805692812282,4.492002205540808,4.02476664479481
2016-12-19,2.576159743076319,4.687579288504622,4.724492902155822,5.268980465801477,4.5027007575607545,4.035479815458204
2016-12-20,2.5806512205796857,4.680184898287157,4.728316148310889,5.272830836899156,4.497705814897416,4.037752694802319
2016-12-21,2.574872677104149,4.680741358687007,4.727569219807773,5.270044381271366,4.50210982851968,4.022464911132991
2016-12-22,2.5735840979158184,4.67832767256818,4.724742797782875,5.26831526767028,4.5003202007946985,4.020791601629688
2016-12-23,2.575516380863346,4.681482871664789,4.7254084976292186,5.269778528127876,4.502355238790732,4.023393038489078
2016-12-27,2.5908424708503097,4.68730299303761,4.730553121106112,5.272256296761071,4.499131187038695,4.025494391102458
2016-12-28,2.5914759796709275,4.690062658612811,4.72274256035104,5.263957446308776,4.506413101051417,4.019425951421492
2016-12-29,2.592741794581638,4.703113268619147,4.721323748071822,5.26373467263986,4.509949937442564,4.031771813308306
2016-12-30,2.5946374465062747,4.696928616796025,4.7109957576751675,5.260073086928726,4.511462633643585,4.0443303807401145
2017-01-03,2.5825699090322582,4.704744001934271,4.71990271583174,5.267693916960031,4.5157346917803585,4.047596674208161
2017-01-04,2.5902084889120753,4.708268149497266,4.725325351664604,5.273625364309042,4.519571856031146,4.062104639971184
2017-01-05,2.595268556489466,4.723664096300356,4.730967018606952,5.272830836899156,4.53510388222068,4.065313613525676
2017-01-06,2.59400593797173,4.716264233493678,4.739698491350499,5.276402029314755,4.525879834993786,4.065431876631511
2017-01-09,2.5787288436836273,4.7244631759245905,4.742973836375031,5.2730959581639505,4.533873856168894,4.05637446036448
2017-01-10,2.5742286314055045,4.728714385564999,4.7451782953060775,5.2730959581639505,4.533217283238688,4.047838612427566
2017-01-11,2.5851225429880302,4.7318028369214575,4.747866528884056,5.275918096966603,4.536579030415917,4.04166135099574
2017-01-12,2.599675279900571,4.7354086950609675,4.7463197150241365,5.273404812474947,4.534366064538518,4.046751096122013
2017-01-13,2.597789091938875,4.7380388510463405,4.749735847778807,5.275697738117882,4.529596390189861,4.045299744125372
2017-01-17,2.597159429119294,4.752296237707225,4.746727073041492,5.272167961004321,4.540010948157225,4.053016767245561
2017-01-18,2.5883042712576487,4.743801078067664,4.748760981197473,5.274375580186649,4.527120469574284,4.05469712229171
2017-01-19,2.5851225429880302,4.742930096443351,4.748273191288212,5.270664116819712,4.5202374465832795,4.044451686102251
2017-01-20,2.5965296538908524,4.745366843006866,4.750466473508728,5.274331584934847,4.518238761856834,4.051694651501003
2017-01-23,2.5965296538908524,4.751778213530973,4.751277390596405,5.271725930084804,4.528194041588495,4.060078837966695
2017-01-24,2.599046874897333,4.747277173490568,4.757983738302194,5.27811730615981,4.521318761370055,4.060317446507033
2017-01-25,2.592741794581638,4.739001530952125,4.7679993548322495,5.28673535549702,4.508688559199197,4.053737161132649
2017-01-26,2.597159429119294,4.729686079546956,4.769035251122342,5.28568936870665,4.512049905492143,4.051815199553596
2017-01-27,2.5889394612019387,4.731714708489975,4.770944895188766,5.284118527702415,4.51565100622158,4.042025592312451
2017-01-30,2.5832088227148664,4.735935266578385,4.763124223064695,5.277897509314899,4.512636832654891,4.035201412654896
2017-01-31,2.5889394612019387,4.749703363131101,4.7611192834416585,5.277809670497826,4.519571856031146,4.042389968880907
2017-02-01,2.599675279900571,4.746669721770838,4.7679993548322495,5.278204806584134,4.513369861158617,4.0302983379637904
2017-02-02,2.599675279900571,4.752209897023892,4.767121888450397,5.278863771960784,4.512949535614691,4.042147177563204
2017-02-03,2.599046874897333,4.75471022960674,4.769990431946869,5.28573317614815,4.512529870319006,4.047596674208161
2017-02-06,2.592741794581638,4.768138988337957,4.77118332025564,5.283943699800846,4.518561781771299,4.04590493589604
2017-02-07,2.5883042712576487,4.766097842299998,4.774832414103063,5.283987351595441,4.525885698839177,4.042389968880907
2017-02-08,2.592109087412193,4.772293519680772,4.776493924291137,5.2852968704035765,4.539392697777904,4.050250461808537
2017-02-09,2.597159429119294,4.764649508339087,4.7801235975499825,5.291212105735918,4.52779028883348,4.052656110456619
2017-02-10,2.6078078277004653,4.767289022489366,4.7834263690603205,5.295150736970912,4.527211036433805,4.05972144364321
2017-02-13,2.5965296538908524,4.76046309652219,4.789062735604389,5.300578297485885,4.524059059552879,4.060078837966695
2017-02-14,2.597789091938875,4.761575467762128,4.7924136668168575,5.304565658037638,4.516806048949851,4.054817375108519
2017-02-15,2.599046874897333,4.766012685121458,4.7983093585113465,5.309772501342104,4.51219317395341,4.0514540427078405
2017-02-16,2.592741794581638,4.771362376359062,4.797999933932596,5.308920892564325,4.517642706824308,4.057331894364199
2017-02-17,2.5908424708503097,4.76796907888645,4.802323565411378,5.310495791484863,4.523560839891599,4.059243555757644
2017-02-21,2.5895741047857497,4.768563732896527,4.8072415239050645,5.316433523532654,4.521814118608892,4.071935773892204
2017-02-22,2.5844851389892227,4.7699216526470956,4.807624685754062,5.3155450519821095,4.52347764116286,4.068630142707731
2017-02-23,2.5876687493023107,4.778619184804816,4.803862941175097,5.316221840160881,4.526465719230047,4.0738200061546355
2017-02-24,2.5857598283565744,4.784988587068875,4.805784068590418,5.317490071243857,4.537508792454356,4.078514886326801
2017-02-27,2.5832088227148664,4.780131411433024,4.807011668534325,5.319051542718384,4.531590755959794,4.083770525272433
2017-02-28,2.5870328232019606,4.781054428973149,4.803939807142621,5.316349005422201,4.535293467384445,4.07687391908879
2017-03-01,2.5914759796709275,4.779627547219564,4.814802026480846,5.330249203628341,4.518395125844388,4.0738200061546355
2017-03-02,2.575516380863346,4.76711896854695,4.809767944370537,5.323932077931398,4.514789380410188,4.0683935096601855
2017-03-03,2.5806512205796857,4.766523454524987,4.81160137416282,5.324561226860427,4.517390108750181,4.064482170175231
2017-03-06,2.579369998478574,4.759777914672918,4.8093856652153475,5.321578946648597,4.512603272152101,4.059959874256276
2017-03-07,2.574872677104149,4.7516918281075595,4.807701200819373,5.318587745831128,4.509567711883035,4.055176790579177
2017-03-08,2.5520778816274214,4.745453710216598,4.809462294449624,5.316729130874169,4.50414840587537,4.036545702502919
2017-03-09,2.5434770804627997,4.740312790594341,4.81022646167933,5.317996644358726,4.496135648962691,4.02141146217647
2017-03-10,2.5341312015059034,4.742494387492028,4.814421295945751,5.321494862320912,4.499638672502419,4.018307418197213
2017-03-13,2.5327889278595754,4.742668680555715,4.816094364392586,5.321999411283857,4.493307064401339,4.020791601629688
2017-03-14,2.5287511866895116,4.7372505504127895,4.813659957157593,5.318165619574563,4.498101601625518,4.020543577166525
2017-03-15,2.5374790996909535,4.755743044467466,4.819811016603041,5.3267816778349735,4.510242928465139,4.040567427792382
2017-03-16,2.5361412398246665,4.7598636044226765,4.819129170915927,5.324812760782106,4.505166559834981,4.038619222818207
2017-03-17,2.539482426583024,4.762088442799569,4.818779970675184,5.323055084590273,4.511424006191737,4.043239508772397
2017-03-20,2.5388150967773178,4.766523454524987,4.819690851420093,5.321957536700315,4.5157134998882755,4.042389968880907
2017-03-21,2.5334602898950402,4.775250464083054,4.804401253986725,5.309035101253919,4.5239876522729885,4.03800987339449
2017-03-22,2.5327889278595754,4.7776939157109615,4.811157333449661,5.311385595759146,4.527975249092279,4.0374569552165305
2017-03-23,2.530772057237314,4.776346516247245,4.808629009549838,5.310317976808668,4.526564433680751,4.044803889517093
2017-03-24,2.5341312015059034,4.777946335073561,4.81069812470408,5.30959101238539,4.530128292100474,4.043705174185468
2017-03-27,2.5327889278595754,4.7835673756773645,4.812304681672679,5.308564293336284,4.534668035548484,4.0346262870631
2017-03-28,2.5388150967773178,4.779459578775704,4.818399950581193,5.31581490758026,4.527975249092279,4.038930680058163
2017-03-29,2.548117430871382,4.781892779726026,4.823023094135499,5.3167491295326865,4.533926209360907,4.044559612111625
2017-03-30,2.5520778816274214,4.774659774270568,4.824685642723334,5.319928394155801,4.525817395296389,4.046388505578359
2017-03-31,2.554052277636212,4.776767789701273,4.824005887843978,5.317597767568317,4.528720842525657,4.052339152644325
2017-04-03,2.5500995796658628,4.78206033999993,4.823401423064158,5.315857115137466,4.538757106228474,4.055240658449137
2017-04-04,2.559951888518385,4.784320074577304,4.824987165470603,5.3164943601621975,4.533318120731039,4.055240658449137
2017-04-05,2.5619108143227267,4.784320074577304,4.8209036599375255,5.313517495444894,4.536370483011568,4.056688491483345
2017-04-06,2.564516662520747,4.780634957879462,4.821434047309773,5.316324727623033,4.534886432800035,4.061979021733772
2017-04-07,2.5671156647181888,4.7829815796402775,4.8209036599375255,5.315304827488428,4.530835465998614,4.063416810650675
2017-04-10,2.574872677104149,4.7829815796402775,4.821282668476025,5.3158997706988,4.535464120567688,4.069624472307718
2017-04-11,2.5768026916404656,4.797359582125674,4.81695577802133,5.314709229895799,4.544902885006664,4.076502737887729
2017-04-12,2.5768026916404656,4.804184938212367,4.812915455459445,5.310317976808668,4.550360633153033,4.074728406644214
2017-04-13,2.580010742457432,4.808927011056117,4.808935660984881,5.303801644239428,4.553443046346842,4.072476326462402
2017-04-17,2.5742286314055045,4.8059863079425025,4.817183976453727,5.312622517220029,4.550360633153033,4.084507698187759
2017-04-18,2.5703550384223184,4.810719866416513,4.815662081099215,5.309633860628837,4.563355877998576,4.087200369416997
2017-04-19,2.5527363478484,4.801805504998384,4.817259701888149,5.307793580563364,4.55788768142044,4.085796588899138
2017-04-20,2.5487785837782884,4.80369311461327,4.825590733975109,5.3158997706988,4.554009955449662,4.085913672619517
2017-04-21,2.5388150967773178,4.806558785538465,4.825364507341944,5.312707877287836,4.554009955449662,4.082277301472495
2017-04-24,2.5354716758685507,4.799749667811179,4.837362698534464,5.323645584786978,4.549059672256992,4.071170141243134
2017-04-25,2.5401492361549933,4.78957290898587,4.844566621859327,5.329447403816212,4.536947641066762,4.075320135467288
2017-04-26,2.53480166329615,4.794467326213031,4.843159413798884,5.328818436407237,4.542448697941417,4.067837818441804
2017-04-27,2.5294253400883586,4.7907364678771485,4.849144457827457,5.329656823858786,4.542121358741843,4.0652113082566785
2017-04-28,2.5267263001706306,4.7938878824911955,4.850910679422355,5.327475360084133,4.544330220399693,4.054757779672877
2017-05-01,2.5287511866895116,4.784737939284558,4.859769111046259,5.329992381270362,4.535982364469343,4.060658780744434
2017-05-02,2.5179036138282416,4.784570827107236,4.861443645308923,5.330369351672156,4.541089974524137,4.05897630245808
2017-05-03,2.513805350223493,4.770515147028341,4.85823761719859,5.329153905330674,4.5417472532877765,4.045535429290609
2017-05-04,2.489557536631557,4.760377458129565,4.858601969478205,5.330327234997434,4.536808447692142,4.0406473970069605
2017-05-05,2.503485328857275,4.762259419487687,4.862243873367622,5.334256536608411,4.5377157151244205,4.050036089065616
2017-05-08,2.49932726670195,4.760034896549007,4.864422925224675,5.334089669920926,4.532258819581209,4.042972226860531
2017-05-09,2.4944543325725106,4.754021159017368,4.867899303697738,5.3331712945661085,4.532176259333724,4.037579971975229
2017-05-10,2.5103771114967808,4.75393496714296,4.868477233810322,5.334965575038353,4.531014851779061,4.045413253830207
2017-05-11,2.5144895744520497,4.757891273005756,4.867682449757051,5.332920528015372,4.531014851779061,4.040402370434576
2017-05-12,2.5144895744520497,4.76071990240187,4.8699213606354075,5.3312484462473835,4.538539471228581,4.036350268233508
2017-05-15,2.5199464260107414,4.763369795451191,4.8730906741551765,5.336756568416649,4.535817442059159,4.039298940104844
2017-05-16,2.5213061904500806,4.767714128143018,4.877253629845214,5.335840713617372,4.539527702844058,4.0325289744146815
2017-05-17,2.5280766546162643,4.785740217386009,4.85149886655416,5.317937170856305,4.553989238162579,4.03659642428637
2017-05-18,2.5253739671599384,4.777525557921368,4.8602059800013935,5.321957536700315,4.555124202021269,4.042116430954146
2017-05-19,2.544805093550711,4.782479213738057,4.864422925224675,5.3284408067622415,4.557471257411743,4.047484278257162
2017-05-22,2.551418981542978,4.786658074759731,4.872803022521733,5.333505159345725,4.554719223442775,4.051369822588255
2017-05-23,2.548117430871382,4.780299267077564,4.8738096747263935,5.335715562216533,4.547968292629852,4.052217938288524
2017-05-24,2.5461314201117173,4.784236455164221,4.87839921639289,5.338046039000103,4.553583638927931,4.060298436223817
2017-05-25,2.5240199557167435,4.783149021444105,4.886876607411268,5.342813803201642,4.553908131475441,4.060418543568091
2017-05-26,2.531445001810955,4.7919816556501145,4.888648220525251,5.342607120730425,4.55561047301482,4.053186446986886
2017-05-30,2.523342223630739,4.78865772434168,4.889497141389957,5.341737886272297,4.5605377673127725,4.0468757750156845
2017-05-31,2.512435418359417,4.792645130793376,4.889143990548674,5.341489405167473,4.563033084412642,4.047484278257162
2017-06-01,2.5055578553768267,4.793473824571448,4.893029130309328,5.349410189945404,4.5631382006909575,4.052702376170565
2017-06-02,2.500715261511363,4.800819208011834,4.904385304197436,5.352732997704019,4.574909087175721,4.062937667990049
2017-06-05,2.495151842849603,4.801805504998384,4.90417599429594,5.351995597762053,4.5686802379697715,4.058615351045804
2017-06-06,2.5021011762251106,4.812997020794966,4.900194508357939,5.348793585276808,4.574112639272201,4.053790792364313
2017-06-07,2.4881539573021354,4.8077027584756955,4.904106290032093,5.350642187444958,4.56932137556993,4.0607791078132776
2017-06-08,2.4881539573021354,4.801148081772721,4.905151909381366,5.351134489400819,4.566675704426127,4.058374556493793
2017-06-09,2.493756177889904,4.7919816556501145,4.879828631890573,5.349615616215058,4.565149433650509,4.065331154260925
2017-06-12,2.484636564541001,4.790487256832894,4.874456473413297,5.349410189945404,4.564827854065349,4.074254784327134
2017-06-13,2.488855874481766,4.791483791914578,4.882539598846273,5.354288412435843,4.564989014183438,4.076502737887729
2017-06-14,2.4711564076404047,4.785990614108827,4.878184279334888,5.35301972992565,4.5803077687137765,4.077920068883839
2017-06-15,2.4754330178174797,4.781808957088923,4.873738054556816,5.351093455400452,4.578722902997162,4.08298233053944
2017-06-16,2.479691256679125,4.781976531407582,4.869389723001565,5.351311994523733,4.580702987061806,4.08039547793206
2017-06-19,2.4732970391019693,4.774322071310249,4.885972914140136,5.359602744855967,4.579277856527587,4.080513195708148
2017-06-20,2.4632682033510362,4.772208888499825,4.878110416714683,5.352835881105353,4.588194017035469,4.078155944766398
2017-06-21,2.452410319548247,4.775081694381591,4.887963964513699,5.352588914251558,4.590234370842227,4.076148123409761
2017-06-22,2.453864856190292,4.778450982732531,4.887679869943033,5.352135790423438,4.592427136186013,4.077093418028517
2017-06-23,2.458215978220486,4.782730428235604,4.891510301594696,5.353329704120542,4.591957518929353,4.080557868104298
2017-06-26,2.4603843787239197,4.773730832688748,4.886826641121234,5.3539872505576875,4.595706755927636,4.087662652997886
2017-06-27,2.471870433888189,4.777525557921368,4.868520972584312,5.345898594798685,4.584967790074382,4.078654203117357
2017-06-28,2.4782739108386087,4.778282816530032,4.8828350983425715,5.354808918545114,4.581652233403647,4.081033154218564
2017-06-29,2.482520174939818,4.773392815823303,4.865328062152968,5.345981379501545,4.573236317430761,4.069564905578104
2017-06-30,2.502793531057976,4.770854073185253,4.865691134126889,5.347844258778411,4.570921199738523,4.069564905578104
2017-07-03,2.513120657511575,4.75436572080451,4.855100787077348,5.3495382782501055,4.567695859610985,4.082219899490065
2017-07-05,2.4979374995728763,4.758062903281298,4.8648920134112,5.35184779215797,4.567937333376675,4.06800141196384
2017-07-06,2.498632585374242,4.757633739595398,4.8558349722806184,5.342661130866244,4.559629022001872,4.049050286837324
2017-07-07,2.488855874481766,4.747363941102239,4.866562932824241,5.349125393829003,4.553617378206374,4.054675954182525
2017-07-10,2.4930576931022084,4.749010766535369,4.873074682709782,5.350198538943729,4.555082813161941,4.045487762608089
2017-07-11,2.502793531057976,4.75030897540958,4.875883500277007,5.349455859983591,4.556790124482643,4.04437917199363
2017-07-12,2.4979374995728763,4.753848767838872,4.887679869943033,5.356942561499268,4.563670376201155,4.056625244197329
2017-07-13,2.4972416947954477,4.752037259162729,4.88988047033962,5.358621251042211,4.557358341020929,4.058206677714927
2017-07-14,2.508314481633061,4.760206159339369,4.897721594285443,5.363274415431837,4.558575501224382,4.067760777905647
2017-07-17,2.504867334552093,4.764649508339087,4.898214025737978,5.363152364918718,4.561328276869737,4.075792735448065
2017-07-18,2.5090025494655412,4.7716163987914095,4.904872995984089,5.363681714656931,4.570023426189649,4.073641459429096
2017-07-19,2.5179036138282416,4.771362376359062,4.91072446981989,5.3690811300172685,4.570424151102577,4.081151570029055
2017-07-20,2.5165394426375625,4.7727164391329895,4.912043225177583,5.369526144543726,4.573304529599303,4.076509274871215
2017-07-21,2.502793531057976,4.78130600160734,4.911626745255546,5.3686357751380065,4.577530583536947,4.075792735448065
2017-07-24,2.504867334552093,4.781725127424997,4.916195828859956,5.368392680140648,4.573624261342371,4.0738804880382204
2017-07-25,2.5158566970712437,4.778450982732531,4.913636800243054,5.370820549169538,4.560519498381741,4.075195777673229
2017-07-26,2.5253739671599384,4.786491219537368,4.916886516738751,5.370861065457748,4.562136242465993,4.0821016101266
2017-07-27,2.531445001810955,4.785740217386009,4.910585516741175,5.369930834879633,4.557196106425105,4.083287474552292
2017-07-28,2.536810355764849,4.793225294858543,4.909751280034238,5.368757229374868,4.563106054266218,4.080557868104298
2017-07-31,2.542812411975746,4.793722292532682,4.905501600043193,5.3681900795392945,4.564316004441661,4.081864281270438
2017-08-01,2.531445001810955,4.792893804718193,4.907803069235472,5.370416289791901,4.571312568136503,4.086364054239971
2017-08-02,2.5334602898950402,4.790819545548134,4.91051558321173,5.370901225342343,4.571873856738547,4.07722497785282
2017-08-03,2.52605040040054,4.792396331747233,4.906618231431636,5.368959644025204,4.582165046899655,4.075195777673229
2017-08-04,2.5280766546162643,4.784570827107236,4.908429834710629,5.370780315083791,4.573636229609771,4.078535426600594
2017-08-07,2.5300990393105676,4.783400067753699,4.914744389470184,5.372637555039003,4.574756124623054,4.077463151533259
2017-08-08,2.530772057237314,4.786324400122243,4.913013515160779,5.370173627296116,4.571152187187206,4.0726835387974045
2017-08-09,2.5374790996909535,4.798349232657477,4.911696264209681,5.3701332961661725,4.57659335156206,4.069324256366382
2017-08-10,2.5219853799379517,4.805740868958481,4.890022444998473,5.355917111277654,4.585096702922002,4.062087699174409
2017-08-11,2.5253739671599384,4.8104755866284625,4.8975809363923695,5.357393081476925,4.585571497550731,4.055894903861817
2017-08-14,2.5165394426375625,4.803365076919843,4.910377050913974,5.367257573480917,4.580417184916658,4.072443963933451
2017-08-15,2.5117497867005074,4.795625270426607,4.91107143094355,5.367135794516566,4.576193992165023,4.069444653392506
2017-08-16,2.5090025494655412,4.8029549253723935,4.91280544274679,5.368878739958472,4.579860437741955,4.073402243824035
2017-08-17,2.5117497867005074,4.808029376559554,4.892147359177846,5.353164834654646,4.587310148486225,4.067158743313646
2017-08-18,2.5294253400883586,4.806477067646175,4.8914393650239365,5.351600653463338,4.58707284215048,4.056990412432913
2017-08-21,2.5172217993261317,4.810231247153217,4.890164399503382,5.35238286919533,4.589519170512274,4.067640504457747
2017-08-22,2.5199464260107414,4.805740868958481,4.905292071583173,5.362785837853635,4.5856507766385635,4.064747039417896
2017-08-23,2.5287511866895116,4.80949780811799,4.901724261706031,5.359193852324228,4.59242945435484,4.074956674349089
2017-08-24,2.5280766546162643,4.806395280687805,4.898776410263124,5.356860535385129,4.588730400802434,4.071844938107667
2017-08-25,2.52605040040054,4.810068279556433,4.8966656644960445,5.359193852324228,4.592586613668888,4.0766286805649505
2017-08-28,2.5267263001706306,4.825830676588303,4.899759879610115,5.359235057777568,4.591957905472682,4.068963760842511
2017-08-29,2.5267263001706306,4.823662924370151,4.903684792568986,5.360379015433623,4.5951749497993015,4.0678810368895855
2017-08-30,2.519266003379414,4.823180590098494,4.915366708885848,5.365105457403428,4.594861573338815,4.0735215666573605
2017-08-31,2.5467938869448816,4.834852311716388,4.926025261860245,5.371103561215616,4.597835076412142,4.079249552354133
2017-09-01,2.548117430871382,4.836757964717946,4.924656653359725,5.372516571199406,4.590156228801255,4.082694589477139
2017-09-05,2.5500995796658628,4.847802582703288,4.915643606048516,5.365308541151625,4.605890217840625,4.0799631684959845
2017-09-06,2.559951888518385,4.842689883994334,4.91868018733559,5.3687166277555685,4.599735523048787,4.08257597026891
2017-09-07,2.5592980841595945,4.853045411629753,4.921019543226858,5.3685950974708225,4.609919859478772,4.088959695427045
2017-09-08,2.548117430871382,4.851795870988483,4.912320370599489,5.3674194951684235,4.607752526974289,4.089784263261751
2017-09-11,2.5500995796658628,4.837788727011885,4.923765730559146,5.3780290445650065,4.595742107195824,4.0989263096933914
2017-09-12,2.5527363478484,4.840716484728839,4.926162528928486,5.3813941255582725,4.5904716250134845,4.087072228913866
2017-09-13,2.5573341763233945,4.833181873558262,4.927529189972875,5.381873908305567,4.58652064424352,4.084471805950889
2017-09-14,2.5579891177905845,4.837550971682282,4.92163808211673,5.381554195719894,4.590629556764381,4.0927235922792
2017-09-15,2.5625629132528718,4.832544764105723,4.925067632083396,5.382899176588373,4.591023658005824,4.094600177844728
2017-09-18,2.561258289882076,4.823180590098494,4.923756077229626,5.385023940925519,4.5852530730737415,4.089195538213931
2017-09-19,2.5592980841595945,4.825269129155733,4.925472238979308,5.386024531084447,4.582791826126136,4.08257597026891
2017-09-20,2.5677644526396253,4.81721236644907,4.922380913007813,5.386384596400397,4.583507096499924,4.079844482854183
2017-09-21,2.5638658367989176,4.809579341733627,4.916238982882371,5.383701571004265,4.5829505072847665,4.077940168969989
2017-09-22,2.5677644526396253,4.814133656394562,4.915269469026314,5.383902314174926,4.585807760250901,4.0708609511861775
2017-09-25,2.5844851389892227,4.824546640930575,4.904681318051281,5.381855451281221,4.5920476567885435,4.076663496451041
2017-09-26,2.575516380863346,4.813321914526498,4.9072692030006,5.382457760412956,4.590235222703973,4.078349192275223
2017-09-27,2.571647928281576,4.803857124388671,4.916238982882371,5.386344704223845,4.575052433923059,4.069284099072342
2017-09-28,2.571647928281576,4.805740868958481,4.9158926920401145,5.387543708632569,4.572084751645916,4.076060259531765
2017-09-29,2.566466602094398,4.800572497381069,4.923068675985959,5.391052364519556,4.574332032553084,4.078108386326856
2017-10-02,2.5579891177905845,4.7938878824911955,4.923961994717574,5.395381738613096,4.5724984465046745,4.076663496451041
2017-10-03,2.558643852060991,4.7943846141931905,4.926088805571254,5.39751962336215,4.573463778235906,4.075216127010431
2017-10-04,2.559951888518385,4.797194503131979,4.927048333847336,5.398705311476621,4.57354410175388,4.080272716925986
2017-10-05,2.571001801672811,4.791815686408353,4.9367932120713895,5.404613235642043,4.569759296076767,4.083868636521738
2017-10-06,2.5553662558304926,4.796534040523403,4.938148712482317,5.40347347746654,4.566931058792741,4.080632897768123
2017-10-09,2.5560226350509474,4.804676582534956,4.936996900675585,5.401821217348111,4.570081585507317,4.083030493673707
2017-10-10,2.5677644526396253,4.807294382544557,4.937741981706006,5.404455854043414,4.571693922072252,4.086020100470735
2017-10-11,2.5697081486435907,4.8104755866284625,4.940718403131083,5.406025679391803,4.573624261342371,4.089358103130825
2017-10-12,2.568412819908194,4.811289641329856,4.938893154715582,5.4045343421215675,4.577875154778931,4.095763576002785
2017-10-13,2.578087060339215,4.818828895626413,4.942743391899096,5.405751079546725,4.585051943399923,4.098361814381479
2017-10-16,2.5806512205796857,4.811940433111193,4.946175003405548,5.4070841151126325,4.584336764850088,4.093396096722073
2017-10-17,2.579369998478574,4.805086028693993,4.947450890449851,5.4077887067601385,4.585608609348782,4.094580473418745
2017-10-18,2.5787288436836273,4.801312446750005,4.946242595659371,5.408766787042328,4.57899524933064,4.093514712071281
2017-10-19,2.5742286314055045,4.8072126624073075,4.942541088338103,5.409040286945911,4.580752554279028,4.090547205333487
2017-10-20,2.579369998478574,4.800819208011834,4.945234204873217,5.414187495204863,4.570081585507317,4.084825663836859
2017-10-23,2.579369998478574,4.802380380331279,4.938690398597979,5.41029057548461,4.571854531682305,4.080992691195286
2017-10-24,2.5895741047857497,4.798514121155306,4.9403809243041845,5.4120461063179075,4.5656359349174025,4.0749744356833
2017-10-25,2.5908424708503097,4.798678919598412,4.936589591513159,5.4070841151126325,4.5608441410005325,4.072072889737656
2017-10-26,2.595268556489466,4.790237983667013,4.933396895164072,5.408375738061621,4.557500784825488,4.063805203556018
2017-10-27,2.6003032902589442,4.794963770241747,4.962104144841478,5.4165185412261065,4.564094879383173,4.0683120093310885
2017-10-30,2.6028111126014304,4.796864326354046,4.964349955318676,5.412786608731458,4.573624261342371,4.067461177440345
2017-10-31,2.605312731957906,4.793059531911442,4.968102853221299,5.414343284833196,4.573946252304214,4.0673392349863855
2017-11-01,2.605937072173721,4.7966992285726056,4.967774279811355,5.415664448357885,4.5783885761738725,4.072193671336461
2017-11-02,2.6121598982759378,4.797359582125674,4.965865783812932,5.416052861469343,4.582787925092244,4.080632897768123
2017-11-03,2.6183440315347206,4.792645130793376,4.975437484065718,5.419386014289675,4.585497736680792,4.078108386326856
2017-11-06,2.63727605156748,4.801148081772721,4.9788243248576665,5.42093245899152,4.58923122615896,4.084825663836859
2017-11-07,2.631207973097952,4.797524570929188,4.979409287615517,5.42023700338861,4.59342499735512,4.09292174925443
2017-11-08,2.6293804560896863,4.800983627048892,4.983430398521947,5.421936340160237,4.5912118306733705,4.0978900071652244
2017-11-09,2.631207973097952,4.805086028693993,4.978173976337345,5.418302091831942,4.588358826236603,4.0989509915740125
2017-11-10,2.6293804560896863,4.796864326354046,4.978108718548828,5.417992058075304,4.573164476952512,4.100011610116206
2017-11-13,2.6263269689619784,4.798349232657477,4.979344320310894,5.418921397750867,4.575257707166169,4.1050618566243084
2017-11-14,2.6127799095200803,4.800407947964632,4.975698344984078,5.416596291600739,4.581989297141249,4.102950763468812
2017-11-15,2.6115392923189495,4.799173277719045,4.97099113518268,5.411578679307066,4.592793108491859,4.0928031908984295
2017-11-16,2.6084307530301354,4.799090891194417,4.983689287484225,5.420043491480894,4.58406407738804,4.101070536569732
2017-11-17,2.624490363576522,4.811045500703644,4.979864255317616,5.417100607127804,4.5914491624709886,4.096709038609776
2017-11-20,2.616492901354474,4.798349232657477,4.979084198904742,5.418805277512524,4.591053681348201,4.093751455257279
2017-11-21,2.6232641294860675,4.799996581501217,4.9898817692836595,5.425327046866673,4.594214625176508,4.101188118860737
2017-11-22,2.628770517876127,4.809171669376625,4.991103229559906,5.424441844648945,4.597444112275469,4.0989509915740125
2017-11-24,2.631816564105739,4.80664055912591,4.994757340437177,5.426749002665473,4.594687886882673,4.1002470099841695
2017-11-27,2.6299899537653166,4.8108013004582295,4.994309306707444,5.426249597917218,4.593267506511266,4.095527308749961
2017-11-28,2.6257150958583133,4.810638425742753,4.996867241894741,5.436343276629727,4.594609166841208,4.091735341462145
2017-11-29,2.618960430062756,4.804348867350332,4.979279348785245,5.435734736494299,4.58470111504902,4.092091481711235
2017-11-30,2.6146381287248324,4.79661663795889,4.98762851554818,5.444451269587779,4.5813503727869,4.093632995234885
2017-12-01,2.6232641294860675,4.800654699189819,4.983365587404518,5.442373386390312,4.594754420146188,4.096000168285337
2017-12-04,2.610918371034653,4.7972770460352105,4.97177699898558,5.441163126998579,4.5952286594174545,4.091022616440487
2017-12-05,2.610918371034653,4.790154857665162,4.972431519740079,5.4375597780792395,4.600191764995152,4.082671304169859
2017-12-06,2.59400593797173,4.788074903500978,4.976936821542687,5.437749797481635,4.603644287900449,4.081712726953152
2017-12-07,2.597159429119294,4.774828550799866,4.980318491836025,5.440897877288568,4.595781230889777,4.084227460515612
2017-12-08,2.602184675701067,4.774744198292878,4.984723756036312,5.446336221838445,4.5958601667542744,4.089358103130825
2017-12-11,2.60468779019328,4.770769384739771,4.992450936772743,5.449344800791653,4.5938058836887725,4.089239057592187
2017-12-12,2.5958992684240454,4.771955016547677,4.991103229559906,5.451108130758628,4.593410330137686,4.094107132711447
2017-12-13,2.5914759796709275,4.780551029737651,4.993027984817337,5.450995623257737,4.6008992989348085,4.095763576002785
2017-12-14,2.5946374465062747,4.7785350873051655,4.992322681664662,5.446900864117972,4.605131199022055,4.095527308749961
2017-12-15,2.5946374465062747,4.780634957879462,5.003613731936867,5.455194081130675,4.608877903509872,4.101776201666561
2017-12-18,2.599046874897333,4.785239235766283,5.011962842689332,5.461515024550322,4.5997205645442545,4.108336751398157
2017-12-19,2.606561093201622,4.785990614108827,5.006019657602101,5.457667236450183,4.586661714502222,4.0868559986128945
2017-12-20,2.6121598982759378,4.78865772434168,5.004941318732363,5.457143270767708,4.575527147868483,4.075216127010431
2017-12-21,2.6127799095200803,4.790071724752804,5.005068067999005,5.45920065888843,4.58133802768569,4.071334817025941
2017-12-22,2.617110371989474,4.7952945750319875,5.003924902448526,5.458939111787121,4.5827017863860915,4.078202273299611
2017-12-26,2.631816564105739,4.802133991951094,4.998509357157272,5.457742307901456,4.585662990816586,4.083200042886351
2017-12-27,2.6342466150226937,4.805904543253243,4.998636615386115,5.458228574552883,4.598604028665632,4.086477675285454
2017-12-28,2.6390892090771088,4.810964086546521,4.999850108623344,5.460283863056778,4.597736388917312,4.091796279246216
2017-12-29,2.6421041007053896,4.817455006307732,4.993641742552175,5.4565062945411675,4.599313914350268,4.092157750079545
2018-01-02,2.6469088841547093,4.829513030070183,5.011016792768205,5.4636382065643785,4.588455650614326,4.088414807367533
2018-01-03,2.652882512547137,4.82687269706097,5.020686740788984,5.469943181657114,4.593225736395677,4.085507539887926
2018-01-04,2.6516907592732295,4.831986975371232,5.022434508704951,5.474149329250488,4.593067828050063,4.068130844696514
2018-01-05,2.64810641397829,4.830950273233298,5.032428059436517,5.4807914360236785,4.590207498103732,4.068624467301624
2018-01-08,2.6475078620993857,4.830790647694261,5.036311230388795,5.482618316809324,4.5895707824595675,4.073793138565124
2018-01-09,2.6540729143399964,4.82615142805122,5.036372401979438,5.484878732449879,4.576107754827249,4.060820988756807
2018-01-10,2.6576359752516803,4.828553698743627,5.034032427894624,5.483348262461167,4.574897291410432,4.049566581161823
2018-01-11,2.6570431019008587,4.831827576064838,5.040853019382865,5.490617555575045,4.579008014968987,4.046165564173134
2018-01-12,2.663546120901773,4.843872069007006,5.0481752484538545,5.497115443498756,4.580696341427919,4.038057359774282
2018-01-16,2.6588208020707924,4.845524759634175,5.045313846888267,5.493691752888214,4.58486354223162,4.039963561135006
2018-01-17,2.6600041600289157,4.8373923963968215,5.056047421413704,5.503177977541809,4.583503042325235,4.0469227089247495
2018-01-18,2.6600041600289157,4.835170182948236,5.056228408233653,5.50149559666807,4.574170167776076,4.0339780309720945
2018-01-19,2.6582286309641434,4.839609682560252,5.059359286216495,5.506034991546646,4.568901775536328,4.0393282956331085
2018-01-22,2.660595480966186,4.841427388495682,5.070003190595992,5.514132986576117,4.569876669506158,4.048434282312766
2018-01-23,2.667662603587372,4.84638937443884,5.078237279043968,5.5162534125857565,4.574170167776076,4.062187895219941
2018-01-24,2.6781704499418235,4.858493720016386,5.071726833544098,5.51586478329807,4.568738950204746,4.056958402835046
2018-01-25,2.6723464894018405,4.851795870988483,5.071370203948389,5.516288629061869,4.576914623516036,4.05520991510787
2018-01-26,2.6799111491034244,4.852577046627163,5.086579224877196,5.527800157358112,4.573199295021802,4.051702414251445
2018-01-29,2.6770086042529515,4.846939189443692,5.081711673368663,5.521147880589941,4.566216838212549,4.038184539522514
2018-01-30,2.6700072558185957,4.842611066070615,5.073447415126284,5.510837550512225,4.560332801089794,4.030907999894075
2018-01-31,2.6711775236286095,4.849292155641107,5.0775878911937635,5.5113346242629175,4.566216838212549,4.048685933764257
2018-02-01,2.6810699559073043,4.852577046627163,5.069051405111278,5.51019894776735,4.551617405361799,4.026927961326186
2018-02-02,2.664724102771036,4.839372359829922,5.048904129734699,5.488188440738609,4.542295481762106,4.018402083291046
2018-02-05,2.655262101835024,4.841901003585441,5.008679240016619,5.44546613826067,4.551700871127664,3.9882423074234294
2018-02-06,2.649302646289828,4.83134910393976,5.034833350025936,5.464976722343206,4.54546752806276,3.988376194713859
2018-02-07,2.6378808936928633,4.826632331856307,5.021810814563156,5.459537009497914,4.535919162417063,3.984088990230831
2018-02-08,2.627549524239294,4.828153751360702,4.978699981428096,5.421306620678875,4.534825044089154,3.9549353185921508
2018-02-09,2.6127799095200803,4.826472015517956,4.995822449300908,5.43621646704246,4.528485690472003,3.9796485688774377
2018-02-12,2.618960430062756,4.831269387035743,5.013411689433777,5.450794152124804,4.53288485741767,3.9800526446010793
2018-02-13,2.6208072104891262,4.836916640632528,5.018559745148109,5.453278526301931,4.537349020494404,3.98703800084785
2018-02-14,2.636065337030841,4.853825493152293,5.037110132048102,5.466684358971254,4.5261937088525155,3.979783041276325
2018-02-15,2.6378808936928633,4.85499465391769,5.0555041670716045,5.479363747450823,4.52958758584499,3.989445024169117
2018-02-16,2.6396928197001333,4.851717707926524,5.051028485756204,5.479656919727788,4.534993322014622,3.9949054694293444
2018-02-20,2.6427058947949704,4.838184840175586,5.05302666197443,5.473375876129298,4.530603276751746,3.983014346579855
2018-02-21,2.641501740381763,4.833579876117801,5.050179519492133,5.468388955822952,4.518258568759507,3.9630581946099994
2018-02-22,2.650497381994441,4.838660053519215,5.050057872390226,5.469684300998302,4.521252634347987,3.974374722387846
2018-02-23,2.6570431019008587,4.8373923963968215,5.070300988917803,5.485497958867038,4.530095642494032,3.990245985421855
2018-02-26,2.6623670159549984,4.839846948981867,5.083474194368463,5.497043520692535,4.5304339295347145,3.993044027027228
2018-02-27,2.6522868134446558,4.829353174927135,5.071013638652661,5.4844786009501485,4.528994224779647,3.9694820061402853
2018-02-28,2.641501740381763,4.8283137373023015,5.064575361415212,5.474296628507367,4.535330283813805,3.9688006951159247
2018-03-01,2.643307394776924,4.82607123453707,5.048114500690015,5.459649404224155,4.542133385011442,3.9697543286172983
2018-03-02,2.643307394776924,4.831428875334821,5.057252864121179,5.464790838352236,4.533970777054695,3.96934578106513
2018-03-05,2.649302646289828,4.829752703934451,5.068276667599918,5.4762824730867585,4.531263128426574,3.9805918470043338
2018-03-06,2.652882512547137,4.840479424553633,5.072498616849441,5.478814279446374,4.53219488932901,3.98529642599293
2018-03-07,2.6421041007053896,4.834057221639064,5.074809826878962,5.4784476509663325,4.531093728605953,3.9914462256985814
2018-03-08,2.636065337030841,4.831668090515492,5.080299720096414,5.483275152364272,4.536839735214962,3.9933102198946764
2018-03-09,2.6457097831980065,4.8326244401821,5.099541474475222,5.500527577087562,4.530245640952389,3.998749727344376
2018-03-12,2.643908397594258,4.8326244401821,5.104840589800305,5.499271911491619,4.535996426995916,4.00310652811734
2018-03-13,2.6408992209842173,4.8345343394102915,5.091132375689788,5.49278831767627,4.541043038558086,4.004028155214221
2018-03-14,2.6408992209842173,4.833898091318097,5.090957503721107,5.4876436122,4.5498141486434,4.004949628933367
2018-03-15,2.640296270302924,4.827513429348337,5.0900835304853524,5.486553127002314,4.5498141486434,4.004686377753369
2018-03-16,2.643908397594258,4.825108594107133,5.087105861538594,5.487637046190677,4.5462315971961305,4.011632940693914
2018-03-19,2.63727605156748,4.827273218122585,5.065538732765109,5.474014232534698,4.543054752192441,4.002975364977686
2018-03-20,2.643908397594258,4.822778426163963,5.068824642224395,5.475713291497456,4.539027514305419,3.9995432034977227
2018-03-21,2.6617768085344835,4.840084219442437,5.064460947591468,5.4737923809034985,4.540119977971531,3.992112145692543
2018-03-22,2.6540729143399964,4.836123190840342,5.039468719857649,5.448477463441777,4.549980326365494,3.986234677474798
2018-03-23,2.6629566757035565,4.848978742528829,5.012764170635417,5.426932634445692,4.549231623243074,3.9682553118859767
2018-03-26,2.663546120901773,4.854215365309027,5.049248601261376,5.4539238952924824,4.545396742382172,3.9795675629896348
2018-03-27,2.659412689465358,4.848037913393967,5.016353573360114,5.436765992012894,4.556032160113295,3.9833734472234803
2018-03-28,2.655262101835024,4.834136777304633,5.004783243262507,5.4338070227122515,4.5586738139306435,4.008162364628144
2018-03-29,2.6641351524264736,4.834613857129002,5.022932219466883,5.446503529693281,4.56352530889492,4.006970307011105
2018-04-02,2.650497381994441,4.846232254590992,4.993656435000432,5.424682381497146,4.565496232930089,3.9933630420297934
2018-04-03,2.655856165690035,4.838660053519215,5.004846988028078,5.43741792028961,4.557754252606913,4.001789309602879
2018-04-04,2.6516907592732295,4.839846948981867,5.020493564387207,5.448060130615357,4.555684788134289,4.012256363086146
2018-04-05,2.6564497429525615,4.834693368525146,5.026174536107514,5.455921244697519,4.548199715839596,4.011860883586265
2018-04-06,2.649302646289828,4.839372359829922,5.000832561806264,5.433383454338347,4.559076235754689,4.004316624381469
2018-04-09,2.6617768085344835,4.842768755865516,5.007831072972112,5.438299674629001,4.560726420377913,4.001123244604932
2018-04-10,2.678751194314192,4.845131543834675,5.029654230150803,5.454075117904077,4.558910683872892,4.0000563514845275
2018-04-11,2.6862678054512936,4.85288927463262,5.023868373973316,5.448818817908091,4.5624559814534,4.002189000677405
2018-04-12,2.682227421432109,4.841190496807514,5.035838089973743,5.457012106242322,4.555104470336884,3.990942176145711
2018-04-13,2.6828056847863206,4.847724106877378,5.0306460375960205,5.454075117904077,4.55742324349538,3.996179530716757
2018-04-16,2.6793314053263413,4.849135431474721,5.03823965523579,5.462262798858654,4.557754252606913,4.002322009658636
2018-04-17,2.6799111491034244,4.850075229083814,5.0595365748288685,5.472904417797481,4.560479050259624,4.013968463315345
2018-04-18,2.6982919872863427,4.850857689802281,5.0615811618051385,5.473644751249055,4.552448291456198,4.011860883586265
2018-04-19,2.694299991183885,4.848900358952391,5.052346151273529,5.46808164485138,4.544268435702477,3.997250425678037
2018-04-20,2.6925841161095443,4.841269426772696,5.0363928247243095,5.459565969716964,4.537035117128822,3.9879757519024728
2018-04-23,2.6920116105314515,4.833261498890445,5.033863579238818,5.4594158999433295,4.537288517652079,3.9871654677727086
2018-04-24,2.686843607902527,4.8381056663585555,5.012449037266622,5.445857368003702,4.5327204896708775,3.990942176145711
2018-04-25,2.6885692231211475,4.831588399037053,5.013646807181382,5.448325851563953,4.526000243401411,3.989055463623933
2018-04-26,2.693728273905872,4.828073718265662,5.034480995503593,5.458440189606582,4.532974329699795,4.002055695101926
2018-04-27,2.6931564231771294,4.832305758571839,5.035098229334653,5.459378557578032,4.540658519958669,4.019086834942767
2018-04-30,2.69772267687732,4.825028316917487,5.027978033848004,5.451658370706254,4.542423434323482,4.015152075131391
2018-05-01,2.6920116105314515,4.817940109474147,5.039345960427134,5.453433505114181,4.538814666801617,4.024179414990651
2018-05-02,2.6920116105314515,4.817455006307732,5.033431041606595,5.446693435911952,4.537716612920424,4.0205260543481876
2018-05-03,2.6982919872863427,4.8225370747026455,5.033307240371556,5.444487327819256,4.542187501434896,4.019872014623184
2018-05-04,2.7050986781112925,4.824626956795577,5.052103368924174,5.457350755486793,4.543700681067529,4.030799606579614
2018-05-07,2.7045332307557826,4.824867804448168,5.060378799109769,5.460728101563849,4.542103156545179,4.037504938936262
2018-05-08,2.707357212017293,4.825028316917487,5.05935599203228,5.460728101563849,4.541177251668045,4.032480480786055
2018-05-09,2.7163409961732277,4.822939335692222,5.070195758445721,5.470347500387979,4.535176627605768,4.03917438784453
2018-05-10,2.721359096134329,4.829752703934451,5.080507200776528,5.479654692298968,4.54319689397054,4.046970707235218
2018-05-11,2.71522249800475,4.8283137373023015,5.079563181375425,5.482701372768689,4.545716048168924,4.043527188630322
2018-05-14,2.7224708806841864,4.824225374233839,5.081273187660209,5.483178065561206,4.540418670163554,4.034931568536133
2018-05-15,2.7235813679432743,4.807947778757442,5.0701360462498615,5.476267019847398,4.528970347983257,4.018563267721226
2018-05-16,2.7291154437388365,4.806395280687805,5.076726716524254,5.480463113922763,4.525124846169978,4.015546186637296
2018-05-17,2.730218394256984,4.806967524270865,5.072872623684971,5.479617907185505,4.520060353520579,4.01054153394968
2018-05-18,2.7307696311892067,4.8073760960041705,5.067690824497183,5.477114934719654,4.5286293415911265,4.011860883586265
2018-05-21,2.7384536698560136,4.807947778757442,5.07328795914504,5.484605262199683,4.529140684101121,4.023658235052058
2018-05-22,2.7395463743124555,4.8073760960041705,5.071981450121472,5.481821225347807,4.527603975201477,4.025090486100682
2018-05-23,2.7449931608896305,4.8084375147687615,5.080389092909946,5.484568658746795,4.53483748583905,4.035060293263542
2018-05-24,2.7384536698560136,4.81696960597053,5.080094568844565,5.482517929811653,4.542776498466202,4.032996678547371
2018-05-25,2.7235813679432743,4.813890209205952,5.081096298502986,5.48013283928906,4.5489819578168476,4.0364762505759355
2018-05-29,2.714102684202496,4.8137278987921,5.076667393047075,5.468565034504835,4.570648224739308,4.0412253735164825
2018-05-30,2.7269055121362777,4.815187992346338,5.083802897367652,5.481821225347807,4.563917832814415,4.0547066477946565
2018-05-31,2.7241360869079285,4.812997020794966,5.08315635801405,5.475676744477762,4.5622690082754636,4.051289777035256
2018-06-01,2.717458370667026,4.808029376559554,5.098733938208711,5.4854465822196365,4.556971319593401,4.0557161012244975
2018-06-04,2.7056638059167706,4.807049264442473,5.107723990980832,5.490186338486324,4.549712864250771,4.064386396518573
2018-06-05,2.707357212017293,4.810964086546521,5.110817692528492,5.490913803304256,4.552054376436599,4.06175604826042
2018-06-06,2.7107355723657034,4.811533722365972,5.116634582745949,5.499239710198086,4.54391881808659,4.064136372258497
2018-06-07,2.7146625583736848,4.811045500703644,5.108469880192966,5.499131740930154,4.553557530371685,4.064136372258497
2018-06-08,2.714102684202496,4.812265670247009,5.108527070056502,5.502083712756526,4.550550168284041,4.067758427423106
2018-06-11,2.713542243476367,4.814052555191235,5.111217934371916,5.503412857590444,4.548707447575977,4.066261223276519
2018-06-12,2.712981678276884,4.810719866416513,5.116464022879114,5.504704240209624,4.548958795647239,4.072237286939998
2018-06-13,2.716899807976776,4.8137278987921,5.116406919084716,5.5015084233795095,4.5484562785507805,4.052556545743915
2018-06-14,2.7056638059167706,4.815269001520331,5.1264802368621805,5.504022765938892,4.556721417088908,4.062006536957688
2018-06-15,2.6810699559073043,4.79859649233359,5.122982939491415,5.502746236136263,4.557635767616187,4.061379474729495
2018-06-18,2.6897181106888164,4.7966992285726056,5.122405278862602,5.500687368934716,4.556721417088908,4.061657976732171
2018-06-19,2.6793314053263413,4.79413631076361,5.119568430348173,5.496847051255801,4.562525012542379,4.060644445735
2018-06-20,2.6781704499418235,4.789656083374855,5.126645745474736,5.498551378043477,4.553724211745524,4.071736080350573
2018-06-21,2.670592626919379,4.787908348087985,5.117919160344945,5.49226364938059,4.558964139672489,4.076487916252037
2018-06-22,2.69029193043816,4.790321039360849,5.115697425398148,5.49408470274674,4.558881437786651,4.084316215223539
2018-06-25,2.678751194314192,4.786574650628633,5.092909397073276,5.48037809119185,4.561119007762256,4.081713692750066
2018-06-26,2.6885692231211475,4.78130600160734,5.096985628399428,5.482589635838297,4.562525012542379,4.0849350314348785
2018-06-27,2.693728273905872,4.775587853720735,5.083293437330826,5.474271035059289,4.571904697177179,4.081092686008783
2018-06-28,2.6931564231771294,4.772547305721914,5.091858569649257,5.479972464430138,4.572150834465377,4.089993922833936
2018-06-29,2.7045332307557826,4.776177995742109,5.094541753070396,5.481411291919725,4.568705954669466,4.092452527379088
2018-07-02,2.6833834836131625,4.766097842299998,5.101219543396778,5.48354689456312,4.567923475357623,4.086912366466962
2018-07-03,2.682227421432109,4.776177995742109,5.089577824982285,5.480009236503724,4.5732653829998915,4.094414877336198
2018-07-05,2.68799441371196,4.779543598567124,5.101913474914332,5.488134173171853,4.576130061008333,4.106230745826215
2018-07-06,2.6925841161095443,4.777946335073561,5.117350086399151,5.496556748776725,4.579394274668013,4.111544588154288
2018-07-09,2.69772267687732,4.780383216351121,5.126307361182649,5.505520826244353,4.5729374996024355,4.103563072178104
2018-07-10,2.6954421885515467,4.7785350873051655,5.127040880492113,5.509112960971243,4.572855708951313,4.105624909505031
2018-07-11,2.6600041600289157,4.767629108497495,5.121951792505643,5.501771645957508,4.576702075956935,4.102348549521538
2018-07-12,2.665312441039757,4.771785689709924,5.13903648938974,5.510796527808188,4.576620828157107,4.105382723690114
2018-07-13,2.6670756467911065,4.7673740710525685,5.139872123657373,5.511583561641287,4.579149600815275,4.102348549521538
2018-07-16,2.6457097831980065,4.766863800947438,5.137475317581606,5.510689429028278,4.57498528446698,4.096984976355127
2018-07-17,2.6469088841547093,4.756001065192712,5.1435399644925175,5.514726746289792,4.573101533519849,4.090363194836647
2018-07-18,2.655856165690035,4.756259019360437,5.141652045420098,5.516827764842133,4.569076439127419,4.085924444146141
2018-07-19,2.6546677519228394,4.751950896115151,5.13663785658302,5.513048803981285,4.575394322989638,4.097595814645686
2018-07-20,2.6617768085344835,4.75840614094146,5.13641425368648,5.511905645681874,4.563049795536203,4.0878995057285925
2018-07-23,2.665312441039757,4.7535901911063645,5.139593805510757,5.513763276070234,4.550633964882351,4.085801013451053
2018-07-24,2.670592626919379,4.75393496714296,5.143706502930909,5.518782651890524,4.5540660023929265,4.080720360811096
2018-07-25,2.6839609487812983,4.759435147615014,5.15758648337422,5.527268908918183,4.552476841649631,4.088639524946317
2018-07-26,2.6839609487812983,4.751605435221061,5.1423190234035525,5.52490699966302,4.550550329438085,4.091961289811186
2018-07-27,2.6799111491034244,4.752123614752375,5.1287308713288855,5.518107645674073,4.552225732852571,4.081217278955927
2018-07-30,2.6856916712605714,4.750568401871386,5.114498656864946,5.512870721786926,4.548787927806479,4.0818376933255465
2018-07-31,2.6799111491034244,4.753503962076417,5.122122146970743,5.517787492076012,4.554233080727562,4.098450526515949
2018-08-01,2.665312441039757,4.746148773946712,5.125911936162446,5.516115602396801,4.546052654335201,4.105504138292994
2018-08-02,2.6711775236286095,4.740749450916836,5.139426580682399,5.5215484384462705,4.547486776897291,4.101496974893161
2018-08-03,2.674680198003607,4.74423621817779,5.142485497804708,5.525824552291506,4.552448291456198,4.112267383500743
2018-08-06,2.6764269123252387,4.739089019569401,5.148354631506329,5.529484732102712,4.553034733785421,4.110942276239851
2018-08-07,2.6839609487812983,4.741360508479988,5.151991459389564,5.532781485448088,4.54782391881145,4.109132722239879
2018-08-08,2.671762144361442,4.744149245138912,5.15320109608166,5.53236149518535,4.5488345016711635,4.103320323429457
2018-08-09,2.667662603587372,4.742668680555715,5.152596504769429,5.53099443073263,4.557217477756186,4.1038058249936915
2018-08-10,2.667662603587372,4.742232857663432,5.1449259300794825,5.524271539557339,4.564454202643294,4.096129200801551
2018-08-13,2.6623670159549984,4.727033765640051,5.143817631871047,5.520521084267134,4.562380097491805,4.094169770233818
2018-08-14,2.6641351524264736,4.728007093248155,5.150064672261627,5.526881320530009,4.560135614096075,4.099060407241617
2018-08-15,2.6421041007053896,4.711240471672224,5.137754315466741,5.519386135152452,4.565944797530912,4.106715025161463
2018-08-16,2.6499001251813246,4.7104306829113005,5.141040786181186,5.5274451130270705,4.565861877445712,4.11479200201084
2018-08-17,2.6540729143399964,4.7196588879781665,5.141263267807505,5.530959184239176,4.567102896741101,4.123994024226801
2018-08-20,2.655856165690035,4.724640707629057,5.1403732228553345,5.5330968752257315,4.5737759800252045,4.124707325058819
2018-08-21,2.6576359752516803,4.727564764499577,5.14403931858376,5.535439181153898,4.570403692107793,4.118626157520912
2018-08-22,2.671762144361442,4.729774319576058,5.1479127640239195,5.534845612264646,4.574350601654336,4.112989469579842
2018-08-23,2.6700072558185957,4.720282965889329,5.146475700008299,5.533517280459135,4.575908076636817,4.110460353056208
2018-08-24,2.677589564743622,4.737601005247324,5.155724922139902,5.539517073718153,4.577872724218761,4.116351373891309
2018-08-27,2.6810699559073043,4.741360508479988,5.165866148555812,5.547381458595364,4.572131987901131,4.1127486240868025
2018-08-28,2.6770086042529515,4.733387486473362,5.167329993808568,5.547864622863309,4.566110299745219,4.126133018031228
2018-08-29,2.68799441371196,4.737951270498987,5.178801931342938,5.5532310125848845,4.567433411536152,4.126370477087438
2018-08-30,2.6862678054512936,4.733035551615066,5.17703297284234,5.549174045085108,4.569578980490802,4.119941128499345
2018-08-31,2.6874191438996866,4.731890957587003,5.178319297881807,5.549209070945179,4.567267890449605,4.123874895799858
2018-09-04,2.681648888775099,4.726768160437923,5.174024348668875,5.5474849369920225,4.561469757832913,4.111906051131653
2018-09-05,2.677589564743622,4.730215672269272,5.16102656196831,5.544790177729013,4.558799847871663,4.117668840676337
2018-09-06,2.671762144361442,4.732155205806059,5.15204665526672,5.541775451202394,4.562469358092009,4.120538108156946
2018-09-07,2.674097215461382,4.729421177972982,5.148189042732373,5.539830406554204,4.553943787106613,4.109615598583882
2018-09-10,2.677589564743622,4.728714385564999,5.1515514614018105,5.54156753779985,4.557630167032831,4.114071341484492
2018-09-11,2.6874191438996866,4.729332839390206,5.159226025227972,5.544859224259067,4.549990323562248,4.113950837996712
2018-09-12,2.694299991183885,4.737688549650269,5.156272929294423,5.54510120723291,4.552347353955849,4.114431580881799
2018-09-13,2.6833834836131625,4.734090984833328,5.166896433672885,5.550998624235037,4.5538597855486,4.119343606218377
2018-09-14,2.6770086042529515,4.727564764499577,5.16396576110633,5.551170341155198,4.549062900140482,4.112989469579842
2018-09-17,2.675845078812584,4.732771535954154,5.1494582696817615,5.5458621865679385,4.549062900140482,4.11623145586832
2018-09-18,2.6851152049478877,4.731274084305381,5.157695992772664,5.55127354673114,4.538548115560089,4.11142434229511
2018-09-19,2.6914388416461907,4.735145238291624,5.156930053833495,5.552338513152367,4.532562986244237,4.099670422164242
2018-09-20,2.6914388416461907,4.738564039781414,5.167925484555434,5.560409518049638,4.537183180083043,4.109012248648838
2018-09-21,2.693728273905872,4.731714708489975,5.162442794157807,5.559495672260113,4.536756081788771,4.108649675288933
2018-09-24,2.7084845372048942,4.7315384955608355,5.165219926906315,5.556168240195145,4.5341914561804435,4.090528952596518
2018-09-25,2.7107355723657034,4.733123563724676,5.166578625370923,5.555240005170984,4.5331632531140515,4.090653460281582
2018-09-26,2.7062283597563273,4.72783022571874,5.167284419682418,5.552242874771427,4.5401663873548985,4.078608089277262
2018-09-27,2.7107355723657034,4.718945227482615,5.175714719377102,5.555033338231723,4.540846892338465,4.083393218081264
2018-09-28,2.720802771377571,4.725261685190843,5.175499427791161,5.555136854082164,4.53820668921192,4.096869816009121
2018-10-01,2.7395463743124555,4.723575247655726,5.1775423984321005,5.558604632359781,4.5308385067036685,4.087530858976708
2018-10-02,2.7428178945297956,4.735057470942844,5.175283917279747,5.558021776311074,4.536932856774689,4.085276214845381
2018-10-03,2.752029620257704,4.731097726441862,5.176360229982049,5.5585705221688055,4.519408610279683,4.074560592436194
2018-10-04,2.7411836567948207,4.7316266395223705,5.156974872016678,5.550724218885409,4.512329808324233,4.066160192035186
2018-10-05,2.7390002021549456,4.734442548509082,5.144671879320625,5.545111042700733,4.503697755539979,4.065648994057621
2018-10-08,2.7362642397305637,4.723308722140262,5.138547519918933,5.545111042700733,4.5003304528039125,4.079995353098093
2018-10-09,2.7433622316007695,4.723841702154267,5.141781515154274,5.543650997191654,4.5103987023085095,4.081381532385811
2018-10-10,2.7235813679432743,4.726325283212684,5.096805710888508,5.511475930646835,4.507670790615216,4.066416314161264
2018-10-11,2.7084845372048942,4.7516918281075595,5.084325138889232,5.4892028912733295,4.519757262236436,4.037375855477099
2018-10-12,2.7163409961732277,4.746930160158385,5.111774969949182,5.502995952626024,4.516269096259688,4.034741352142652
2018-10-15,2.7185743092903927,4.7535901911063645,5.0995968505652085,5.497362880979143,4.515831885059616,4.04144553104397
2018-10-16,2.7230262784614663,4.7518645914925886,5.128274276408704,5.518993398499716,4.518101600774744,4.061805178939695
2018-10-17,2.714102684202496,4.751778213530973,5.1286692205859294,5.519171923158464,4.512154323517702,4.057946927487702
2018-10-18,2.7028347760379647,4.752900282216579,5.10521380167133,5.504625102265723,4.51180351277407,4.056011841730879
2018-10-19,2.7084845372048942,4.753676412701508,5.104289681187701,5.5040825128492585,4.5096075023835365,4.064625354990916
2018-10-22,2.7096107199196524,4.751087052975988,5.1094203753651515,5.499583449140824,4.508287359089508,4.050574193162972
2018-10-23,2.6874191438996866,4.7569466157098645,5.105733307988261,5.494479755616304,4.511452327549662,4.054978351017043
2018-10-24,2.6804906876820853,4.759263752716794,5.058886168995158,5.463712895782093,4.518973268828676,4.064369297794109
2018-10-25,2.6845380806758583,4.757032548406262,5.092896936099897,5.481494130566416,4.514782449000703,4.077092318389694
2018-10-26,2.6920116105314515,4.760206159339369,5.066838005992011,5.463750464613159,4.5208010781791055,4.052778663525515
2018-10-29,2.681648888775099,4.756259019360437,5.046042459542079,5.458194764005341,4.518537571376478,4.065393067978616
2018-10-30,2.6764269123252387,4.7518645914925886,5.062388052209428,5.472904289653591,4.513557006013545,4.078986947666602
2018-10-31,2.6629566757035565,4.746235639517922,5.085621387203943,5.483529017387683,4.508463607784015,4.067182066003145
2018-11-01,2.655856165690035,4.759006507153425,5.0987254618117275,5.494114435921607,4.509389810515064,4.071895396226432
2018-11-02,2.6534779241477695,4.759178011548269,5.0830270188909,5.488173612102898,4.496878743615573,4.063600798140044
2018-11-05,2.652882512547137,4.756774793722134,5.080544195552395,5.493675562275757,4.500799983844385,4.078355587993632
2018-11-06,2.648704675272726,4.75393496714296,5.088091652236912,5.499983382831512,4.500177254808168,4.083393218081264
2018-11-07,2.646309479593052,4.753848767838872,5.118977109551191,5.521166501967547,4.501511187558874,4.095257828640748
2018-11-08,2.640296270302924,4.7516918281075595,5.112577743369829,5.519349926638872,4.501422325330476,4.096002009003955
2018-11-09,2.6293804560896863,4.740400164571514,5.09558219750476,5.509533686107404,4.508860956885127,4.095877975075122
2018-11-12,2.626938467905875,4.733211568088835,5.0648562800141255,5.490671562658295,4.515367441167745,4.097861181010282
2018-11-13,2.599046874897333,4.733563373916052,5.065697599875417,5.488798558839228,4.5147538042326945,4.096869816009121
2018-11-14,2.6078078277004653,4.7417967781958446,5.058039290575739,5.481938762795542,4.515367441167745,4.094387985249848
2018-11-15,2.605937072173721,4.742930096443351,5.0753817899739895,5.492320960998198,4.514929334496124,4.087530858976708
2018-11-16,2.6121598982759378,4.75030897540958,5.071865679857766,5.494918401895867,4.5207001327621,4.098232626321291
2018-11-19,2.6121598982759378,4.750741293477322,5.038848838248036,5.477859171788112,4.523485837165885,4.099593139190699
2018-11-20,2.5812912887522637,4.750741293477322,5.0207921763975065,5.459179483004592,4.523833815558978,4.0892804024424
2018-11-21,2.5895741047857497,4.752382570936487,5.028366166393091,5.462581225102775,4.523485837165885,4.090154378823001
2018-11-23,2.559951888518385,4.751605435221061,5.021106604559932,5.4558799916300496,4.5245287476788425,4.088156454051531
2018-11-26,2.564516662520747,4.750481911870113,5.043957654499917,5.471895801395225,4.52226820165602,4.090029362006543
2018-11-27,2.560605265696313,4.744497224660623,5.047328464239855,5.475254376154743,4.52339915482321,4.094263623786355
2018-11-28,2.5573341763233945,4.7482310050240795,5.079004435948065,5.498018603645273,4.518518269198467,4.10317160835265
2018-11-29,2.5638658367989176,4.751346277688543,5.075738612370931,5.495831375095801,4.522442500847115,4.103417858427775
2018-11-30,2.5592980841595945,4.749616798277019,5.082968068005628,5.50190808602474,4.526178021627382,4.112854480922148
2018-12-03,2.581930875375301,4.757118473718867,5.100293303669299,5.5150628694195705,4.53325311040663,4.118207397604584
2018-12-04,2.5825699090322582,4.763199073664009,5.061182017754962,5.482123327761934,4.549856159302584,4.103294362899291
2018-12-06,2.5742286314055045,4.763369795451191,5.068217320863423,5.480605353442591,4.552991409602003,4.127746825540504
2018-12-07,2.5857598283565744,4.771447014602017,5.034644277803955,5.457095233350065,4.554851453182191,4.114560936234968
2018-12-10,2.5697081486435907,4.76796907888645,5.045061783244843,5.458990439141759,4.558980998831198,4.1080862539682075
2018-12-11,2.575516380863346,4.7667787089735745,5.048367951211526,5.459217612263628,4.558812394452342,4.108576467896934
2018-12-12,2.5722937105030637,4.768903385743232,5.057131006346335,5.464240605277566,4.55434418320462,4.093020240056458
2018-12-13,2.5851225429880302,4.766693609758452,5.057433827071742,5.463900919779113,4.5519753656070865,4.098783079474495
2018-12-14,2.5697081486435907,4.76268660300705,5.032783724860015,5.445263813367827,4.555442181365877,4.095899494858739
2018-12-17,2.5579891177905845,4.769582345540268,5.009863308366415,5.425450474620154,4.561249437383742,4.057507242084851
2018-12-18,2.536810355764849,4.771955016547677,5.016131939608928,5.42435320060349,4.567219948397827,4.067760647323429
2018-12-19,2.5408157516913015,4.765842413975779,4.991270431074734,5.409264413661893,4.580344294252777,4.056724074575861
2018-12-20,2.531445001810955,4.781138250894486,4.976669022014024,5.392852515758143,4.5767070997587656,4.041594934350967
2018-12-21,2.5226639553843104,4.776767789701273,4.945185007600561,5.372150059509068,4.5765411439514585,4.027578695311584
2018-12-24,2.5115378534658785,4.787658367591582,4.920074590358266,5.345371900335582,4.581498502115324,3.9913057714744644
2018-12-26,2.5335317541283198,4.784654418566175,4.980641397621843,5.394661696049886,4.570725300150766,4.02421269579079
2018-12-27,2.5239689029014487,4.792230494598111,4.984504083641722,5.402309728692949,4.570891750135417,4.024077451546333
2018-12-28,2.5156987303629,4.79628627029663,4.9839811234915965,5.401018985480597,4.579271044824627,4.027310117442017
2018-12-31,2.5184630098058842,4.7978545298175925,4.9923786269493595,5.409739680153206,4.583063846698091,4.029996045818945
2019-01-02,2.521219669067501,4.798514121155306,4.996390229567348,5.410779467721776,4.588317083348425,4.008031447139276
2019-01-03,2.5294445710483497,4.807539440578479,4.963173760456061,5.386627268629365,4.599632266453833,4.0149984616844625
2019-01-04,2.543004172750081,4.799420333751126,5.005068579464711,5.41957431451974,4.587989364420151,4.026637846771758
2019-01-07,2.5503842629550224,4.802872849828978,5.016903854252852,5.427427943324158,4.585036685783238,4.036411846612698
2019-01-08,2.5603609164914944,4.800161135838249,5.025908784953506,5.436779410731795,4.582405003574341,4.0568546450952825
2019-01-09,2.5800208592185863,4.806558785538465,5.034025273026814,5.441442257751127,4.580839330084174,4.055417166439326
2019-01-10,2.577421825923853,4.800654699189819,5.0368812600758055,5.444963345967811,4.574384749016731,4.068922219548322
2019-01-11,2.5741634335370374,4.802380380331279,5.033216443057205,5.445349635207997,4.578278624277129,4.07175611002701
2019-01-14,2.5656415587482133,4.804758447685601,5.024339985909774,5.439230021747776,4.574550748382066,4.068406102793502
2019-01-15,2.573510493611941,4.803036931582374,5.043678774419102,5.450625595186339,4.570891750135417,4.0779106326911805
2019-01-16,2.5787221869427404,4.80623168670101,5.043493533020092,5.4530425491113546,4.57189144615896,4.084916675971446
2019-01-17,2.5793717338993587,4.804922282843306,5.051347028631852,5.460600714557216,4.572141056375963,4.089728823532068
2019-01-18,2.5897077982518812,4.795955793455507,5.061198845357336,5.473823043653231,4.566885478736378,4.093133616615813
2019-01-22,2.582613299196623,4.799502630320492,5.040965429327346,5.460220208170321,4.573637410681025,4.09010732376567
2019-01-23,2.581317919300499,4.798101911828897,5.042261227917576,5.462310782948926,4.573222217568526,4.090233863002004
2019-01-24,2.5839069312723444,4.796534040523403,5.048715447265047,5.462841886196316,4.579766455592625,4.093637194379978
2019-01-25,2.589064932624089,4.811045500703644,5.060593647349831,5.471267193479254,4.574966019446387,4.106017927936545
2019-01-28,2.5754680357857547,4.814539311306265,5.048163981002225,5.463638400569573,4.573970102277963,4.115788231507167
2019-01-29,2.5851988920259616,4.820120289350185,5.038677833586333,5.462310782948926,4.579022894955242,4.123634311870575
2019-01-30,2.5922752073362396,4.825830676588303,5.063797629312516,5.47801727234792,4.578278624277129,4.131661581153454
2019-01-31,2.5871338523576397,4.826311734631628,5.078655144608744,5.4867612972754785,4.586842706088706,4.14202579081716
2019-02-01,2.5961139683277072,4.824305715904762,5.074424137017489,5.487242880394972,4.5807840602393055,4.135651668548782
2019-02-04,2.5967523197478966,4.81995892553388,5.086769287201429,5.494253680798122,4.576309906049932,4.1431043294529255
2019-02-05,2.5922752073362396,4.8225370747026455,5.095578366422055,5.498436901404409,4.5808665339213555,4.148836309328903
2019-02-06,2.5935563373197192,4.815755227832986,5.092591921760218,5.497117819990153,4.581362795867812,4.142265566617026
2019-02-07,2.5839069312723444,4.818182572838979,5.079071220696144,5.4875391822880975,4.58795140944507,4.150501798719532
2019-02-08,2.5851988920259616,4.8219736741853,5.081030786593519,5.488759964381274,4.592210209077811,4.150501798719532
2019-02-11,2.5793717338993587,4.817050532678292,5.080081093052497,5.489314585058001,4.588279373590804,4.15323206366033
2019-02-12,2.5851988920259616,4.819151900437668,5.094759205585587,5.502091864772075,4.585732149813264,4.1469291971276565
2019-02-13,2.590992291005647,4.815187992346338,5.0954609973615455,5.505333520813523,4.581941118668185,4.152046059117008
2019-02-14,2.5935563373197192,4.820765299865734,5.096688392462787,5.5031127681891485,4.587622561258488,4.155245359899697
2019-02-15,2.6119521858600283,4.826712480388514,5.1008847124904575,5.513951100185004,4.589181844868916,4.161967035778444
2019-02-19,2.6144631160460894,4.841822063240607,5.102860293782489,5.515680510541459,4.591719611821098,4.161732057104025
2019-02-20,2.6175930081823204,4.840084219442437,5.102686069204341,5.517693453897361,4.588853323577344,4.1554823460447725
2019-02-21,2.6207130652705777,4.828713681727929,5.099021906724157,5.514131265020943,4.579874209571381,4.156428056368765
2019-02-22,2.6232022592312942,4.832305758571839,5.106394998500298,5.520312248139803,4.585814605358104,4.162319459694589
2019-02-25,2.608173718644242,4.831269387035743,5.110032016718073,5.521672260273959,4.582848779487979,4.154416962620231
2019-02-26,2.6125804397788106,4.832943020266746,5.111068897508567,5.520956884608825,4.58778699886942,4.1513336845418864
2019-02-27,2.6175930081823204,4.825830676588303,5.110435334983084,5.5205273156874215,4.576392985107477,4.146332319470274
2019-02-28,2.615089934479496,4.820200899962696,5.108128702380754,5.518662694962262,4.572982489488189,4.148955450889717
2019-03-01,2.60374756290079,4.803036931582374,5.115033524396237,5.524887474587667,4.56369685825688,4.14585471770662
2019-03-04,2.6069110502731867,4.800407947964632,5.115205519529667,5.521243364902443,4.571503223830102,4.15038278114813
2019-03-05,2.6119521858600283,4.801723335057551,5.1159503375288296,5.5198819131010515,4.573592056543153,4.153113550463099
2019-03-06,2.6062792232938023,4.800819208011834,5.110262609449236,5.51380676042951,4.57725705342522,4.148478799454508
2019-03-07,2.60374756290079,4.799996581501217,5.097914189688699,5.505406028302713,4.583721008865116,4.146332319470274
2019-03-08,2.6031137333452667,4.8108826657605945,5.096396389959273,5.503404467747635,4.587924630528428,4.1474063464086255
2019-03-11,2.6043810614940295,4.8059863079425025,5.116981377389504,5.517801397948631,4.584959148582664,4.161967035778444
2019-03-12,2.6106943525135438,4.812021767821904,5.122460676722267,5.5215652215044635,4.591947159512476,4.16653971534296
2019-03-13,2.616967757249651,4.81899038027012,5.12994548337222,5.528162593513937,4.590061427880406,4.171441274930008
2019-03-14,2.6125804397788106,4.8073760960041705,5.128249315904632,5.527522344228478,4.582811877200201,4.172953677250208
2019-03-15,2.6125804397788106,4.811940433111193,5.137487324873796,5.532450904268944,4.589404312745511,4.169810089754968
2019-03-18,2.6175930081823204,4.812509513198226,5.139866134329728,5.53607053371607,4.588829360638471,4.164783548090335
2019-03-19,2.620089901571464,4.815269001520331,5.143222306811692,5.536318441029595,4.586607465044237,4.161732057104025
2019-03-20,2.627543322497459,4.821732128394275,5.14717993661118,5.533304023794463,4.597013998176326,4.164783548090335
2019-03-21,2.6225805760088465,4.817697587306575,5.1626913221289685,5.544535177036457,4.599211995708731,4.1824399229035905
2019-03-22,2.6138359743244033,4.820039610696818,5.140482221351353,5.525101195624992,4.614627581805162,4.1751596531339565
2019-03-25,2.6175930081823204,4.827673517757059,5.1385764316090725,5.524349137955722,4.616228129421495,4.176434428407122
2019-03-26,2.619466279829911,4.822698023068217,5.143222306811692,5.531775399124129,4.615508407644592,4.184395496473508
2019-03-27,2.6138359743244033,4.817455006307732,5.136779096183592,5.526532568961752,4.624668638418335,4.181518273192653
2019-03-28,2.6106943525135438,4.80320104900469,5.139081222095726,5.530315944281062,4.6281508610118465,4.19117518738478
2019-03-29,2.6113233969196066,4.804103026095894,5.146623637054874,5.536601636909598,4.62720222339406,4.190255434192536
2019-04-01,2.6207130652705777,4.800161135838249,5.159784298314263,5.548391401836091,4.612896986357246,4.189679479454236
2019-04-02,2.6232022592312942,4.803857124388671,5.163567231418973,5.5488809671027735,4.614744339606652,4.196677733981781
2019-04-03,2.624444536528416,4.802380380331279,5.169296833092908,5.550453295683603,4.606038720445983,4.195534022335198
2019-04-04,2.6250651314757425,4.804922282843306,5.168916226620034,5.553102581487637,4.608868706064862,4.193930072775312
2019-04-05,2.6281619979242596,4.803857124388671,5.174073763252927,5.557931741001283,4.6101589421283675,4.200898975496158
2019-04-08,2.631865622357139,4.808192676743272,5.176615749804043,5.558693783847036,4.606605236742648,4.1953051919202355
2019-04-09,2.630015524743962,4.813403136956956,5.1730986698862385,5.553555801059937,4.609755907916181,4.19002493032682
2019-04-10,2.638620383211573,4.816484031666887,5.178450729358287,5.556960963401017,4.612172513613097,4.199189693932766
2019-04-11,2.63371244039843,4.803611099637265,5.176075418647805,5.556683240002897,4.606281704862869,4.198505322817027
2019-04-12,2.6367826836292276,4.802626645395904,5.180389829256116,5.563426437995295,4.59913370777072,4.203286684217771
2019-04-15,2.634941669089108,4.80073695698372,5.180551458735693,5.562771425852864,4.6016575541875895,4.198162904233784
2019-04-16,2.6312493033924387,4.791732754765883,5.183988926281453,5.563426437995295,4.595376519345599,4.175300853915486
2019-04-17,2.627543322497459,4.789822347971483,5.187467893051771,5.560976668992952,4.595785774684158,4.166149130664923
2019-04-18,2.630632535648498,4.790570355209472,5.188749301431948,5.562943709632901,4.6010067916976345,4.1737813124146985
2019-04-22,2.6355557172722066,4.790570355209472,5.191573872582602,5.563805151625729,4.596194246746787,4.162725199348331
2019-04-23,2.6367826836292276,4.788491265980448,5.204212072759553,5.572756891689567,4.59831784376719,4.175884561480861
2019-04-24,2.63309719043536,4.7914007694116005,5.201054284672268,5.570535058633589,4.606443560083727,4.183211698287651
2019-04-25,2.6312493033924387,4.792230494598111,5.2051049680763635,5.569918879351037,4.6049856139020005,4.181123586560086
2019-04-26,2.619466279829911,4.798843753748097,5.205996815823898,5.574564913249449,4.608383706062007,4.18898868218963
2019-04-29,2.620089901571464,4.7943846141931905,5.207935809373837,5.576131267247084,4.601982355735591,4.179147813347099
2019-04-30,2.6232022592312942,4.797442048455694,5.200157763558928,5.576641519916414,4.607090719123171,4.188642988810659
2019-05-01,2.620089901571464,4.790819545548134,5.19693410297486,5.5690965607316425,4.611207300032994,4.189449305257828
2019-05-02,2.6088044203523815,4.786991638095593,5.192584212702949,5.566935509746311,4.6064338068385435,4.190485191933128
2019-05-03,2.6094348648618957,4.792893804718193,5.208406865953586,5.576675712326349,4.609268526793038,4.198961813140687
2019-05-06,2.6125804397788106,4.794219043322829,5.2022659223901035,5.572551841920787,4.6120137047399234,4.195763145077621
2019-05-07,2.599938120404516,4.797524570929188,5.182593909324091,5.555711131079157,4.619645974312496,4.177517577019211
2019-05-08,2.6012094769326164,4.79504649747405,5.180066921257748,5.55432106646333,4.615315236289144,4.176468162793111
2019-05-09,2.5961139683277072,4.797442048455694,5.174669396956942,5.551290608395075,4.619405990342363,4.1790314559910975
2019-05-10,2.598027872382386,4.799337967578911,5.175913236484289,5.556301347501701,4.618044414811194,4.189679479454236
2019-05-13,2.592915941821536,4.80949780811799,5.140594245129813,5.53085005128287,4.625869239221805,4.188642988810659
2019-05-14,2.6062792232938023,4.807784438573675,5.151509845468362,5.539852997724934,4.6229218450645355,4.192324122871442
2019-05-15,2.615089934479496,4.8072126624073075,5.165535204898627,5.5456937258257435,4.629046082725444,4.199075760027934
2019-05-16,2.6207130652705777,4.799996581501217,5.175534622854195,5.554912103652758,4.62571034856821,4.203059849304545
2019-05-17,2.6113233969196066,4.792893804718193,5.165262196309622,5.548426217473924,4.627934984626523,4.2011267581586536
2019-05-20,2.6157162208011098,4.792810899200366,5.148236470584756,5.541792257043052,4.625869239221805,4.18656631518897
2019-05-21,2.616342184818303,4.790487256832894,5.158629804188599,5.550767251570637,4.6242770996615485,4.19507607918617
2019-05-22,2.6018446556330725,4.789489727678331,5.154165197424617,5.547691148207742,4.629996248253118,4.198048738645415
2019-05-23,2.580669635662809,4.797194503131979,5.1387446935876415,5.535397229289534,4.6411814821242885,4.200329577663557
2019-05-24,2.5941963942190442,4.798266841108766,5.138239733153107,5.5376632380500395,4.642042398190482,4.20339991135375
2019-05-28,2.602479360480236,4.7943846141931905,5.1344720177634,5.528318697105567,4.649216712440969,4.193471509507105
2019-05-29,2.5986650036163583,4.794715610594804,5.1262117593342795,5.521585604912712,4.652242479675762,4.180077834983278
2019-05-30,2.5884216534542155,4.801476847411213,5.130407091594912,5.524313169564449,4.660804060147493,4.184253947011031
2019-05-31,2.5616837855909895,4.814863704424687,5.114325623043829,5.510746126182173,4.673246011139996,4.19002493032682
2019-06-03,2.5583736212002375,4.829193355207828,5.092061603196207,5.50820003994808,4.679912711496107,4.192438713299555
2019-06-04,2.5643240651724315,4.829513030070183,5.119829029741932,5.529674469593533,4.668445316113879,4.187951127540307
2019-06-05,2.543677256664991,4.832066695900652,5.127233998790527,5.538299190071595,4.662777421144007,4.208610655888627
2019-06-06,2.5610225697890576,4.8353290503771555,5.135147572566779,5.544780875759535,4.665998357284535,4.210529008169871
2019-06-07,2.5643240651724315,4.840953488719837,5.154275346450191,5.55473807624005,4.674612734594063,4.214242827012787
2019-06-10,2.5616837855909895,4.830950273233298,5.165863100088004,5.559316916599997,4.66515588878059,4.210980383366523
2019-06-11,2.568271423054733,4.829752703934451,5.167227101181891,5.559074058576002,4.665768526438954,4.21368131735052
2019-06-12,2.5543869207870564,4.83493180415569,5.161430479589659,5.557307626460425,4.666533921655995,4.217047567690954
2019-06-13,2.5669573920307096,4.84103249765732,5.167336168768939,5.561425279095188,4.6699718627666496,4.221295087676477
2019-06-14,2.570894389311951,4.840716484728839,5.163074479460098,5.560319580056306,4.6724856667409504,4.22185278729037
2019-06-17,2.5662996551863135,4.840084219442437,5.169079200181994,5.560699824021609,4.674233652313898,4.232498284702831
2019-06-18,2.5780722178006292,4.845131543834675,5.183506137503454,5.571116128158273,4.6792326641173,4.231505038451361
2019-06-19,2.5761197717642537,4.851170514672756,5.1872542647229904,5.573371672948886,4.68066707809451,4.236900705267116
2019-06-20,2.5961139683277072,4.876036670166574,5.1965107429007995,5.582880260569069,4.683304335240886,4.241939550945025
2019-06-21,2.5986650036163583,4.882650363583242,5.195026765920857,5.581425510326341,4.6722569655054444,4.227743735056574
2019-06-24,2.6031137333452667,4.897391956709515,5.195058827201048,5.5802003769269195,4.679685702734902,4.224302151000394
2019-06-25,2.6062792232938023,4.89933120179721,5.177743135202139,5.570343851165989,4.682777468166928,4.209401038053055
2019-06-26,2.6113233969196066,4.890123548048904,5.1823832637193785,5.569346073490616,4.676357364530019,4.189219078069062
2019-06-27,2.6113233969196066,4.889145368940724,5.186197471843584,5.572885606205124,4.683379478518515,4.202009853923983
2019-06-28,2.6005740361080587,4.891851735195194,5.1874834914172165,5.57801811069473,4.682702209034733,4.2054488959874705
2019-07-01,2.599938120404516,4.872292307092697,5.200887861871943,5.587055704685223,4.680360700773941,4.204990804545433
2019-07-02,2.5832603244199626,4.893427120640751,5.204842720358985,5.589656873588875,4.688044222896946,4.222240116450293
2019-07-03,2.592915941821536,4.895074823332761,5.2123405549745,5.5976200424971845,4.69514751237094,4.234095779159024
2019-07-05,2.5948359705080373,4.883861961982763,5.210301290237199,5.596481419962414,4.681796537400617,4.230531444744762
2019-07-08,2.5935563373197192,4.877408565808329,5.203262837961081,5.590971152238727,4.683154596306417,4.234095779159024
2019-07-09,2.5967523197478966,4.880906187421472,5.208257691432268,5.592217288808105,4.682777609360727,4.237426077876511
2019-07-10,2.6182177988664637,4.896570351490228,5.218173748682734,5.596984226194421,4.677255550651559,4.243171582851916
2019-07-11,2.618842199430938,4.88809091834074,5.21744648858252,5.599325436192749,4.663815310829997,4.23008525811792
2019-07-12,2.6213359102160596,4.8943261625540835,5.223198740281987,5.603792620373629,4.664967690791583,4.228744835505305
2019-07-15,2.6106943525135438,4.8943261625540835,5.226397011645303,5.604124886546617,4.670710183401382,4.22796203614315
2019-07-16,2.599938120404516,4.885827597403846,5.221233026795321,5.600894666119167,4.667728397921419,4.225609954678384
2019-07-17,2.590992291005647,4.902158831365869,5.216302640752766,5.594066331773986,4.67846828067543,4.222240116450293
2019-07-18,2.5839069312723444,4.916178052438702,5.21744648858252,5.597720147573665,4.678543788216418,4.222240116450293
2019-07-19,2.5897077982518812,4.901341134913663,5.210091901688904,5.592149957464282,4.676193150795278,4.205791786613386
2019-07-22,2.5864893293630726,4.901192360016786,5.2180180048987985,5.594603484499599,4.6780895934970745,4.204876163500706
2019-07-23,2.592915941821536,4.8955237052567275,5.224540912922302,5.601728322344853,4.672617542085206,4.216146025037855
2019-07-24,2.5884216534542155,4.900597152548756,5.23153462982269,5.606416604673259,4.676951889674315,4.216938012658619
2019-07-25,2.5845530483590156,4.89350203355738,5.22200958184209,5.6016282797252615,4.672160147634802,4.2110394499983395
2019-07-26,2.5858443188480678,4.895149612921424,5.2322516381562405,5.60830563464322,4.67452098494782,4.215580401966119
2019-07-29,2.5897077982518812,4.901787213423615,5.228815048734703,5.606483094396557,4.674825242560353,4.218294681408546
2019-07-30,2.595475138000643,4.9051265876627115,5.224489576931889,5.604025420599995,4.677255550651559,4.226282494903004
2019-07-31,2.589064932624089,4.891926880763995,5.210563026751329,5.593024684239013,4.685263833244594,4.222352672289184
2019-08-01,2.5610225697890576,4.915665083351369,5.205579368704443,5.584278560639126,4.704929971417788,4.222352672289184
2019-08-02,2.562344564475465,4.911845730440894,5.190744508953991,5.576720645844098,4.714128386333904,4.227178623526067
2019-08-05,2.5537210092997498,4.925730738280452,5.1547702504816835,5.546185804131512,4.731269309197012,4.207277462494825
2019-08-06,2.548376798108533,4.933826267772478,5.168671846747938,5.560111611501434,4.73923027984416,4.218294681408546
2019-08-07,2.5355690605166443,4.948901754587738,5.174059509296579,5.560701936736348,4.739587645290151,4.22796203614315
2019-08-08,2.5409818979208803,4.953923809033743,5.195590015047552,5.580132231559472,4.7417272966479596,4.245373002322274
2019-08-09,2.5497155308460577,4.950602125093871,5.186143702423742,5.57329714954946,4.739730502366559,4.244162947264868
2019-08-12,2.5423304854125055,4.96025389876945,5.174602571001578,5.5610495348976015,4.760365111486386,4.241517743632726
2019-08-13,2.5656415587482133,4.954276551817031,5.196280365809147,5.57648116964083,4.756932587856184,4.242951097408267
2019-08-14,2.5503842629550224,4.96109484853612,5.165939831550698,5.546467529358643,4.779212220956873,4.2276263312300655
2019-08-15,2.5423304854125055,4.967727771847973,5.164790159182613,5.54910624578218,4.790270002137045,4.237537157838329
2019-08-16,2.5416564190027033,4.961304975524776,5.180713233726088,5.563753081154594,4.782227296977384,4.247788619508202
2019-08-19,2.5463653699750117,4.94953973239503,5.196492581617538,5.575728751204299,4.767821575889846,4.255001305639377
2019-08-20,2.5490463512351837,4.95730488559554,5.188714398145971,5.568036485043613,4.7781126325454615,4.247898336292864
2019-08-21,2.552387631671867,4.954135448107023,5.197553407562977,5.576139473097427,4.771425694192899,4.252056724292564
2019-08-22,2.5477068710155475,4.9515927102975805,5.194314469761389,5.575831649811917,4.764762749226739,4.25663322915802
2019-08-23,2.5403069215532503,4.970993146123148,5.162157400178224,5.5498085946557465,4.7810636433296025,4.242510638499535
2019-08-26,2.5396314892847833,4.971131891250425,5.177148296591068,5.560806158455474,4.777013375661159,4.2501987419641605
2019-08-27,2.5463653699750117,4.980657120890635,5.175035910565553,5.556874720691829,4.792304590061639,4.247349959300985
2019-08-28,2.555052463220534,4.977836607572958,5.178608028749104,5.56389150072278,4.793590672866568,4.25063615457496
2019-08-29,2.5577102123113944,4.970646251999705,5.193782434345919,5.576583759811672,4.789794691985057,4.258370743763887
2019-08-30,2.5416564190027033,4.96807567967746,5.19138497812442,5.576139473097427,4.790066397923275,4.259130322067796
2019-09-03,2.5362472413294737,4.981892825230601,5.181629321761704,5.570275030777643,4.7913575139196745,4.269056802207824
2019-09-04,2.5596990463562084,4.988117007635716,5.1959618731143165,5.581561735237673,4.792851435861497,4.277396472733018
2019-09-05,2.5583736212002375,4.963823168046433,5.214114929196584,5.594334660475984,4.774574892286422,4.270130044156986
2019-09-06,2.5610225697890576,4.955263505659249,5.213123877436088,5.595107008811694,4.781664632699625,4.272379716194202
2019-09-09,2.5702393107042623,4.9515220252869545,5.211033763454622,5.595609939675652,4.7637403197225225,4.267552518220396
2019-09-10,2.571549039072571,4.942927258823506,5.208152913705596,5.595375171825798,4.746056997010987,4.257176648400198
2019-09-11,2.5643240651724315,4.948972625048522,5.217498435551625,5.602461212275815,4.744278042212927,4.258262277976724
2019-09-12,2.5603609164914944,4.951026874318135,5.221647286496595,5.605918968714137,4.737705990787517,4.2635661058340855
2019-09-13,2.5603609164914944,4.942713234060917,5.21807000485731,5.605254844130574,4.716115321203459,4.252821003402362
2019-09-16,2.60374756290079,4.951026874318135,5.213593161358976,5.602161499533933,4.728778574256038,4.2615129736736534
2019-09-17,2.5845530483590156,4.953006224363542,5.2183816172655755,5.6046901372609135,4.734187688901251,4.27227233366662
2019-09-18,2.5780722178006292,4.9467010825143785,5.217966002236151,5.605287959807847,4.738421750493431,4.268842378633735
2019-09-19,2.5832603244199626,4.950743728215339,5.219626849162273,5.605221727356616,4.741425821263498,4.272379716194202
2019-09-20,2.5845530483590156,4.962494897419893,5.2089917459344734,5.600485642121732,4.754549850325494,4.272379716194202
2019-09-23,2.5871338523576397,4.96807567967746,5.209432703960656,5.600251339348797,4.754338578218557,4.273983653264863
2019-09-24,2.5754680357857547,4.9733486712978925,5.196062865463534,5.59237308889303,4.766320801536303,4.27176250844876
2019-09-25,2.569583729666908,4.954629170216723,5.207225548963625,5.598270716007911,4.751585598729765,4.27370354315298
2019-09-26,2.569583729666908,4.954347042398685,5.203536236835506,5.5961848937455905,4.757997620455547,4.282071110871453
2019-09-27,2.5656415587482133,4.94918531447246,5.191049634409896,5.5907835852209775,4.760452253317348,4.276500377878323
2019-09-30,2.555717563001868,4.933538208550257,5.2005218697602835,5.59541054356521,4.7629018531234,4.278217602593661
2019-10-01,2.555052463220534,4.938996101923754,5.192332401947789,5.583444565233497,4.7659080312426285,4.268736004062712
2019-10-02,2.5463653699750117,4.950602125093871,5.174988097049992,5.565621940991758,4.768348013202728,4.264504859727713
2019-10-03,2.545022216563875,4.955122541153201,5.1859034970444275,5.573781046935115,4.777428459993407,4.274134408435405
2019-10-04,2.553054505604093,4.955122541153201,5.2005218697602835,5.587222483805299,4.784784988342773,4.280146160124318
2019-10-07,2.551720238385523,4.9465589057422115,5.19749838879667,5.582898857742919,4.776462040223661,4.278003335573069
2019-10-08,2.5510523993878986,4.955263505659249,5.182404167503033,5.567252263429587,4.7791520227933475,4.272733390371407
2019-10-09,2.5537210092997498,4.956179129783885,5.1921184529291065,5.576703550553447,4.773487662908885,4.274672437124484
2019-10-10,2.5603609164914944,4.947411446590919,5.1998331790764025,5.583444565233497,4.758481083714179,4.276285530549206
2019-10-11,2.572203260547244,4.941856676650246,5.212630019426554,5.593758300646214,4.746026645817189,4.275855697363241
2019-10-14,2.5676146965416953,4.945847827043666,5.21252520007629,5.592643463828988,4.7532639154974134,4.276285530549206
2019-10-15,2.564983028933972,4.938852825372389,5.225161500248705,5.602495096005881,4.741101678778332,4.277573922678252
2019-10-16,2.5662996551863135,4.944566740208093,5.222677988861311,5.60088790116066,4.742317270365765,4.277681160869887
2019-10-17,2.5702393107042623,4.945990104943466,5.225316463814931,5.6038330917118335,4.739884741085924,4.284205140706022
2019-10-18,2.569583729666908,4.944922798530013,5.215660038949784,5.5994460338831775,4.739884741085924,4.291850889393202
2019-10-21,2.568271423054733,4.9401412484547995,5.224489576931889,5.606202080704541,4.732333191251162,4.29943852031083
2019-10-22,2.569583729666908,4.943069952833316,5.2164945873276185,5.602929854081905,4.738163428006691,4.296494750740444
2019-10-23,2.581965782938778,4.9454209804262295,5.218421285087242,5.605835500436633,4.73916789290587,4.2987032603686135
2019-10-24,2.5871338523576397,4.952511700120699,5.22810269161626,5.607468037091705,4.737157953143219,4.296178375777683
2019-10-25,2.592915941821536,4.954840660076433,5.236056766555104,5.611554768555425,4.7322614364911635,4.287610353776324
2019-10-28,2.589064932624089,4.946203429597052,5.245873540332517,5.617175512506286,4.7231232918171395,4.2815366274548605
2019-10-29,2.5871338523576397,4.943426544402806,5.238099413663272,5.616878402811157,4.723779025323002,4.287610353776324
2019-10-30,2.580669635662809,4.948901754587738,5.242933670550631,5.619941116670978,4.738307089725067,4.2912159281700655
2019-10-31,2.5748159474097596,4.958850599523207,5.24339038383458,5.617274566430469,4.751707445246995,4.2894147136824055
2019-11-01,2.592915941821536,4.959762946597034,5.252432074912221,5.626495611402842,4.7486239692506835,4.289202623416956
2019-11-04,2.599301729172578,4.95688279515986,5.258597847371088,5.630505143252237,4.735375339765379,4.28217776251987
2019-11-05,2.6018446556330725,4.940570463291269,5.259147360116961,5.629398444645404,4.7240650030175395,4.265048200204037
2019-11-06,2.590992291005647,4.944851531821824,5.256897239385725,5.629626565280793,4.730098450645161,4.267219470480796
2019-11-07,2.5903502508689544,4.929208326299933,5.260245559799354,5.633137456131775,4.711813661260148,4.257193936130372
2019-11-08,2.592915941821536,4.9228235924933825,5.264229271932142,5.635600496927394,4.707597892589476,4.254781463844444
2019-11-11,2.5864893293630726,4.920418768344995,5.262886715445178,5.63368862063624,4.708264502026172,4.256974792034148
2019-11-12,2.5871338523576397,4.923114643272582,5.2657687484585285,5.6357943254918625,4.712846849700428,4.249387700832378
2019-11-13,2.589064932624089,4.9271087161536125,5.266016442952478,5.636117870150652,4.71931447509715,4.258507361535417
2019-11-14,2.5858443188480678,4.931303427194276,5.265222705498203,5.637572635769879,4.72959096020006,4.26624300363754
2019-11-15,2.590992291005647,4.928774316193223,5.272543334091519,5.644782946911497,4.728502439228909,4.271654420642807
2019-11-18,2.580669635662809,4.931736341265394,5.27333159728295,5.645520331239163,4.730315781180715,4.276500377878323
2019-11-19,2.571549039072571,4.932241244271577,5.274807771643877,5.645232173185065,4.738614513894246,4.278217602593661
2019-11-20,2.5845530483590156,4.932745782514029,5.268790555371921,5.641505933243034,4.748908547115116,4.277681160869887
2019-11-21,2.5935563373197192,4.927253685157205,5.266562131543745,5.639896518329669,4.742630180428889,4.26352584462148
2019-11-22,2.592915941821536,4.925367889997226,5.267206459383088,5.642117425308093,4.743917899873134,4.259819064116721
2019-11-25,2.592915941821536,4.920564710363971,5.2789786651299035,5.64983759878409,4.7468444805682175,4.262981568708705
2019-11-26,2.5986650036163583,4.925367889997226,5.280886512385675,5.65210072849468,4.7526710186915695,4.276178036564631
2019-11-27,2.5935563373197192,4.920053875771855,5.287851026577981,5.656548228324834,4.749761795123459,4.280895081071955
2019-11-29,2.573510493611941,4.9262386818848345,5.283278238424398,5.652832631425094,4.747627903963158,4.276285530549206
2019-12-02,2.572203260547244,4.925730738280452,5.272986490694909,5.644301887107091,4.7342050570878635,4.261019697404304
2019-12-03,2.5728570542959908,4.935264991459025,5.26512317782083,5.637572635769879,4.7549555121880855,4.267435739540884
2019-12-04,2.5884216534542155,4.9338982146952315,5.270174887964375,5.643724028845762,4.744920452004321,4.2715466406757185
2019-12-05,2.5903502508689544,4.9344739331306915,5.272148773571728,5.645520331239163,4.740044089440833,4.272086382435865
2019-12-06,2.5967523197478966,4.924496228293934,5.282790649202529,5.654612874496365,4.734494437770974,4.274134408435405
2019-12-09,2.595475138000643,4.924205579406886,5.27824396132285,5.65146379951655,4.73666012095,4.276070637050794
2019-12-10,2.599938120404516,4.92703627906754,5.277410405028813,5.650347874781052,4.736732831675095,4.270250454544313
2019-12-11,2.595475138000643,4.9338982146952315,5.282693009828057,5.653182813005096,4.744562532005373,4.260037047158116
2019-12-12,2.6043810614940295,4.930364729790456,5.290129564627161,5.661764917781362,4.727967754568468,4.246403145996942
2019-12-13,2.6094348648618957,4.9348336026271715,5.2934171507070324,5.662363831873761,4.739468982370977,4.246624618838102
2019-12-16,2.616342184818303,4.934761613229774,5.30340602089243,5.669210153210243,4.730437823748008,4.2537933118881615
2019-12-17,2.6207130652705777,4.9345458334726775,5.303979179894782,5.669429476636786,4.729058407688549,4.244297360707464
2019-12-18,2.6213359102160596,4.934617838405046,5.3047429823118515,5.669491906051693,4.720812667317889,4.256412556425327
2019-12-19,2.6256851344139953,4.937204051042747,5.310975183297906,5.673582685369445,4.722411082526117,4.26523567905091
2019-12-20,2.624444536528416,4.938207990783239,5.31499806925101,5.677957372388245,4.723729558671748,4.270710738630988
2019-12-23,2.6246966629653534,4.941285194155404,5.3176360085733885,5.679483695229279,4.722264575836712,4.265674707214433
2019-12-24,2.629100680649785,4.950672983166801,5.318155073484165,5.679514962941138,4.725118708400983,4.268305263633349
2019-12-26,2.636605290177667,4.958499573969957,5.326940723171794,5.684824400292742,4.727527366129979,4.272674559748635
2019-12-27,2.638472828950441,4.958148317947388,5.326098273636672,5.684576385704231,4.728620050379337,4.275830563263005
2019-12-30,2.636605290177667,4.96025389876945,5.319522818019864,5.679047930034351,4.724972259489059,4.276808100445547
2019-12-31,2.6303553092205103,4.962145042224025,5.321405850462073,5.681474122761971,4.715130275824807,4.283946183678713
2020-01-02,2.6316084342995127,4.9694659958580605,5.337965307879674,5.690782693042475,4.726360496223523,4.272129600288124
2020-01-03,2.6434355187528156,4.982647261740589,5.328763155363614,5.683181610152283,4.74164343317764,4.278325829665588
2020-01-06,2.6452902893580688,4.993082130707601,5.335185608011829,5.68698952880957,4.735948387149606,4.2795176682769815
2020-01-07,2.644672369493615,4.997009558764109,5.335046548684344,5.6841738531978745,4.7310206357762725,4.268305263633349
2020-01-08,2.6297281573177083,4.989479756179474,5.342534713377135,5.689489118515289,4.724387603667862,4.271365880800978
2020-01-09,2.625327046395781,4.983812071693118,5.350972442335671,5.696246726147963,4.727891704397046,4.270819994331699
2020-01-10,2.625327046395781,4.9898201793099055,5.348411887426321,5.6933650384698105,4.736743333155219,4.278434468132165
2020-01-13,2.6177368559502923,4.9823730346060895,5.359882779597028,5.7002187999469776,4.7337048801172825,4.290391192317727
2020-01-14,2.622171494278019,4.981481093423446,5.355937493748599,5.698692945827933,4.738835875548356,4.286636610068276
2020-01-15,2.6171017376910743,4.987298382915881,5.3563464238103,5.7009503021491,4.745445554303387,4.295624764557439
2020-01-16,2.6158302897645678,4.985727641703541,5.36588403024049,5.709234200724908,4.74229013136158,4.303581643907841
2020-01-17,2.6190059531218437,4.987571366989549,5.370820691085847,5.712341828332165,4.7337048801172825,4.304532129890706
2020-01-21,2.613282533870845,4.988662350720522,5.370372844895569,5.7103818462969835,4.744155950962944,4.313989467038073
2020-01-22,2.599799269878372,4.989002948231235,5.373011888885285,5.7105026011025775,4.74766283792243,4.3072736680146395
2020-01-23,2.591360312973923,4.991248547106747,5.376223017326254,5.711648691828566,4.7546402598346384,4.315661087467244
2020-01-24,2.5762532450416145,4.997077100625524,5.367771943769729,5.702715723424945,4.762696314046596,4.312209823890546
2020-01-27,2.557548596244972,5.0038792264685945,5.346900135003015,5.686556815870703,4.778131436347078,4.307378898601774
2020-01-28,2.562257697091638,4.994912358431977,5.362143215238703,5.696981138640247,4.7702692534562035,4.311371524551625
2020-01-29,2.557548596244972,5.0003156069128085,5.3637673993558,5.696155091659219,4.7800009372038526,4.307694626665034
2020-01-30,2.5487439894338784,5.000382925853788,5.3673227298189445,5.699394913338329,4.780139353349942,4.308431109134162
2020-01-31,2.5405472743896627,5.006158634330978,5.3513376805885775,5.681070131178187,4.78922706789913,4.296156864880309
2020-02-03,2.5218551087558247,4.99964175673538,5.366333962072109,5.688471253446441,4.788417459092262,4.299451881787508
2020-02-04,2.5232517481552863,4.986547448548598,5.388964703541448,5.703597724518029,4.774858684169001,4.309692199558086
2020-02-05,2.5384874792743712,4.98777600411327,5.392256436911586,5.715079405623569,4.763863623715,4.3103220976616905
2020-02-06,2.5426026854340833,4.993149938347395,5.400851328091487,5.718438645478458,4.768360132064132,4.313675312045793
2020-02-07,2.537111896518156,4.995792301798054,5.396541263328935,5.713094754399809,4.780761380951335,4.3134661609920135
2020-02-10,2.528124682038333,4.998360250862847,5.408554370005191,5.720532479389592,4.783526843896565,4.324600011651293
2020-02-11,2.5315909440038453,4.994912358431977,5.408726616421024,5.722263995364066,4.77847388605156,4.33212553832487
2020-02-12,2.5453367779292053,4.994099279950752,5.418420773922278,5.728686157290608,4.7733953950608665,4.3380644509965665
2020-02-13,2.5460192093994682,4.999776583668863,5.41713929108338,5.727618541177542,4.777223829919357,4.344069641427927
2020-02-14,2.5453367779292053,5.003946305945459,5.419998704855213,5.729219240713625,4.781591471398493,4.354367482832648
2020-02-18,2.5528172890595804,5.016683656897302,5.420382197157715,5.726638973632362,4.788417459092262,4.353262036393302
2020-02-19,2.562257697091638,5.022497942407479,5.429922084379812,5.731408704744822,4.788348665151336,4.339696439684143
2020-02-20,2.5582227474559818,5.026574281925771,5.420595222413897,5.727292092147285,4.796151142860664,4.351551480054376
2020-02-21,2.5541714510209834,5.041487737852079,5.401198729797373,5.716940561893196,4.805448723045412,4.3544681669306895
2020-02-24,2.5350451569021684,5.050432740508797,5.361872189634933,5.683212762454124,4.820266860454232,4.340715206003094
2020-02-25,2.516248886007029,5.032396805784864,5.334303713538356,5.652441850132698,4.825576963524421,4.313256864028329
2020-02-26,2.506361784783441,5.036757786170016,5.339444636732559,5.648756723034235,4.820266860454232,4.3024185729125435
2020-02-27,2.4891818006872977,5.0369526024136295,5.288073271542104,5.602805174487484,4.83105710218105,4.247734083824454
2020-02-28,2.4717012561611886,4.999776583668863,5.288850932727451,5.598594989998423,4.853389874851292,4.22330106173936
2020-03-02,2.494223190726833,5.005287667315519,5.339167314779146,5.64099025770262,4.846005313410264,4.265125811491587
2020-03-03,2.4963759518060846,5.036238057509606,5.306574578839736,5.611939888262091,4.861410696988715,4.2628171967141
2020-03-04,2.4970926148808403,5.037991047861361,5.347449995553695,5.653113364365735,4.850735647846252,4.299876455894286
2020-03-05,2.4862895540409435,5.059361999065936,5.316596770118783,5.6193068315013575,4.87532288001024,4.278217919992228
2020-03-06,2.4531617251453155,5.059742887573374,5.2995806064104185,5.602637260073021,4.92605769844023,4.2608339024705675
2020-03-09,2.3721204325732925,5.0613917622894995,5.227585634745432,5.521324800200221,4.952799950823621,4.180607204780153
2020-03-10,2.403285624552957,5.04006461046321,5.280605432477931,5.571775101485456,4.900181557447569,4.221988106552535
2020-03-11,2.3850239320731763,5.036497906040492,5.236073492593795,5.521798690400523,4.862689924042291,4.160018741204118
2020-03-12,2.344135063442312,4.995792301798054,5.139902606097411,5.421229640506426,4.868867180140781,4.05320930285398
2020-03-13,2.3549280510593316,4.964800749232753,5.221211106127864,5.503257975963017,4.846005313410264,4.136886573247534
2020-03-16,2.2927540396568538,4.953288622934528,5.093618667011586,5.387371263970146,4.908759571341696,3.9417505289766366
2020-03-17,2.2768102972496322,4.966753049273233,5.166722051918414,5.439956367477536,4.839749382093035,3.9979484098656495
2020-03-18,2.2432165948705136,4.946629942430522,5.135833711158132,5.387996557031221,4.781682282701621,3.8979866617912085
2020-03-19,2.264231496462241,4.9275434495926875,5.141817738694922,5.390119090674545,4.80854478375556,3.9014955259400423
2020-03-20,2.2533222667453394,4.942427832739371,5.10185404842451,5.346068812492978,4.881046894248261,3.8503779991141363
2020-03-23,2.26513514235281,4.985659328885667,5.102576026754381,5.320168107811486,4.921429461155016,3.8028522411230186
2020-03-24,2.286583844118408,5.033048849144918,5.177161731502668,5.406899265732698,4.902640130424645,3.8889993637106373
2020-03-25,2.303243483690227,5.019264640964553,5.169728746641934,5.421758464530166,4.90036580812716,3.9414444691376236
2020-03-26,2.299759277199925,5.03200535567925,5.2210494881810465,5.4785072252953455,4.905275456606602,4.0095906007281785
2020-03-27,2.2962626966126884,5.025523906590006,5.186051007397737,5.448268851634399,4.931618332409308,4.010590342748824
2020-03-30,2.2936321903023456,5.029914896854273,5.221778745945416,5.480228441258253,4.923355326351858,4.032196708720831
2020-03-31,2.281264716751615,4.997550075160621,5.213202300553269,5.465210739773924,4.915205457882086,4.007731083022648
2020-04-01,2.2524078779892585,5.006961868310022,5.169783752977654,5.419161643352943,4.929118824373678,3.939760354054585
2020-04-02,2.2714387877066162,5.0232223694205835,5.1898755977424065,5.441974843366342,4.935444755008474,3.9431257527449124
2020-04-03,2.2962626966126884,5.028147679197161,5.175580943880045,5.427414934962061,4.937821743732923,3.928511307923688
2020-04-06,2.3015028501708192,5.055481213012596,5.244635872402722,5.492421939595252,4.935206745086176,3.999970064881531
2020-04-07,2.3084473737276365,5.050112341611877,5.24422861319916,5.493441082780561,4.924679046518859,4.009161804037581
2020-04-08,2.3058488612923944,5.041164459664439,5.265238635316156,5.526457933442212,4.917376526366126,4.075128894131902
2020-04-09,2.3084473737276365,5.066952628959503,5.266683171506336,5.54156119683846,4.919192169821631,4.129688874074634
2020-04-13,2.3256004381196687,5.083947734473432,5.277428946439886,5.5323887836128005,4.9100201743928915,4.086705134917956
2020-04-14,2.3170606369265925,5.091785036016778,5.320000739833786,5.561454952530821,4.909775359715029,4.114365152025429
2020-04-15,2.2962626966126884,5.0866700180831925,5.308464607038408,5.539977929069031,4.935920166507124,4.073923511014216
2020-04-16,2.2936321903023456,5.085804649107798,5.326540355160098,5.544791012516915,4.947213445254982,4.062469125890878
2020-04-17,2.2980124672627498,5.066196182390658,5.33606114188099,5.571447933413584,4.933717733460149,4.0935609707893
2020-04-20,2.281264716751615,5.07329703611165,5.324146001755777,5.55367306315101,4.941731028651586,4.055668917370355
2020-04-21,2.2330075504437077,5.066448362763596,5.2865483242782005,5.5228388133429505,4.954243726262733,4.037352432917498
2020-04-22,2.2469031107010022,5.085928251714442,5.315791141617564,5.544791012516915,4.943974405141112,4.052525123130847
2020-04-23,2.2441395239875246,5.0958338955099665,5.313655824207499,5.544719337474115,4.949269252680143,4.044139604139736
2020-04-24,2.231140250356331,5.091539165567315,5.329303328126228,5.558561112256192,4.951612458041199,4.048410118843903
2020-04-27,2.2122717826358915,5.08487657558376,5.3373143079997565,5.57287690980027,4.93282385485304,4.0820641510564215
2020-04-28,2.2132237043029876,5.080410059260425,5.318300165959558,5.568267973928839,4.944269583831549,4.090270761943468
2020-04-29,2.231140250356331,5.085928251714442,5.353146851189684,5.5941095825107165,4.939066694414426,4.105186580614463
2020-04-30,2.2496592821482104,5.067645568030653,5.3527357433255105,5.584755226567747,4.927320799462677,4.0935609707893
2020-05-01,2.236732130068489,5.073797861413996,5.324146001755777,5.557925149862786,4.935848474540507,4.059210564574485
2020-05-04,2.248741435674969,5.0772965377751555,5.33573591967663,5.560679518257887,4.9311334913361184,4.054303388274625
2020-05-05,2.274128050992849,5.081528607405563,5.347009288354643,5.569876197783263,4.924711415941774,4.059210564574485
2020-05-06,2.2542358201583936,5.068589668157329,5.353146851189684,5.563074864330757,4.908444031284276,4.041098110550457
2020-05-07,2.2606083271133457,5.083823792265888,5.36594136128364,5.575069139379797,4.925012556548726,4.055259368450106
2020-05-08,2.281264716751615,5.077795364524649,5.3795531629142515,5.591480036665778,4.911925900716314,4.078735833608975
2020-05-11,2.2678416845707883,5.071542217514049,5.388452407484187,5.591685224831614,4.904089994828178,4.064093909099049
2020-05-12,2.2597004799044322,5.075423742037851,5.367292680100901,5.571552550602144,4.914301702601196,4.017561033711022
2020-05-13,2.2496592821482104,5.085000387383749,5.354698089386058,5.5537081681791705,4.921274079208473,3.993021020247227
2020-05-14,2.2669402845739137,5.093811514919873,5.365986496471558,5.565604304510357,4.931013758974703,3.996501683875108
2020-05-15,2.2768102972496322,5.099439462759423,5.37245678221201,5.57019109139299,4.928437641004909,3.9925849874351136
2020-05-18,2.3049811878076425,5.091846564527572,5.390917662332709,5.600196055293099,4.906238104619149,4.050058219563313
2020-05-19,2.3023735456561067,5.101450504870161,5.388408205295,5.589871442083564,4.9099727012306875,4.036518151345757
2020-05-20,2.3196303090818806,5.103821971752736,5.4081796435406995,5.606716950611477,4.912962594700546,4.045381272105323
2020-05-21,2.3153440032868655,5.0891383555842,5.397229270456263,5.599789115738095,4.9154568906839105,4.046208195053529
2020-05-22,2.3075820478430864,5.095037756298975,5.400675240357608,5.60168663913633,4.921455374334633,4.059618498808715
2020-05-26,2.3179178969061462,5.080720897869348,5.39797184487606,5.613931598688987,4.907954358440746,4.0963162778995
2020-05-27,2.3049811878076425,5.082521707455126,5.403414480819545,5.628701159867645,4.906115918540666,4.116036371763187
2020-05-28,2.3101759716571495,5.085866452320821,5.4021107216234165,5.626854477407711,4.902428867982298,4.120778385413284
2020-05-29,2.327299663112975,5.093197923557418,5.4166573624161645,5.631300377317031,4.9095454538701935,4.110755539021912
2020-06-01,2.333224407587658,5.097791127475561,5.419652638595408,5.6353339757584315,4.902790163122763,4.133609803638604
2020-06-02,2.344135063442312,5.091293234650706,5.42633780552065,5.6435800252684345,4.899147215265688,4.141656256237659
2020-06-03,2.344135063442312,5.072670723258287,5.430826575162022,5.6568005196614575,4.885761097294765,4.173209302100098
2020-06-04,2.352447611005537,5.08314197731416,5.423788397926455,5.654170195298916,4.871176070789634,4.16321030296118
2020-06-05,2.3721204325732925,5.0626582873987465,5.443421644275189,5.6794769204295115,4.864027472478538,4.200378755327255
2020-06-08,2.365605792834807,5.07342228983779,5.451151611058,5.691491778091356,4.867863281976518,4.224872461037786
2020-06-09,2.368868328509924,5.083017935192855,5.458370306330802,5.684007544730352,4.879157571566923,4.208141528197139
2020-06-10,2.3753619947299383,5.097241078047707,5.4703005427860925,5.67841155945913,4.893876742631959,4.182388224909753
2020-06-11,2.342464229833584,5.090000845718443,5.41948165577221,5.61903404928604,4.912600693127091,4.116036371763187
2020-06-12,2.3466361823362694,5.091416160753787,5.427398238414273,5.6309388364840585,4.902912982804477,4.15125194454045
2020-06-15,2.3557534689083695,5.089631311602583,5.439492136732282,5.640231529940575,4.903467070033022,4.1652914627490825
2020-06-16,2.3639704798992103,5.0891383555842,5.456519060187095,5.659295477533529,4.888014908972807,4.18478970721568
2020-06-17,2.3590484341145483,5.091047149371624,5.459684658892553,5.655133535865558,4.892133960059039,4.170171665941046
2020-06-18,2.364788381032028,5.089076754261077,5.462390233323322,5.655518356182498,4.902666081798911,4.159158180557251
2020-06-19,2.372931875410677,5.100049330482444,5.462226534050951,5.6497870292840044,4.903467070033022,4.144532229556663
2020-06-22,2.3834200048198397,5.106490757557274,5.47414785742819,5.656181513992572,4.9035905991409,4.143532889398503
2020-06-23,2.37859290632888,5.11487515642187,5.4826227584790646,5.6607750272985715,4.896732469393393,4.139399832309285
2020-06-24,2.3532750779475,5.111385160406069,5.461791772050385,5.634935096037495,4.907400384128933,4.110497013649065
2020-06-25,2.3623324883342214,5.110782261107454,5.471266166647894,5.645598719156638,4.910279437088359,4.123188241964093
2020-06-26,2.3499611849759607,5.115235480493831,5.447367913294827,5.62156041400454,4.920926189713224,4.103808155235937
2020-06-29,2.366422447551537,5.115775814853853,5.458215310551266,5.636151285522172,4.917773875508889,4.12293087231629
2020-06-30,2.3713085088288697,5.120206901351785,5.477627266999769,5.64887934978098,4.912905614547682,4.134715344121406
2020-07-01,2.3793991161937567,5.115715741241682,5.4892316983698874,5.655859808247265,4.910961971919382,4.1575019845318195
2020-07-02,2.3834200048198397,5.117874019179191,5.495995299976246,5.6613518218603565,4.912002022844088,4.154634930782477
2020-07-06,2.391413689338075,5.123844899263138,5.520282733841574,5.676671129658198,4.90789765585397,4.154135826686701
2020-07-07,2.3922095458324897,5.130135333590176,5.513369924264267,5.666303448637542,4.921855441988985,4.13407813503645
2020-07-08,2.404857855799437,5.136327687195578,5.526455990050775,5.673923161364041,4.9178530138718655,4.132675664074672
2020-07-09,2.393004769442997,5.133619623292708,5.534844046448201,5.668214011320473,4.933649509001654,4.126403541990613
2020-07-10,2.3993438946974295,5.131022358200672,5.541648172179509,5.6783728488884115,4.928611900301195,4.129480315692262
2020-07-13,2.389022137516876,5.132262746187755,5.520863144016213,5.669675908027813,4.931913438499117,4.117504353168537
2020-07-14,2.3937994482288594,5.136915474351766,5.5279161124094065,5.682551814045478,4.933350518923294,4.1258896502111675
2020-07-15,2.405643088440845,5.137796418214112,5.529949991023513,5.691697208572164,4.9286726299290455,4.135606157369465
2020-07-16,2.3977629634088844,5.128299778888958,5.523103854611622,5.688398324670138,4.9334101922202525,4.123574851494769
2020-07-17,2.3993438946974295,5.136504041683266,5.524261131784765,5.691293000664566,4.931313668679128,4.136496360637655
2020-07-20,2.398553698150793,5.141312632020113,5.552237074624944,5.699342190904053,4.9337696951827175,4.1244756398333715
2020-07-21,2.4126826582958536,5.153291594497779,5.541761635513315,5.701467582189648,4.93436656696641,4.126917046739443
2020-07-22,2.418898730250112,5.168379537235343,5.545278290453396,5.707143519231238,4.937351832951512,4.142073799068768
2020-07-23,2.4165721758047063,5.177166123646157,5.51881104775085,5.695139990794226,4.948964943149678,4.137893426272229
2020-07-24,2.418123841694984,5.185708405087834,5.5092697805469975,5.688678854410455,4.9489059744962605,4.13050403168265
2020-07-27,2.427383192557082,5.205269602052532,5.526955560253509,5.6959448335971725,4.945187831350557,4.139922562977913
2020-07-28,2.421992293870149,5.213576138092946,5.5141490952702075,5.689582294470409,4.952082296143419,4.159615832754698
2020-07-29,2.427383192557082,5.221058307376132,5.525609162338227,5.701806137408245,4.950378068211439,4.178807231299023
2020-07-30,2.415795481629242,5.213630528487699,5.5308309442327195,5.698231308457257,4.956945052089505,4.172328266837321
2020-07-31,2.4212197997026976,5.222677412840727,5.548519251268607,5.706102880203889,4.9563019015186764,4.170486685908174
2020-08-03,2.4312159750821296,5.223809311085152,5.561935586446832,5.713030755551162,4.951254564107167,4.157128512793098
2020-08-04,2.436557510407891,5.244863826498006,5.565640978698741,5.716886045640838,4.960741509076342,4.171960410122009
2020-08-05,2.4448940798741035,5.25410424376884,5.5681159452455695,5.723077743194671,4.9519600839603735,4.166917376026366
2020-08-06,2.4524129466762,5.267290984794987,5.58127362928627,5.729739947701108,4.9575306142176965,4.168519162201712
2020-08-07,2.4388379986666666,5.251278155747291,5.569664158523685,5.730457606908601,4.950842330903017,4.182698372790141
2020-08-10,2.4441390827613296,5.247813202275843,5.565381894635377,5.733442108213016,4.946358457466307,4.184275215573883
2020-08-11,2.428150942003541,5.192623475556863,5.546259398514556,5.725153332834468,4.9344021374020235,4.169749480235435
2020-08-12,2.4388379986666666,5.18794434314548,5.571099982216616,5.738999238399519,4.925264859618904,4.179781699732866
2020-08-13,2.4441390827613296,5.211287817562686,5.573377699481856,5.7371899399901105,4.914518199061014,4.167410261152793
2020-08-14,2.4441390827613296,5.2069692903084785,5.572202766286104,5.737219552839492,4.910604179846712,4.167534005851917
2020-08-17,2.46061883371385,5.2284312390838705,5.583746498676675,5.7403912113265365,4.913113778267404,4.1756340743806035
2020-08-18,2.4628451655925065,5.237398912657274,5.593326011478696,5.742549037911667,4.920239512159704,4.170855556204968
2020-08-19,2.4598756202672605,5.205324529841343,5.586575788076529,5.738377013293104,4.913968858485512,4.153136211128568
2020-08-20,2.458387534219943,5.212214667494625,5.600352422290144,5.741485547894173,4.9229670741242595,4.162592425627926
2020-08-21,2.4486605387251137,5.204171501951753,5.607258668079738,5.745026450442337,4.928942335329696,4.164201030293083
2020-08-24,2.4539099433647116,5.198497031265826,5.613483116499787,5.755108773259849,4.927315713528072,4.170609814885462
2020-08-25,2.46210360555816,5.1997117695299435,5.621314427643005,5.7586018479706915,4.919633031756188,4.1731861516438125
2020-08-26,2.4643266379635147,5.211451436855081,5.642429304584458,5.768577691970466,4.915799194199723,4.163953529419133
2020-08-27,2.46061883371385,5.199822150107721,5.639307862066713,5.770761995299545,4.89864409286478,4.17856308586497
2020-08-28,2.4672830955232015,5.217053076406962,5.644379722883897,5.777200409798249,4.897899466868333,4.185123148815126
2020-08-31,2.4665448204009586,5.219436493601285,5.6523812385878935,5.773571375256538,4.904518334637848,4.174899951139946
2020-09-01,2.468020825997364,5.220626075323696,5.669328718078474,5.782945889615179,4.915891573696551,4.1756340743806035
2020-09-02,2.4546576840857033,5.207407464450638,5.678753107474045,5.7973063364889015,4.925366339080978,4.194043213338195
2020-09-03,2.4456485073962493,5.199270209577301,5.626722307513503,5.762285995126094,4.928203370110141,4.181970234644854
2020-09-04,2.436557510407891,5.2020267028695235,5.613306852137975,5.754087391151458,4.909032110592695,4.176733547121769
2020-09-08,2.4119029360917645,5.200097922007723,5.564049203134678,5.726384508724001,4.91515878983253,4.1644482328301065
2020-09-09,2.4212197997026976,5.209759356237962,5.593002069671082,5.7459394175799545,4.912467723662352,4.174288669782402
2020-09-10,2.4111226910049472,5.206531007713706,5.572864038982292,5.728423081956313,4.91753776264227,4.161972859030273
2020-09-11,2.418123841694984,5.2064761461559135,5.5658998788905425,5.728932002185743,4.919668016012162,4.156381270119504
2020-09-14,2.418898730250112,5.21433774943365,5.583165494001853,5.742017532188503,4.919607071310213,4.180511082620947
2020-09-15,2.4243061178919976,5.211942134165925,5.597239325464958,5.747057025605977,4.917172375559618,4.192481710142636
2020-09-16,2.4426273763190314,5.2147727074730295,5.5811645044426825,5.743080554702154,4.9141811700353015,4.197756273149472
2020-09-17,2.4539099433647116,5.209267586410345,5.565419161084122,5.734246320802026,4.917233580504059,4.178075785535343
2020-09-18,2.458387534219943,5.210578435581963,5.55257449250089,5.72266695917027,4.914120114075255,4.155259238476033
2020-09-21,2.4335088305790684,5.19028664613369,5.554969476473404,5.711475181189602,4.9191810231687985,4.124732982314763
2020-09-22,2.428918102462953,5.1854285503047635,5.573377699481856,5.721607683483489,4.918390408625003,4.13662331985457
2020-09-23,2.4173483522219086,5.163585214935946,5.542367611942066,5.69814364077806,4.919728845593985,4.106038602224357
2020-09-24,2.421992293870149,5.167297118025537,5.5470131313548166,5.700805738184931,4.923551782047569,4.111397091223801
2020-09-25,2.421992293870149,5.164443071947386,5.56999586438458,5.716843273903754,4.923551782047569,4.1318098550989335
2020-09-28,2.430450660030571,5.174453362054808,5.590552238278985,5.7333161909363515,4.920700391730903,4.152066583543717
2020-09-29,2.418898730250112,5.182850410440464,5.586032130421014,5.727855313957725,4.921853996785246,4.14485168187157
2020-09-30,2.430450660030571,5.176827441392505,5.592857960813638,5.735408605594392,4.912222834048319,4.1478958632033684
2020-10-01,2.418123841694984,5.185708405087834,5.608605525722343,5.741808082460348,4.913870810233928,4.167708427960953
2020-10-02,2.405643088440845,5.184812628146941,5.580071449340647,5.732268438357524,4.910129961509483,4.184819792368862
2020-10-05,2.4312159750821296,5.189673709843251,5.6011734553505095,5.749846079000204,4.890398001043553,4.190539706885772
2020-10-06,2.4350342905306896,5.177843230292558,5.583165494001853,5.73552805127198,4.895772147600409,4.183965091412469
2020-10-07,2.4388379986666666,5.177391905507223,5.600316322412609,5.752784979870947,4.888452717316785,4.185429895859199
2020-10-08,2.4486605387251137,5.180940532712797,5.605625228223107,5.761608587943745,4.893838214791045,4.202002889074607
2020-10-09,2.4516636071177307,5.198938932679613,5.620790110214645,5.770499007792315,4.893651270809493,4.198036014564754
2020-10-12,2.4411133811600614,5.196063118987978,5.651193539342051,5.786458431035204,4.896831756481405,4.202722638076961
2020-10-13,2.4433834323549033,5.180209284936395,5.651159550643344,5.77991118874012,4.903966187870454,4.185429895859199
2020-10-14,2.4501630767996407,5.183299278930006,5.642772010793482,5.773607709051416,4.906251767753444,4.173156772120539
2020-10-15,2.4531617251453155,5.186938768330718,5.636038408919527,5.772371238895177,4.90452319851077,4.178329987647268
2020-10-16,2.4464024487791267,5.183467541984954,5.6305425776394475,5.771766686032333,4.901738780651951,4.171178721303688
2020-10-19,2.4471555745714517,5.183972161341731,5.614082272056787,5.7564468633728465,4.897951501712562,4.155466018412225
2020-10-20,2.458387534219943,5.188781479479729,5.616229402680876,5.7604441763421566,4.888390070048986,4.162604658648924
2020-10-21,2.4501630767996407,5.196284674778652,5.615455646547388,5.758549460029113,4.8849303377211974,4.159604992596582
2020-10-22,2.4531617251453155,5.186435644139025,5.6154205322994,5.764020130526412,4.874479086890115,4.15948002448622
2020-10-23,2.4456485073962493,5.185372604115246,5.617389359095909,5.767409249102291,4.880572696876904,4.16547077663117
2020-10-26,2.4312159750821296,5.184868691132352,5.60227939125846,5.74875657941145,4.8898328348751114,4.151056906688402
2020-10-27,2.4380784136146496,5.187497555308623,5.610057494058283,5.745303053234783,4.896519841035323,4.134893875525243
2020-10-28,2.4111226910049472,5.1712223864669795,5.570290492527396,5.710526245106333,4.897453928666313,4.110739777955673
2020-10-29,2.398553698150793,5.167069045140387,5.587625770834276,5.720638511453788,4.887698965468514,4.1240577798810865
2020-10-30,2.398553698150793,5.171619696182227,5.561935586446832,5.710158891582145,4.877784241044821,4.117420980965403
2020-11-02,2.4165721758047063,5.181277825030739,5.564160562556098,5.721305255471993,4.885247157028719,4.141033467985455
2020-11-03,2.42276419175096,5.186938768330718,5.581310308198216,5.738806737733766,4.87942820710794,4.160105661435809
2020-11-04,2.4335088305790684,5.186379754265782,5.624981374950957,5.760910257420831,4.9008883864281385,4.161855912128668
2020-11-05,2.4380784136146496,5.209103525964838,5.650718021478168,5.780225053536153,4.9026256245595725,4.166590346475416
2020-11-06,2.4342718096330715,5.2105238789245485,5.651464978595678,5.779996592340999,4.8904672908097115,4.159730064200238
2020-11-09,2.4464024487791267,5.165243022781083,5.630819898719608,5.792484155742872,4.86922803225024,4.194536830612349
2020-11-10,2.4658059188204042,5.168550329336685,5.612742552736445,5.791016249195564,4.863444371400022,4.20905654859713
2020-11-11,2.465066632991267,5.164214347127382,5.634865458272089,5.7984174332083365,4.867047459148169,4.212861558787341
2020-11-12,2.456897148741683,5.170256734636163,5.630161053413259,5.7886693872315105,4.883921891408089,4.199721061333734
2020-11-13,2.4524129466762,5.177053299726195,5.638895368464363,5.802418896091378,4.882594751506712,4.226066167559772
2020-11-16,2.4613615765706682,5.17699679685754,5.646667717951501,5.8148242699693915,4.8801896073210385,4.237247420431076
2020-11-17,2.4643266379635147,5.173320876373351,5.643490566242661,5.809431278833023,4.886696072255298,4.238173646083958
2020-11-18,2.4658059188204042,5.167582092527379,5.636072806611053,5.797323382628262,4.8895883087013265,4.218542008435889
2020-11-19,2.4658059188204042,5.165699862840421,5.64386703963133,5.801524719892194,4.894724208250962,4.222428970334895
2020-11-20,2.4709663174469108,5.168721092273065,5.637003381073702,5.794653234576159,4.903554934650009,4.217006851513635
2020-11-23,2.4739032388023223,5.148830768040938,5.637037419349149,5.8006297434263026,4.89896239867061,4.218896156883257
2020-11-24,2.4949413190339484,5.1333837377614095,5.650989589819173,5.816615126314321,4.888960417698973,4.224190819440769
2020-11-25,2.503518872590427,5.132911889724259,5.657117339830073,5.81507230705298,4.8858773831522715,4.224777264538133
2020-11-27,2.5013813719376525,5.122713157488094,5.666289719221106,5.817853297259974,4.895535689423247,4.220310713044321
2020-11-30,2.4956588533799295,5.116015798567976,5.668327740719988,5.813416256560338,4.894286852087095,4.209771580289761
2020-12-01,2.49278530628444,5.1368566573833405,5.681062430551897,5.824294530542977,4.879431918702218,4.2225464266211565
2020-12-02,2.4970926148808403,5.144350042407655,5.682346470669272,5.82639585735318,4.871464190731842,4.21464055555618
2020-12-03,2.49852424525452,5.152192710938209,5.683761091745303,5.8261234304013145,4.8794957095758065,4.223016561071044
2020-12-04,2.5028068799087633,5.149353255911668,5.687827829877803,5.834704187561025,4.8647212366359796,4.238173646083958
2020-12-07,2.5028068799087633,5.164157201371183,5.693474401598264,5.832647093219367,4.873701192665604,4.229457373955797
2020-12-08,2.504230436651057,5.167639042905921,5.696853515816933,5.835569016547616,4.878416400073549,4.225949235463244
2020-12-09,2.504941338955311,5.150397236471415,5.673952297705246,5.826559709773175,4.875105416805596,4.21972175410079
2020-12-10,2.519756408702939,5.148482350153226,5.677959982048382,5.826232518089923,4.883930320499655,4.215350931063391
2020-12-11,2.516951452420463,5.150339295622812,5.675742971593058,5.825059201331247,4.88746358191188,4.21440331322206
2020-12-14,2.519756408702939,5.14481643642349,5.682971826049473,5.82057181653093,4.884688417182435,4.210009357545929
2020-12-15,2.5274300007456776,5.15871042619753,5.693604614461536,5.834000801005773,4.881335310304833,4.230273857303306
2020-12-16,2.532974061282671,5.164214347127382,5.699089166282569,5.835569016547616,4.878669941146297,4.231439296929374
2020-12-17,2.54465403015545,5.174679757170338,5.705605661087925,5.841145159347954,4.876020725762963,4.241062048903637
2020-12-18,2.5480634901490893,5.172980889073773,5.702578238298583,5.837144569401656,4.873018769003643,4.220781899508154
2020-12-21,2.537799962113992,5.169801972074791,5.700706153390182,5.833562574734304,4.876976940287503,4.215114195293601
2020-12-22,2.526734912752645,5.161867464891392,5.703421386522508,5.831875675688722,4.882124642317655,4.222076071040902
2020-12-23,2.5391745993546073,5.168493343963668,5.698372767629824,5.832773980607963,4.875191149778887,4.215587610802621
2020-12-24,2.541918142839303,5.1724706912922995,5.702775498098881,5.836656684220148,4.879140400617708,4.224304607524934
2020-12-28,2.535734569995953,5.168834946979732,5.712803652568257,5.845211056316806,4.879585357870992,4.230247884012505
2020-12-29,2.5384874792743712,5.1724706912922995,5.713699165104944,5.843301396817066,4.878314338611909,4.221678602543946
2020-12-30,2.54465403015545,5.180096717986954,5.713730791145748,5.844727003420867,4.8804749105892204,4.227161699761059
2020-12-31,2.5487439894338784,5.1838039831812965,5.716188417067505,5.849795097357347,4.881933875710071,4.236744892344859
2021-01-04,2.5432868347168944,5.2058182420936445,5.701967575956513,5.8360875551611,4.880729088715932,4.203707942861584
2021-01-05,2.570944779031963,5.208775491185538,5.7101779952704455,5.8429514041075885,4.873274148936954,4.205166895823775
2021-01-06,2.572274485110164,5.192401107029219,5.696228584415834,5.848911959894955,4.85253320062765,4.2068669087822945
2021-01-07,2.5769149078217217,5.190063757303119,5.720132657403102,5.863660045503845,4.84367885166818,4.204923979635382
2021-01-08,2.584820037101617,5.155254962579457,5.732908702850728,5.8693417402098875,4.840446320886784,4.214601094241455
2021-01-11,2.5775760606545677,5.153291594497779,5.718353032387423,5.8625781984552106,4.838792758722834,4.201270624233413
2021-01-12,2.596561852180003,5.159744688641296,5.716761841901363,5.8627893338109835,4.837998137068734,4.203586086817194
2021-01-13,2.5939645358360224,5.155428010833681,5.723492447888629,5.865478469403944,4.849197478532712,4.2156841366221975
2021-01-14,2.6030260286594573,5.154908776207995,5.718130644704819,5.861970577653003,4.839785586131033,4.221558804936822
2021-01-15,2.5887493620575714,5.1424235301221275,5.7101779952704455,5.854651145813502,4.843745204848151,4.232969963761663
2021-01-19,2.592012058326345,5.150860907690051,5.7246623106618735,5.862472570659084,4.846967106587528,4.230129108659517
2021-01-20,2.592663236474624,5.167012062290079,5.747656934566361,5.876216100315666,4.847952034882326,4.2490320982998995
2021-01-21,2.592012058326345,5.166384688322908,5.75562467537394,5.877127467800417,4.840908889004087,4.244252156899852
2021-01-22,2.574928749900599,5.158480386262389,5.7527400355283085,5.8735818189061675,4.844140347815607,4.246586727308443
2021-01-25,2.5854759857466165,5.159342631791247,5.760972417178442,5.877517775317064,4.855856942009303,4.2541363878783045
2021-01-26,2.587441254014398,5.156868974840101,5.762434314654598,5.875955716013168,4.853967801612306,4.261170159542911
2021-01-27,2.584820037101617,5.150513196544661,5.7341619517896785,5.851211746366525,4.856507383513899,4.243316647154333
2021-01-28,2.580216309406199,5.151440128272296,5.740061156129778,5.859774893545307,4.850964441921663,4.2486833434280555
2021-01-29,2.581533824282364,5.151034717934613,5.718798661530724,5.839552545076802,4.84492974543935,4.237097945263903
2021-02-01,2.600445398488939,5.160376240912854,5.743478835888946,5.856060849661274,4.8460883612703745,4.2596752964553595
2021-02-02,2.6081674658232274,5.148133810828177,5.759661247948185,5.87010194272473,4.83962048507777,4.2656414948348695
2021-02-03,2.6151939590695794,5.146622038812372,5.7556859090016905,5.870887991853363,4.830707841801941,4.263121532186307
2021-02-04,2.6202733723157356,5.124856401888237,5.767443325750412,5.882189536404441,4.828031593011156,4.269979110750918
2021-02-05,2.625327046395781,5.134680150580928,5.770828968043091,5.886117764266016,4.819623129022792,4.273503294967857
2021-02-08,2.640957286379875,5.1446999027918405,5.777506432888842,5.89331361285114,4.824004294077714,4.278936357896154
2021-02-09,2.644672369493615,5.147959495600192,5.77729644195019,5.892647753290403,4.824743712673015,4.282429803027233
2021-02-10,2.642816587098069,5.151613926229472,5.77501507782401,5.892211913653282,4.831375999354568,4.28781418931204
2021-02-11,2.640957286379875,5.142890912430949,5.780499533786252,5.893825692161755,4.825885865647862,4.289937684398029
2021-02-12,2.6532878205152,5.139849060079401,5.78607316079306,5.898753335385998,4.8133884542143175,4.2901610141387305
2021-02-16,2.6666782753995855,5.125391564045205,5.7833646834377905,5.897886942980843,4.798044790389582,4.282429803027233
2021-02-17,2.669696670634513,5.113973777811009,5.778555065873369,5.898116384769415,4.804375311067086,4.281191327917795
2021-02-18,2.66607343522151,5.113913687586666,5.774173226617234,5.893851179893262,4.800320139542593,4.276902708220904
2021-02-19,2.665468361678458,5.118053657972297,5.769802479946284,5.89208358527266,4.78693915839306,4.2826542889661745
2021-02-22,2.687618183429159,5.132911889724259,5.743540817762298,5.884362335456351,4.779301774245322,4.290942066766455
2021-02-23,2.692343502182533,5.130608493250046,5.740558600363416,5.885575768300081,4.7764144693621935,4.297168622952984
2021-02-24,2.7075485697723956,5.1298987149230735,5.7487680550357165,5.896535192302584,4.769832678990519,4.304787768693122
2021-02-25,2.6993900684690457,5.110902906857766,5.713283401189186,5.872144094422131,4.753367137983112,4.28546205401201
2021-02-26,2.6780999622943615,5.086422792323612,5.717462582706691,5.8669783396949455,4.785891023328787,4.270775973714481
2021-03-01,2.669696670634513,5.084690876368537,5.747100764898564,5.8909294067112805,4.7725960288862295,4.275204552213798
2021-03-02,2.6739071762455695,5.090124024735057,5.730932031393129,5.883095563605467,4.772666818445709,4.265527385835579
2021-03-03,2.6798915964862684,5.079041296360537,5.70148257034671,5.869761379344494,4.761761471190647,4.259790721753253
2021-03-04,2.695285720862739,5.069155700693304,5.684980103772677,5.857309093307829,4.7552910853054575,4.248333812830353
2021-03-05,2.715641111314063,5.069784314114076,5.699928826787883,5.875538754442366,4.757236633543897,4.2592150794272605
2021-03-08,2.701727868702379,5.059361999065936,5.671205980856469,5.870547265612493,4.74943189019661,4.267812547748898
2021-03-09,2.701727868702379,5.080410059260425,5.70988897507872,5.884724278895328,4.763194122883561,4.274411105611869
2021-03-10,2.7081287807784182,5.085495386958855,5.707030672548849,5.8909294067112805,4.7651956911872215,4.284339956933935
2021-03-11,2.7230973646493655,5.0846290004561725,5.729800705621995,5.901017431861061,4.757956169869698,4.29594859052611
2021-03-12,2.7185154841936514,5.084443255256481,5.72165544795151,5.902363224697024,4.736506655202765,4.312566966915808
2021-03-15,2.7150652439642484,5.088830122866529,5.732281686635594,5.908309057807249,4.742369417757453,4.327302062810127
2021-03-16,2.7110248602431066,5.089754536143653,5.737755482383439,5.907046960206011,4.738342284032542,4.32320649394539
2021-03-17,2.7110248602431066,5.0968741169512155,5.741864586310581,5.910451049257968,4.730831247347273,4.324070305484379
2021-03-18,2.6624370242209268,5.091047149371624,5.710754876010822,5.895794576634608,4.720653011456473,4.313875639370282
2021-03-19,2.68405948325208,5.09522154418845,5.714274119368622,5.8939426107334025,4.7268317986292905,4.300156576089005
2021-03-22,2.682275372738643,5.093750200806762,5.7328534692632775,5.901895636613327,4.737975521258252,4.307204398869864
2021-03-23,2.653900441211822,5.086422792323612,5.728481438852417,5.8939940001117,4.746962139144155,4.305777044650532
2021-03-24,2.6798915964862684,5.089877651526888,5.711472253759435,5.8888973169415975,4.752329691894912,4.300156576089005
2021-03-25,2.656957593191564,5.086237380044355,5.70973902368625,5.894507412452525,4.744412597519294,4.310287261728176
2021-03-26,2.6804881388399804,5.089076754261077,5.724627840414774,5.9104938208134,4.740907129520407,4.331624678605505
2021-03-29,2.68168002646502,5.0771094254723,5.724343166392256,5.909988718432959,4.732382032604279,4.325791254377495
2021-03-30,2.665468361678458,5.059869850456271,5.719297278122986,5.907331824217743,4.7376081561081325,4.327090604371223
2021-03-31,2.6709014823412667,5.07492382595078,5.734484193219375,5.911377301852086,4.732012673668298,4.3210129811244675
2021-04-01,2.687618183429159,5.087472844444371,5.7513871762427895,5.922118181447666,4.7484741136607544,4.339029428506334
2021-04-05,2.672705850838558,5.087102374790709,5.771155205756667,5.936369576204248,4.744101439941894,4.342871028654015
2021-04-06,2.676305309274001,5.095098991519979,5.7704602769441555,5.935778572006108,4.750870893105998,4.345424019933548
2021-04-07,2.679294763490403,5.092276689383402,5.772875560848053,5.936935416161432,4.743881838657124,4.346167445134598
2021-04-08,2.684653545195803,5.102971325240263,5.783254951419615,5.941670869791476,4.752103525063441,4.3424449783977455
2021-04-09,2.6810842602270033,5.095405298306144,5.789295002492004,5.948914671729737,4.7484741136607544,4.341272030867847
2021-04-12,2.68168002646502,5.089323230816043,5.787989145969696,5.949279300020073,4.748037837972303,4.3471222686413755
2021-04-13,2.692343502182533,5.0963847192893335,5.799594681300382,5.952238444535881,4.755503272255824,4.352094640589653
2021-04-14,2.7150652439642484,5.092030939802113,5.787513627803547,5.948817542449235,4.752320999182112,4.346804128355816
2021-04-15,2.721381555991883,5.108064476340505,5.8025554833223065,5.959502793714708,4.76891666374207,4.36415743221174
2021-04-16,2.719662923962794,5.114094039155291,5.8037255715679335,5.96283958756921,4.761120197323564,4.36634454225127
2021-04-19,2.720809048622777,5.111324914424929,5.79453191422414,5.9579143593938175,4.758243931148856,4.368319320994219
2021-04-20,2.7190893686554665,5.11487515642187,5.787216641621607,5.950566017295085,4.762842033489353,4.3764887918572475
2021-04-21,2.7150652439642484,5.124737518732724,5.79574111555316,5.9599833438853755,4.764846842289127,4.383057978266548
2021-04-22,2.7230973646493655,5.118233264501103,5.783613227026251,5.950808398692696,4.769201612442871,4.377620790685209
2021-04-23,2.731065484096109,5.114394491707326,5.796124163714809,5.9615926305131195,4.766848029297562,4.383467170700141
2021-04-26,2.7378452521046137,5.117035247378916,5.802613909679356,5.963678030556651,4.765419306615382,4.38642872400056
2021-04-27,2.74625567737764,5.1145147024696715,5.798272412555133,5.9634624442630875,4.756658021833329,4.386326649112352
2021-04-28,2.747929368488113,5.1174547669309485,5.794885708640396,5.963175002037446,4.757307208210105,4.384182759645264
2021-04-29,2.7545959569425977,5.113312219468781,5.798478045053936,5.969527296015739,4.754347450573466,4.392730971481139
2021-04-30,2.74625567737764,5.109937517276295,5.791901890294863,5.96293544296941,4.756658021833329,4.3966748359686045
2021-05-03,2.7573608451491203,5.122832372464436,5.78656256808565,5.965089881392124,4.757257668854026,4.39475522550979
2021-05-04,2.7727036333923687,5.115475685499239,5.768402722342983,5.95890126875125,4.76402030331592,4.388262491815325
2021-05-05,2.7765026806998994,5.119609298866219,5.765034676004625,5.959214289691928,4.765668214978032,4.371532944290706
2021-05-06,2.781366328312066,5.1361513016015,5.772544091107156,5.9671678522256,4.767313610117061,4.377106178086061
2021-05-07,2.7910229943911755,5.145107888955322,5.78062548868731,5.974419699637496,4.7623699323407855,4.390194405087381
2021-05-10,2.784058102824431,5.148133810828177,5.755046924430158,5.96446772432222,4.752191258049078,4.389889773531213
2021-05-11,2.794753207644066,5.148308095675659,5.753664378195749,5.955503122411714,4.746515400057181,4.3772092942845
2021-05-12,2.7936889348896248,5.138324612262206,5.727440626754308,5.934028914455249,4.735952001970613,4.351566719306955
2021-05-13,2.7656093957231405,5.1424235301221275,5.735142363848371,5.945969774193797,4.737499484239991,4.364470488419922
2021-05-14,2.7737904639625532,5.151498093734086,5.75697866624822,5.961208402475542,4.746807465244233,4.376282591992456
2021-05-17,2.786206317706301,5.1630701996714485,5.750893926353506,5.958660604719165,4.744689815974686,4.37731211239681
2021-05-18,2.781366328312066,5.165014480877427,5.744120172236122,5.950007839888382,4.742127947156423,4.37751800430735
2021-05-19,2.7606683741590747,5.165699862840421,5.745268116101613,5.94738251293211,4.739705893989045,4.374323491852675
2021-05-20,2.7501565267660233,5.170256734636163,5.764426627531903,5.958083105933642,4.747900925341329,4.3855105300176
2021-05-21,2.7595671198268295,5.1707112038045855,5.758876647101383,5.957263957384026,4.7511024158252235,4.384489324707013
2021-05-24,2.7732472558929473,5.1724706912922995,5.775555846541322,5.967406399644909,4.754799836324624,4.3968766860360375
2021-05-25,2.7699810193920595,5.181502594806678,5.776938070254599,5.965185364691411,4.76402030331592,4.396573613683582
2021-05-26,2.771615501010862,5.179759026988011,5.780416151770178,5.9671678522256,4.762298214476226,4.401005191000909
2021-05-27,2.787278697061799,5.180153045977301,5.776668001348508,5.9676927845901915,4.7582676292972925,4.398691411736875
2021-05-28,2.784058102824431,5.183916133611155,5.779817292920479,5.9694800353116495,4.7566800528346205,4.40471657409864
2021-06-01,2.8016443763870282,5.181221560363101,5.776487536514873,5.968598596148607,4.756455458126301,4.422577810055241
2021-06-02,2.8069132899893057,5.186100087326202,5.778438573916186,5.970170084923042,4.758768039695301,4.4342131895771155
2021-06-03,2.7984700227556485,5.166327666461537,5.767978377292303,5.966451868348285,4.755007398757488,4.4305123941707905
2021-06-04,2.809537142912582,5.177053299726195,5.784805489682251,5.975556207105145,4.76860915186988,4.431000159978759
2021-06-07,2.8111082252251895,5.181052918935806,5.787781251506389,5.974585373676494,4.7655311605707595,4.442731317049171
2021-06-08,2.8210015007768856,5.177956051181943,5.788256362004697,5.974798497983817,4.772532591504921,4.450986317743893
2021-06-09,2.8163274109124545,5.1760367076982785,5.788493785900471,5.973305750781342,4.781322442478053,4.4523237268080775
2021-06-10,2.819964814221696,5.180321839215944,5.7988603239701,5.977943216163977,4.787303469749732,4.459458238674355
2021-06-11,2.8168478344088292,5.1690056613250315,5.801471949857444,5.979594217039356,4.785689073213473,4.455469163573854
2021-06-14,2.8111082252251895,5.163127494914989,5.811008863236069,5.98183058161129,4.777999609755974,4.459363441185199
2021-06-15,2.8069132899893057,5.159342631791247,5.804456458030077,5.979994907782752,4.776795615525368,4.448593916139292
2021-06-16,2.801116209807694,5.142306628110892,5.800797779867339,5.974395952069487,4.775944489078375,4.442056525444921
2021-06-17,2.7748763524881217,5.111083802194481,5.8134149802867645,5.974064203220657,4.790805034385326,4.4408018876211095
2021-06-18,2.7851327871186524,5.105521097052016,5.80553713177875,5.960482077972293,4.8094366690929595,4.423659030710573
2021-06-21,2.7974095841712363,5.1176943481101915,5.811732804015625,5.974696480184144,4.792551514210775,4.444079894278775
2021-06-22,2.798999704544953,5.113492679535963,5.821011066996088,5.98002840075822,4.794991409849533,4.438868548101913
2021-06-23,2.8053354826638457,5.112830802737207,5.821499951884743,5.978822332682656,4.792412274961049,4.4371252597067965
2021-06-24,2.8090130147634924,5.112228682749597,5.827663955927226,5.98472051315279,4.794016494305605,4.434965565035546
2021-06-25,2.8048090316629817,5.115535681938857,5.826434460917391,5.988266460771787,4.783578290254111,4.441693174025805
2021-06-28,2.8042823033654716,5.115475685499239,5.838522700556268,5.990280450957011,4.793807523295656,4.4387735805615485
2021-06-29,2.8090130147634924,5.104914650852011,5.8421349273659295,5.990818357537504,4.795478889865457,4.436041071187323
2021-06-30,2.8184075956954153,5.109756414444305,5.840556044804996,5.991659916816023,4.799921986335364,4.430750221077165
2021-07-01,2.822037340641835,5.113191864059387,5.840951043556522,5.997180980469745,4.799977619284501,4.435063608126287
2021-07-02,2.8313109187781427,5.119728793210084,5.852364262467526,6.004795249539634,4.8059939847417645,4.4380912430614154
2021-07-06,2.8037551819277904,5.124677981093301,5.856676785224878,6.0029723271484485,4.8176463244561125,4.4453788564473005
2021-07-07,2.791556868342565,5.128477554705983,5.858784668237788,6.006500099212561,4.826466512212548,4.448858257141972
2021-07-08,2.800058459135932,5.127825525317231,5.852726490630517,5.9983186741087735,4.830377097831754,4.446056151636034
2021-07-09,2.811631371296703,5.131140586758256,5.858950790115964,6.008936897701235,4.81621490072194,4.462369807316354
2021-07-12,2.8131991694220972,5.1298987149230735,5.862848943492533,6.012512533063163,4.81491696586684,4.470900082386243
2021-07-13,2.821519611588225,5.13119965071006,5.862848943492533,6.009097700760304,4.807234230689466,4.456834134254814
2021-07-14,2.811631371296703,5.141897408023535,5.864640780272144,6.0105886761428415,4.818531735176566,4.4637966704576675
2021-07-15,2.806387553942427,5.142072872278362,5.857592520302348,6.007167256605229,4.829501934924432,4.465411032152746
2021-07-16,2.806387553942427,5.132321833969698,5.849460121083899,5.999293016418699,4.827613846439728,4.464746636401924
2021-07-19,2.7656093957231405,5.1335016874823065,5.8412331153593655,5.9844149154345425,4.849305902203271,4.446346561689107
2021-07-20,2.780287704738179,5.132203744995058,5.852782408650158,5.998643535123317,4.839619640192338,4.469672313815924
2021-07-21,2.800058459135932,5.128477554705983,5.860473086697716,6.006707206059167,4.826872024705833,4.469578042847804
2021-07-22,2.807963588415827,5.130431095892585,5.8670616334983325,6.008799238737155,4.836281301443792,4.461608097778731
2021-07-23,2.8131991694220972,5.127291755012033,5.8786713873268965,6.019034619543303,4.829569296414222,4.469861353184633
2021-07-26,2.8204833486563508,5.12491592890617,5.87945875348364,6.021486561106636,4.826602618411301,4.470333533400148
2021-07-27,2.8147646276897165,5.126579617787946,5.8683796721353705,6.016918469485514,4.837216797244412,4.475983328655719
2021-07-28,2.8194461245218876,5.131613180990187,5.872213721823585,6.016508347905463,4.837283459595996,4.47250285215589
2021-07-29,2.8369361698857283,5.142657204010286,5.8739888715907815,6.020647216134519,4.8317218634666395,4.472691183045631
2021-07-30,2.8313109187781427,5.134739095700523,5.868763834157256,6.0157789679565905,4.836414201589449,4.474009376955975
2021-08-02,2.8204833486563508,5.1335016874823065,5.868845944418617,6.013678743208407,4.845294357412079,4.4718430658857935
2021-08-03,2.8158069447684984,5.132793960439922,5.874888982619498,6.021781112889085,4.8458254626715,4.473068435001287
2021-08-04,2.799529105919983,5.133029895109348,5.876333041407367,6.016850115171383,4.847879675763449,4.469955597449855
2021-08-05,2.8142431186305377,5.129069972855896,5.882655795069197,6.02316291876252,4.842768876183984,4.481601210313254
2021-08-06,2.805861656659877,5.103761268378551,5.878263929771801,6.024814038569202,4.825926918948298,4.479825492741352
2021-08-09,2.791556868342565,5.085866452320821,5.880109998336325,6.0240003034318725,4.82233471688963,4.474479863909945
2021-08-10,2.809537142912582,5.086175599752314,5.874970762941142,6.02524356065687,4.8177056065280315,4.464936609125959
2021-08-11,2.8184075956954153,5.099866427824199,5.873252141865626,6.027725079742537,4.817091456506246,4.470805578032493
2021-08-12,2.8147646276897165,5.100110259595626,5.876850209043379,6.030717684662345,4.8154515263850595,4.4729743095073795
2021-08-13,2.8090130147634924,5.114334426759218,5.8803536156097636,6.032535729328403,4.831123872086472,4.478421593961868
2021-08-16,2.806387553942427,5.119310318021895,5.88078749448083,6.034887696704848,4.833544296740114,4.477203117741569
2021-08-17,2.795285210904118,5.117814162871778,5.871940599895127,6.028310949227651,4.833141299249569,4.476170831667384
2021-08-18,2.783520209348671,5.118592472127474,5.86226918186073,6.017305598456125,4.836495022881538,4.467023142270003
2021-08-19,2.769435558110933,5.115655755604332,5.867089022164809,6.018852617388465,4.843833248240078,4.4718430658857935
2021-08-20,2.7456972389022587,5.1161957714498625,5.877394388246923,6.0267784310508805,4.8444979209531995,4.476827943126169
2021-08-23,2.781366328312066,5.128299778888958,5.8922399701270045,6.035536187445759,4.843833248240078,4.474949781990645
2021-08-24,2.802172611356553,5.127825525317231,5.895289552541178,6.037122485828089,4.836026289567341,4.470522447825444
2021-08-25,2.8111082252251895,5.120863915640666,5.896437705760599,6.039218611560388,4.827684449987096,4.469861353184633
2021-08-26,2.8032280137109558,5.12199775102913,5.890067267298939,6.0332980659977355,4.830450369093661,4.470239062802567
2021-08-27,2.8158069447684984,5.136915474351766,5.899740489289349,6.042199187094649,4.837231194752845,4.480667215290519
2021-08-30,2.8194461245218876,5.1319676153046165,5.910900266111658,6.046587143569843,4.839836933277121,4.490617363058391
2021-08-31,2.8147646276897165,5.133973257372184,5.91008481014475,6.045104527401377,4.833006809155436,4.495325585336021
2021-09-01,2.810061226145042,5.1340321542569285,5.911741332865267,6.045635860025707,4.8346808145144715,4.511223471384092
2021-09-02,2.821519611588225,5.131376911792384,5.9112686040209965,6.048707639403354,4.839036861309456,4.516467287963241
2021-09-03,2.8225546883915316,5.142014357880414,5.914339497161816,6.0484648758755615,4.829900795130621,4.516647352381773
2021-09-07,2.8111082252251895,5.122236337376135,5.915753575749382,6.044882946970825,4.821429438061132,4.505314274332804
2021-09-08,2.8184075956954153,5.119728793210084,5.91226702253115,6.043664172749199,4.828212291727185,4.510316666119936
2021-09-09,2.8111082252251895,5.124142527625058,5.908820726928555,6.039374691314405,4.840240136954126,4.489784320217639
2021-09-10,2.8241055805785304,5.119071032460632,5.901201985645192,6.0314586110976975,4.831384518113393,4.475043895527878
2021-09-13,2.8318236046169134,5.122415194304351,5.900511362653777,6.034014710569642,4.837431044636246,4.481788008256948
2021-09-14,2.8313109187781427,5.128833101940354,5.897664152297465,6.02860364503568,4.849481064673484,4.480012709115038
2021-09-15,2.847587991071373,5.122951573230263,5.905071847439187,6.0369214381781715,4.845967354943718,4.483187364560699
2021-09-16,2.840499287256372,5.100049330482444,5.905759079742388,6.035335258704548,4.841374436144562,4.484025918803868
2021-09-17,2.8323361400390454,5.098463030549953,5.893846301103841,6.025546372755502,4.836559433076677,4.475043895527878
2021-09-20,2.8204833486563508,5.105581786206994,5.8729665056059135,6.008731526967162,4.848885530551962,4.468915973641105
2021-09-21,2.821519611588225,5.112228682749597,5.8741963248963005,6.007786533169163,4.848024269077947,4.469388862520159
2021-09-22,2.8328483006652467,5.108487683194635,5.883493493305187,6.017494052078005,4.85397089504958,4.47907696892559
2021-09-23,2.8480924015222358,5.0968741169512155,5.892678071362351,6.029570747821377,4.831114925056087,4.477109293924072
2021-09-24,2.852620792720137,5.095589018664465,5.893616045645036,6.031216609102951,4.821293117609275,4.466359378817403
2021-09-27,2.8660839961064886,5.097668889331355,5.885601891238703,6.028351686205171,4.817610605465367,4.452817675370686
2021-09-28,2.8581276551910624,5.087904948419755,5.85689597826975,6.007993824044784,4.801911106334638,4.4460261846037925
2021-09-29,2.8591256529344427,5.083390015406969,5.855255010909417,6.0096756285949136,4.803645007483374,4.453494392152267
2021-09-30,2.8655884732586703,5.101206999713983,5.851574567666799,5.99737811873428,4.803505740247781,4.436832971447834
2021-10-01,2.8788793648305684,5.103457510806087,5.8577571833652895,6.0091919965403,4.811886888802101,4.450882167628766
2021-10-04,2.894887578554316,5.10812491906456,5.836544184859685,5.996212322286031,4.809337768961858,4.451075771362585
2021-10-05,2.9073219012368687,5.103457510806087,5.849952875385964,6.006563378060973,4.799634290745833,4.444174896975668
2021-10-06,2.8905469007405413,5.1061272681586205,5.856340089353766,6.010710896687459,4.805259553787356,4.453687757175694
2021-10-07,2.903035187036882,5.100841584290576,5.865473450207247,6.019319358251825,4.7947470441902,4.456389001150322
2021-10-08,2.9063708848629326,5.101267858334363,5.860474304303531,6.017494052078005,4.787723776610441,4.4469021036996965
2021-10-11,2.9130090843168883,5.099378492760228,5.852774871293792,6.010227989810792,4.785183350309152,4.449427740095214
2021-10-12,2.9130090843168883,5.103882764110711,5.8492812452782825,6.007763564917441,4.802138252423602,4.462440560856546
2021-10-13,2.91866420917399,5.121520498545183,5.85725726694324,6.011354534635327,4.811817518910269,4.46969258222381
2021-10-14,2.928949414484065,5.123963979403259,5.875506370118227,6.028035085341158,4.815526393988908,4.481788698757627
2021-10-15,2.93728670454747,5.107943487638404,5.8817871710491465,6.035622256121096,4.80968250861174,4.4810368928057445
2021-10-18,2.9312722812339933,5.105460496736015,5.891792742155524,6.038578255075106,4.814360271528972,4.483571878959175
2021-10-19,2.9335898662578552,5.108669015922424,5.899331824212457,6.046263697461438,4.800469829754742,4.484040386803882
2021-10-20,2.9446397325544265,5.117394794097893,5.898025837361692,6.050183560172293,4.793696829301696,4.499663090441908
2021-10-21,2.929414521597809,5.1164956847957335,5.904114339861423,6.052788530816626,4.792504576111997,4.501045969734841
2021-10-22,2.9340526176931627,5.1225940192484885,5.895676447026644,6.051751695281629,4.8034575615315145,4.505734197156452
2021-10-25,2.9391300113110734,5.129484384578105,5.905862227755847,6.057100216821638,4.801929655922323,4.508938912551577
2021-10-26,2.940510265010333,5.122057357452936,5.909006083318588,6.058000117233455,4.810164621352836,4.511677612978833
2021-10-27,2.921948263435879,5.124677981093301,5.911324400961479,6.053559895813644,4.828195993554372,4.503163094184102
2021-10-28,2.9270871261913136,5.124440067430692,5.922368455485143,6.0631623852084635,4.824805699235793,4.517041880201102
2021-10-29,2.921948263435879,5.115895768128992,5.927275411542746,6.065189521166205,4.827857578590233,4.505734197156452
2021-11-01,2.929414521597809,5.1211027726264104,5.930688308192177,6.066908378270003,4.820631349079347,4.51067420405365
2021-11-02,2.932199919237855,5.118951459487524,5.934860932520907,6.070943154338086,4.825059791732402,4.515408420370388
2021-11-03,2.9063708848629326,5.110601311210201,5.94542068849552,6.077029744402879,4.814672843093526,4.518763345911367
2021-11-04,2.900167029637888,5.12187843650594,5.958157806037803,6.081731485802089,4.825128004176349,4.509213053180381
2021-11-05,2.9139539150271894,5.134856795832887,5.95911153631908,6.085194888537939,4.8399734037091315,4.514317935085772
2021-11-08,2.9200729818202413,5.138441980679788,5.957755921577725,6.086048283473042,4.838096237608447,4.513499310932034
2021-11-09,2.928018754876714,5.143357987313984,5.95084884285221,6.082737365758843,4.8510300747950215,4.515226713646293
2021-11-10,2.9153692310068378,5.1541582355985565,5.936042788973326,6.074659957072455,4.832578251925686,4.510582797885414
2021-11-11,2.922416637495164,5.159744688641296,5.938811573764496,6.074983472668479,4.831092831025902,4.51222440392055
2021-11-12,2.9210109594467437,5.161638150139187,5.949279300020073,6.082501959172625,4.8266904722780355,4.511495310800068
2021-11-15,2.921479875335998,5.160089205214881,5.9490512736707,6.082844325115433,4.814054041073956,4.51849189449944
2021-11-16,2.9200729818202413,5.152829049210403,5.956146766676321,6.0867944244278265,4.811508212105679,4.5118598819295705
2021-11-17,2.9111170519210807,5.161924741642482,5.956674986986414,6.084362109305939,4.8194013984328015,4.514954300379911
2021-11-18,2.914425944105992,5.15871042619753,5.966983118652829,6.08775289159717,4.823154148216048,4.515135806160375
2021-11-19,2.8982505195248396,5.151034717934613,5.972543301605437,6.08596304615926,4.833657162793334,4.509213053180381
2021-11-22,2.9054189631958374,5.128359101291492,5.960865877151372,6.083143973219133,4.821860157387487,4.504265889408609
2021-11-23,2.923352420426132,5.119669047823014,5.956298110361562,6.084469173104316,4.807295192855729,4.512315409013256
2021-11-24,2.9196035085080903,5.1187120880309065,5.959512876457,6.087135254843101,4.8232228588481805,4.5243601055597225
2021-11-26,2.8581276551910624,5.117095241778237,5.940372166694996,6.06457962756462,4.848178056074046,4.496150538389765
2021-11-29,2.8581276551910624,5.115715741241682,5.961842413545866,6.076771623531884,4.840107201462024,4.50353079958535
2021-11-30,2.8302847578858645,5.1089711948171175,5.947047182111161,6.0571220794082805,4.855195025782871,4.484415362231456
2021-12-01,2.821519611588225,5.112951201607514,5.929888024891205,6.045952862438541,4.861344915195402,4.467789230208111
2021-12-02,2.8302847578858645,5.107398995772113,5.93706915292884,6.06115297741905,4.8625913169034325,4.497353551884321
2021-12-03,2.8313109187781427,5.115775814853853,5.919527549484014,6.052413679684222,4.874452743306134,4.494018840469545
2021-12-06,2.8485966681556927,5.113312219468781,5.92750861990148,6.064187392063386,4.8606225661900435,4.5114042310402365
2021-12-07,2.863604358136275,5.1168554255301135,5.957177978906462,6.08466123351656,4.852509847082378,4.52570952070735
2021-12-08,2.876921471557687,5.117394794097893,5.9616421519318505,6.087305799801904,4.835074219886242,4.532875261839706
2021-12-09,2.8616164075284187,5.1112646648139926,5.946818646153384,6.080531216643724,4.840651799162611,4.518310664033953
2021-12-10,2.8729941473108562,5.115475685499239,5.957630368608865,6.08990066216499,4.838235967416433,4.521385049942987
2021-12-13,2.8680630939416307,5.117993812416755,5.943078239670898,6.081002902851084,4.85290725961754,4.530731172436386
2021-12-14,2.8591256529344427,5.108608606077113,5.932673960575086,6.074099084455992,4.850520949150157,4.517857860397661
2021-12-15,2.8641007561057306,5.1128909580656305,5.955215439748147,6.089603239652822,4.840853136562032,4.531803914930554
2021-12-16,2.870038498964673,5.12491592890617,5.929164485546227,6.080745596299469,4.841241530863238,4.531446297685666
2021-12-17,2.8581276551910624,5.122772812219981,5.924162771592945,6.070045451252681,4.852509727930238,4.530194163754145
2021-12-20,2.8511135328495425,5.118532567489065,5.914415065171433,6.059355401685184,4.844989833038203,4.522377691286505
2021-12-21,2.8720099015272536,5.118113591305618,5.936548526174667,6.076958513901542,4.841174830577272,4.533589183806912
2021-12-22,2.8837573925096542,5.127469710105725,5.948653595485034,6.086907538915378,4.845791036067576,4.543793652681318
2021-12-23,2.8890959878502986,5.1297211915969365,5.956164470723768,6.093110385326616,4.837076259416258,4.542733783277673
2021-12-27,2.9016021890181176,5.132085642073765,5.972556519233212,6.107163231565822,4.839497124248213,4.559567616395585
2021-12-28,2.899688115117913,5.12776626173374,5.967910975962702,6.106345766430322,4.835526190309481,4.56324529493694
2021-12-29,2.9044661345104017,5.127469710105725,5.96776137977643,6.107624290569294,4.8245416171457105,4.569952223832718
2021-12-30,2.899688115117913,5.134621291849908,5.964768664739778,6.10485583236248,4.832892411520371,4.574283326365284
2021-12-31,2.894887578554316,5.141429650282459,5.958504571768694,6.102332315649972,4.834851765979863,4.5770455202862275
2022-01-03,2.8987299126964827,5.125926349308759,5.968085385451707,6.108105641392399,4.808251027359437,4.569170403112073
2022-01-04,2.9106433541541277,5.1332658641119275,5.955030067207556,6.107770798410494,4.804084204119616,4.567953408438186
2022-01-05,2.9063708848629326,5.130253667059717,5.923827153901437,6.088381711388018,4.798641070546212,4.538917224031168
2022-01-06,2.9148977504784623,5.1179339632795084,5.923124048490367,6.087442076206708,4.801226912605525,4.5398124817554
2022-01-07,2.916782649899724,5.122474775851791,5.912232337511591,6.083480622109876,4.794012704410086,4.533169402364981
2022-01-10,2.9125363858068374,5.125510369475787,5.9128902394144855,6.0822354231762175,4.796470087403349,4.52738901188191
2022-01-11,2.9317362077999536,5.137502826612432,5.9278006433810715,6.0913024943109075,4.803109229189403,4.528927532989637
2022-01-12,2.9395903075877534,5.140141963754844,5.931758163745431,6.094002433601565,4.799271240350872,4.530102715295198
2022-01-13,2.928949414484065,5.136739192413546,5.9064239109256444,6.080127943923462,4.80811208875734,4.52811328759667
2022-01-14,2.9418886162349143,5.133855363262989,5.912627262674772,6.080536869822267,4.792887228177535,4.519019921621759
2022-01-18,2.949663689008424,5.132203744995058,5.887417882189988,6.062668635788227,4.778712896112289,4.508458985539666
2022-01-19,2.955115635684297,5.147959495600192,5.8763736165992375,6.052230760462362,4.785612511294557,4.494888574823311
2022-01-20,2.9514842427461323,5.145457484345788,5.863300022389803,6.041101070485562,4.791760547128322,4.481985385726377
2022-01-21,2.9523934276027877,5.142189712431978,5.835179646157998,6.021275309839722,4.8035970857267065,4.479517828336003
2022-01-24,2.950119063399981,5.147668873113075,5.83974711008897,6.025512895361221,4.795347375052741,4.4814165360889815
2022-01-25,2.9591853507992036,5.150860907690051,5.816292754249363,6.013228771134684,4.793731580448109,4.4774248954267355
2022-01-26,2.961439112574528,5.134562339785737,5.814726949810527,6.010716883837985,4.781563778705394,4.461684189168402
2022-01-27,2.9663796792600263,5.12158022446514,5.80460518316758,6.005766538941623,4.799760218778285,4.4450032784993825
2022-01-28,2.9672752315527946,5.118592472127474,5.835492510010818,6.030298727390225,4.800109593878265,4.476853271409345
2022-01-31,2.9708498331482653,5.124499528458704,5.8669701309051545,6.0481495339780045,4.794926348276873,4.489070036767335
2022-02-01,2.9748561427841125,5.125332065334523,5.873750564624625,6.054883829842435,4.791601379499972,4.485486560717503
2022-02-02,2.9788463689371327,5.128951499224477,5.8818431901433295,6.064550835760213,4.7949821336279825,4.498158663528528
2022-02-03,2.9810563974481945,5.127529081768914,5.840454719735631,6.040765241741847,4.787145753470942,4.487468218899201
2022-02-04,2.988971955701023,5.129069972855896,5.852990539941704,6.045456539718575,4.772293842440445,4.477519989866986
2022-02-07,2.9911596478226956,5.1364452902094735,5.844913585864478,6.0422418277986445,4.772941088730243,4.476090626348669
2022-02-08,2.9823800159298863,5.139497498155551,5.856086182721128,6.050436048332947,4.7662329356838296,4.471407443362033
2022-02-09,2.9924699694965837,5.142890912430949,5.877055444375836,6.064966250967085,4.768112670793183,4.493765235054503
2022-02-10,2.987218349539239,5.139087126663418,5.854162802281912,6.046837220835925,4.752092459095186,4.469873232469092
2022-02-11,3.002026889211408,5.15796273452898,5.821927405902652,6.026921516403599,4.76681155234781,4.4607160582030385
2022-02-14,3.007201701278577,5.163299186306162,5.823165701401186,6.0236467871414385,4.754292112081633,4.451572204753872
2022-02-15,2.9907225879569834,5.153753925935923,5.847725418329445,6.0396450458375055,4.7428745213692896,4.4605225487219915
2022-02-16,2.9920334820697696,5.163985657243261,5.847472839048316,6.040765241741847,4.748783979915759,4.465160509377094
2022-02-17,3.0002961421030827,5.177561165412237,5.81727763039404,6.0191722867697735,4.756195061852865,4.454499606402683
2022-02-18,3.004186426517136,5.176827441392505,5.805806589649614,6.012676272783109,4.766666669901292,4.448439989847374
2022-02-22,3.0183223608968,5.178914300249401,5.7957119797056915,6.001886580535978,4.769267786636293,4.444806525003071
2022-02-23,3.027636602386184,5.183411400389675,5.769763055501276,5.98398855124329,4.755390422239711,4.428139387469365
2022-02-24,3.0318417043173236,5.176940376935848,5.8028154267710965,5.998925808796824,4.756048764174486,4.444806525003071
2022-02-25,3.0166194256171286,5.173604139659911,5.818203473937621,6.020749764802435,4.756779514140599,4.468625049005453
2022-02-28,3.033519026737745,5.183916133611155,5.821177794101339,6.018188087702161,4.778461183435206,4.453622152205743
2022-03-01,3.0729492022169844,5.201916565376909,5.805747982080916,6.002840482542664,4.789956747712095,4.448342000074465
2022-03-02,3.1050501166517095,5.191455700992392,5.8223882873347845,6.021069791284394,4.755176044350554,4.466894367177626
2022-03-03,3.1159113723109053,5.197391464837267,5.808000339446088,6.016078778554033,4.76531062536218,4.4750412017270484
2022-03-04,3.1571036561386854,5.213195073256316,5.793402445815371,6.007920954416659,4.782426752288025,4.479612723967532
2022-03-07,3.178712364001112,5.227948568526609,5.75582410550662,5.977998507406357,4.774768088160204,4.459650542285547
2022-03-08,3.1955978739375066,5.254939997895036,5.751164836425731,5.97038781441675,4.76465711884089,4.454791831449265
2022-03-09,3.1128202842077983,5.22477850262883,5.786530166892196,5.996845627198869,4.75480988701723,4.470065115771095
2022-03-10,3.100750828970903,5.227894869507308,5.775363533066926,5.992319894085061,4.740338317114648,4.472556253924808
2022-03-11,3.117838514290065,5.220842173483065,5.754406854370859,5.979523417570098,4.743679260695798,4.46458200515513
2022-03-14,3.088137159806664,5.205653698424923,5.7350156745237,5.972188148516687,4.720053581753442,4.456738114146625
2022-03-15,3.0632363435391565,5.186771088391242,5.765900217578735,5.993940270258025,4.7183061423925645,4.463423903828419
2022-03-16,3.054659575970551,5.19301237438673,5.802315936434374,6.0158721891247735,4.728066132101709,4.475232096034437
2022-03-17,3.1015337377408323,5.197889108339385,5.8143495967103656,6.0283053606319745,4.720584764222822,4.490574756316304
2022-03-18,3.1062195574805567,5.189060397631487,5.834610746619715,6.039198608898943,4.73272372098411,4.490574756316304
2022-03-21,3.1429348961749732,5.1966721526510335,5.831826631241018,6.0389063061917305,4.709294693351303,4.48444695534521
2022-03-22,3.140679270433543,5.189394962726791,5.851288727440937,6.050539686697719,4.696399897340945,4.486996849717545
2022-03-23,3.1652158243764434,5.2029621723028425,5.836813164659232,6.037577718823677,4.7180783487535365,4.475714078821374
2022-03-24,3.1552507861181054,5.210196309815951,5.858796603451185,6.052539578733879,4.71021475665999,4.482024476860111
2022-03-25,3.16264175606449,5.20609244927826,5.857962014976589,6.057411320729744,4.696244653888569,4.494433049383976
2022-03-28,3.118223497421217,5.187720931571439,5.873315853557704,6.064498994239092,4.7047578144476345,4.505014185319885
2022-03-29,3.1220652830228985,5.188167619639929,5.890379039908555,6.076794041011914,4.712281723559029,4.533932435849258
2022-03-30,3.13992626313504,5.1961739030191865,5.879272020327593,6.070600213247719,4.720053581753442,4.526667099577459
2022-03-31,3.1212981225634864,5.1965614238072355,5.866800064185532,6.055089102236292,4.722479273085577,4.5143777551310516
2022-04-01,3.127800303313964,5.190175207928333,5.864894775667386,6.057919379941317,4.726278646030621,4.533661056065763
2022-04-04,3.1466830027882664,5.195010269611018,5.885274541875335,6.066449318947154,4.719304741889477,4.528761113460938
2022-04-05,3.138418545340231,5.188725720564919,5.8628199633924885,6.053737482273605,4.696453171840673,4.523837456938088
2022-04-06,3.1304654317145086,5.1910661961846145,5.840869537389923,6.043687706888238,4.688326281219588,4.535650202422566
2022-04-07,3.133881621443576,5.194843937765065,5.843244415202204,6.0487141238185655,4.680765127311334,4.525663839828264
2022-04-08,3.1463089057052605,5.2010903575136815,5.829166666103429,6.046036666658927,4.6698751809619115,4.527304893977257
2022-04-11,3.138041260434049,5.206037563654531,5.805225138779199,6.028796596543449,4.653923801056764,4.516497884528317
2022-04-12,3.1674169187517487,5.21368499895629,5.8009919098947265,6.02508444799913,4.652542457867371,4.515023349929586
2022-04-13,3.1891646474317197,5.21846210824406,5.821115014612735,6.036473054028903,4.6545735654229174,4.52209909494771
2022-04-14,3.196666053150373,5.215153088806789,5.797982493300983,6.023942919083567,4.634324400341254,4.517786008915228
2022-04-18,3.2079896054633035,5.218245495088645,5.798750336613909,6.02435406392022,4.629343120409853,4.513731659671564
2022-04-19,3.1819678283892703,5.203017226976511,5.820855351525487,6.040367765247436,4.621824026922923,4.5352888856895115
2022-04-20,3.1830506586742136,5.207900233169604,5.806163305214158,6.039626215010132,4.641749844904978,4.551779662213302
2022-04-21,3.1816066242437993,5.204336289667243,5.785255011499624,6.024559425345238,4.634324400341254,4.544822172526113
2022-04-22,3.1622735020725985,5.194566628314843,5.7587200959555345,5.996736878791617,4.628010378877527,4.527122779213605
2022-04-25,3.1548797997822002,5.176432195794613,5.771484189065252,6.0025178123242515,4.637961731576105,4.5245683608049845
2022-04-26,3.1685155314434033,5.177956051181943,5.733008589838218,5.973129296667092,4.647978268452771,4.5079902630872315
2022-04-27,3.1754461075801306,5.17037032793931,5.731809484802123,5.9759370548843345,4.635069216156002,4.501375013551471
2022-04-28,3.1837718946781735,5.175754132728772,5.766709323296405,6.00088286947077,4.63655799889794,4.519623633612454
2022-04-29,3.176172926789751,5.175641149380931,5.720666918135041,5.963227113448202,4.623499929160135,4.472640314553216
2022-05-02,3.191313788747974,5.156926626477986,5.737224570212145,5.969228486559766,4.60601417482207,4.4481955329770635
2022-05-03,3.1772619672244646,5.159572385834902,5.738291911058343,5.973801924205527,4.612733143617744,4.460541240109723
2022-05-04,3.2079896054633035,5.169347002610336,5.771545029609714,6.003800408500324,4.618227872666935,4.47196658561596
2022-05-05,3.2026976880579348,5.165528583165647,5.719868423025674,5.9676105891724145,4.5904472362699185,4.4449365639683736
2022-05-06,3.20375839171763,5.1671830880851175,5.707814860991287,5.961623679943383,4.575602433663771,4.432996247302871
2022-05-09,3.15747381852346,5.152597740442571,5.6679021640965175,5.929082715569673,4.5843612251766075,4.387952720499529
2022-05-10,3.151534714779888,5.14411667478905,5.679977714979796,5.931390654044753,4.593389718473822,4.369564894049944
2022-05-11,3.1758094637410776,5.152250632793872,5.649870773563809,5.915377172066026,4.612478997979264,4.367429338691109
2022-05-12,3.1805222283363968,5.136797926623196,5.647503693070366,5.914332657027418,4.610611744199899,4.37520160106851
2022-05-13,3.194171857766956,5.128655298924384,5.683893509404491,5.937958852654505,4.595720619319009,4.401266791256816
2022-05-16,3.210449615764655,5.138148578576461,5.672234004110563,5.933893154147621,4.59468541974723,4.394943718529375
2022-05-17,3.1995089653433864,5.131849484490777,5.697805992155742,5.954254737977358,4.58252831609533,4.408473677631217
2022-05-18,3.177624664299847,5.132380828195621,5.647469471106706,5.913108178707331,4.603621670151185,4.379012299985875
2022-05-19,3.1902397954407857,5.146971105355882,5.642096651537055,5.90696468979158,4.60601417482207,4.3745648782187665
2022-05-20,3.1916714258144654,5.147668873113075,5.638984045613552,5.907401201880222,4.6173001465575805,4.3809122177077695
2022-05-23,3.1991541208113192,5.152308463006944,5.655474372010815,5.925938722340291,4.600709032171114,4.3924453270913615
2022-05-24,3.198443898042101,5.159802174732482,5.633983287147288,5.9182754360254615,4.6202493272772385,4.4008534015413945
2022-05-25,3.205523528584359,5.153753925935923,5.647881671002698,5.927071523197676,4.624195958924543,4.409293828163755
2022-05-26,3.2163989287152313,5.1519033162959955,5.675211894492931,5.946855901476362,4.619660186536264,4.4105233502560885
2022-05-27,3.2281923374621138,5.152424201678687,5.707330149632067,5.971108539491266,4.622098463193686,4.436992305318846
2022-05-31,3.2212718625982784,5.1424819314235215,5.704673496035757,5.965481860939648,4.600709032171114,4.424653182868645
2022-06-01,3.2261212418426166,5.148830768040938,5.697250158441552,5.957360348705392,4.599565059554145,4.41634175705215
2022-06-02,3.2486708882129864,5.161064808128919,5.724267425667867,5.976224803333745,4.600081270625518,4.429988575828534
2022-06-03,3.2580858274679554,5.150860907690051,5.6979037173436895,5.959677021804765,4.5979291432754605,4.4165452044355815
2022-06-06,3.262427099325768,5.146447459837186,5.701229270900851,5.962717419458829,4.579313323610478,4.41338581528849
2022-06-07,3.2690694662444395,5.152944727649355,5.709817996170346,5.9722639022802815,4.59005554125237,4.427072666565186
2022-06-08,3.2779672176615624,5.152019101865666,5.7025953485885585,5.9613319344862745,4.581155568070979,4.403743640571576
2022-06-09,3.2796063550237595,5.148830768040938,5.675445707814469,5.937261750784109,4.584480558062299,4.379751538074608
2022-06-10,3.2697313479718098,5.162153903269099,5.639538072587764,5.907837440560636,4.578259422599042,4.357331504380145
2022-06-13,3.2584205147242518,5.135386544444626,5.591926093648987,5.869129655922314,4.546377414780695,4.306049652040004
2022-06-14,3.2473186315809284,5.127351137241339,5.593739790778041,5.866111897469877,4.5336835919132294,4.2984060395675
2022-06-15,3.2479949143673235,5.14031764691795,5.618405060317688,5.880267499379231,4.552167893288966,4.321835340092586
2022-06-16,3.2523801927777636,5.151498093734086,5.577222285595294,5.84661145788698,4.560076155106619,4.295194116310785
2022-06-17,3.216050028201541,5.143241283590041,5.589308244139841,5.848764841121709,4.563293268802887,4.30274825910188
2022-06-21,3.2136036965862806,5.139497498155551,5.6142249123307195,5.873626797659294,4.546195665513908,4.3165635122333486
2022-06-22,3.1955978739375066,5.143474766490973,5.612765170938138,5.871812309144774,4.573324850569821,4.329191516525254
2022-06-23,3.1728982718789913,5.137326648192524,5.627548110344471,5.881566980494023,4.581506001750889,4.348011951093909
2022-06-24,3.182328981247243,5.136327687195578,5.6612380393001915,5.912866140218894,4.567566743448955,4.369065537070326
2022-06-27,3.180160580867688,5.135209992753721,5.653879493659762,5.909038974895402,4.559001213466682,4.367560936889488
2022-06-28,3.1920290133923506,5.1335606121467805,5.622938673419988,5.888394378742083,4.563650017146966,4.355333318530463
2022-06-29,3.174718839458438,5.132793960439922,5.623855320201968,5.887579653880709,4.579138011576728,4.34910813383346
2022-06-30,3.143310257359586,5.126698372741587,5.611374258870557,5.879422228900159,4.587881549896887,4.347244026078296
2022-07-01,3.1481784026175954,5.125866973063001,5.617953370807312,5.889943139046429,4.598095890396078,4.365084182431176
2022-07-05,3.0785715830705023,5.104429173382616,5.634928448510258,5.891830082008754,4.605922085247817,4.362277131348068
2022-07-06,3.063642927676568,5.088460155795212,5.64131992220375,5.895201436908211,4.588988637487794,4.360437141191855
2022-07-07,3.1042698715648926,5.089015055086482,5.662493282528724,5.91006776095411,4.580149606338101,4.363141581730449
2022-07-08,3.121681692278494,5.089446493323736,5.663746740335776,5.909244833363007,4.569011418474638,4.357834213586753
2022-07-11,3.1197620337784375,5.084071566798571,5.6421507489977545,5.8977553189830765,4.586109211699902,4.355659723889347
2022-07-12,3.073351768922741,5.080347917892588,5.632416008566133,5.8888672221743565,4.592033665080678,4.351733942557413
2022-07-13,3.0789720686964857,5.085124183856274,5.63035287374389,5.883601513113115,4.603434595639121,4.346914664194458
2022-07-14,3.0697220239763214,5.070977534594633,5.63391761927225,5.881170242665148,4.595242529438407,4.337870606123781
2022-07-15,3.08256845317282,5.068967058778276,5.6518939639287185,5.900094987626083,4.600854628194362,4.354679795971748
2022-07-18,3.101142445800564,5.0699100085677085,5.643395372186372,5.891803699819074,4.590381654698208,4.347573180808178
2022-07-19,3.1050501166517095,5.072294632400325,5.6736854274077615,5.918464547164278,4.584972616821036,4.373137912051271
2022-07-20,3.1042698715648926,5.062848123061114,5.689417399104297,5.924817358981542,4.587593444132829,4.370782105997736
2022-07-21,3.0873436009608377,5.076859919663379,5.703670265398738,5.934948931999749,4.60472208756011,4.378683956978525
2022-07-22,3.0753625274057286,5.079352560658874,5.685979677420913,5.92562765741296,4.621393314744307,4.383882287982445
2022-07-25,3.0932806478864148,5.076610256355238,5.680267490227894,5.926842038068526,4.611560324250892,4.385573536741235
2022-07-26,3.095251856274443,5.075423742037851,5.660423245454067,5.914940422228794,4.612326676536946,4.386629330139373
2022-07-27,3.117838514290065,5.085557209287637,5.7018140876438475,5.940575368346035,4.606692692768054,4.392625857794552
2022-07-28,3.118608332397393,5.097668889331355,5.711544831310827,5.9530394402276405,4.614622367061055,4.424522032960228
2022-07-29,3.123214837383271,5.100476035289924,5.729617429475626,5.967513227303903,4.611900795688878,4.429892124812235
2022-08-01,3.1027072955889965,5.1061272681586205,5.729014928961348,5.964547513703378,4.635699080223088,4.421775268925224
2022-08-02,3.097612360956096,5.100171278009718,5.726028905136387,5.957928245177253,4.614312154230949,4.408855984525044
2022-08-03,3.088930176297143,5.102606554077706,5.752897041341575,5.973466482625078,4.629934400673889,4.412049962837094
2022-08-04,3.0781711126331217,5.11901124776129,5.757562725272429,5.972790520068597,4.629599047264272,4.410505739356313
2022-08-05,3.074558850147152,5.107701466310547,5.749360524008462,5.971098962308693,4.605507577185397,4.413283682444998
2022-08-08,3.086549324791126,5.116135814601384,5.746122554582742,5.969937418882914,4.621520318697213,4.422182483295951
2022-08-09,3.0948580116947904,5.119190682398461,5.73473956436188,5.965958529681635,4.617625935686272,4.427666624354227
2022-08-10,3.1085541739567253,5.116675571339598,5.762268341142822,5.986745099768183,4.611072987693201,4.442743612777963
2022-08-11,3.127800303313964,5.114033864424734,5.756575980850244,5.986745099768183,4.587487528290321,4.440346769990983
2022-08-12,3.122448558647593,5.123189841247455,5.775859533711037,6.00353224673854,4.597577269409002,4.457400244191069
2022-08-15,3.1101074773492665,5.110239313157465,5.7839082805897215,6.007644511864978,4.596711661759756,4.461422600756281
2022-08-16,3.0987902690007902,5.108487683194635,5.781563386613515,6.009601532813458,4.60086068146475,4.458775566744885
2022-08-17,3.1027072955889965,5.10199833724753,5.770091830656833,6.002478046594948,4.590368336545504,4.452769073407913
2022-08-18,3.117838514290065,5.099378492760228,5.772493853077176,6.0053801829016065,4.591849048967636,4.446129947215068
2022-08-19,3.117453298451943,5.092030939802113,5.752804254950696,5.991851206354449,4.575615714181507,4.435534967109594
2022-08-22,3.126274261351361,5.08537163643428,5.726124209354387,5.970808800271486,4.5722483735588595,4.413489139080022
2022-08-23,3.1425593116970654,5.092338187651861,5.725297008327634,5.968386566576713,4.566729856732635,4.400565761896004
2022-08-24,3.153022800827206,5.09528276815654,5.728190116672992,5.97158276781462,4.559384335370036,4.406272734971
2022-08-25,3.1387956879561947,5.098340874515361,5.745717228736081,5.985601445404008,4.5732240292938,4.421061694220932
2022-08-26,3.1429348961749732,5.086113721313431,5.703865377306921,5.951166300498987,4.5807334000462925,4.3955583806829
2022-08-29,3.15747381852346,5.086731767838417,5.693961045813822,5.944532088554922,4.572425922328275,4.38652376297112
2022-08-30,3.1293241034619466,5.078356211701937,5.682762205700448,5.933493443146687,4.574907514415055,4.372602791788512
2022-08-31,3.108165364290943,5.070600902088961,5.6769316663055935,5.92585554761389,4.5653007761484785,4.367883472755534
2022-09-01,3.086549324791126,5.06177187861431,5.67736584771332,5.928988269827849,4.546822827826543,4.369709438880504
2022-09-02,3.0932806478864148,5.070538052337498,5.663137106212803,5.918387971311364,4.5524638132117685,4.355659723889347
2022-09-06,3.0873436009608377,5.064681474078142,5.655928746283522,5.914607708916562,4.527383486707255,4.364652646877807
2022-09-07,3.0632363435391565,5.074798760168257,5.675928860414399,5.932413060510469,4.543074723073923,4.38398794399645
2022-09-08,3.0672947650338878,5.0687783812707625,5.681099684382646,5.938928174060262,4.5327647830403075,4.386734886164375
2022-09-09,3.095251856274443,5.074048227774239,5.702726517753075,5.954343976963262,4.534983010076869,4.397543591560998
2022-09-12,3.1089426621891874,5.079103613967561,5.71454215054337,5.9650343417929825,4.526731879305569,4.407203317511888
2022-09-13,3.1038793922215127,5.066006885060912,5.6581443961567714,5.920578203006463,4.529056548765349,4.368206001320361
2022-09-14,3.108165364290943,5.062151850505601,5.666046466075083,5.924386753312404,4.532487178877283,4.356747657597571
2022-09-15,3.0785715830705023,5.043296048767982,5.6492524037293155,5.912968392741367,4.53183880758372,4.338092353591399
2022-09-16,3.0749606814103956,5.048829816395063,5.643118923096418,5.905310291143962,4.523468286047009,4.338203159068612
2022-09-19,3.0781711126331217,5.049599607163044,5.650876016297918,5.913035234985855,4.525800545821176,4.336762328007386
2022-09-20,3.076968386455587,5.04387667510775,5.642872886144016,5.901490606235728,4.515780411340755,4.312172292439416
2022-09-21,3.070933314983861,5.048508903428713,5.624804704021897,5.883892624060306,4.532394627028285,4.296245295610554
2022-09-22,3.0737543500528406,5.047931059239709,5.612420717183387,5.875457191916806,4.506513983274118,4.28345880080352
2022-09-23,3.039366867842519,5.030503242833035,5.596004873714052,5.8585604862690515,4.510590345500171,4.270078100036262
2022-09-26,3.015767102934973,5.018801828511237,5.591858401378025,5.84861866880118,4.49129489135649,4.241633088956284
2022-09-27,3.026371588147603,5.020849572198969,5.592259482322696,5.846062703092721,4.464611157835976,4.228226893092747
2022-09-28,3.053838899926366,5.041423130031147,5.6119563916713835,5.865547870196491,4.497544737513659,4.24875929322691
2022-09-29,3.0476622670611007,5.041229182859341,5.582704947989563,5.844437696465409,4.492355077274143,4.218936234904055
2022-09-30,3.035193357103291,5.0412938032115875,5.565602902922334,5.828853252792089,4.479360369956167,4.230099468124273
2022-10-03,3.057526739472167,5.065312809156952,5.58879231872514,5.854912151229884,4.4951249470398675,4.247779457721187
2022-10-04,3.0841627040043873,5.0795392537530635,5.619748837529751,5.885428262669641,4.492328174228491,4.267798542946961
2022-10-05,3.1019251339094684,5.073985594320087,5.619217166986062,5.883097519212257,4.482720612610364,4.2480246156622545
2022-10-06,3.108165364290943,5.0728586678647005,5.611313337865444,5.872728040761726,4.477147015278513,4.219818666846641
2022-10-07,3.118608332397393,5.061835281722011,5.572464149433692,5.844437696465409,4.467391592705393,4.195453805478422
2022-10-10,3.1073875470227477,5.046517078504855,5.562417395526738,5.836773000416864,4.451723248141061,4.18598231403151
2022-10-11,3.0928859395000097,5.044456866173915,5.548584239091135,5.83041996536998,4.456139307068545,4.196099265286377
2022-10-12,3.0928859395000097,5.049791937845624,5.548241550050634,5.8271158519222555,4.461034143440136,4.185591242797718
2022-10-13,3.1066089535668175,5.04284432675851,5.571422967650063,5.853164898707122,4.451421761365964,4.203684119975734
2022-10-14,3.086549324791126,5.030307165965487,5.540904689800215,5.830112592823298,4.443136547724827,4.178523928226422
2022-10-17,3.0841627040043873,5.033179246596235,5.573392649762612,5.855484742435746,4.438255425170488,4.215524531721144
2022-10-18,3.073351768922741,5.035327906686628,5.581269489888841,5.8671659137806715,4.440597470088281,4.226350470648838
2022-10-19,3.0729492022169844,5.021838980698289,5.577616122764415,5.860054142297496,4.422223708630153,4.201119330039279
2022-10-20,3.0737543500528406,5.02025551732298,5.572500804900726,5.851633533438765,4.404982890786176,4.196744193964431
2022-10-21,3.0749606814103956,5.037926114737506,5.595678285190022,5.875644553059039,4.386795632782088,4.204580221844712
2022-10-24,3.0777703060429333,5.034677248852994,5.606619647957549,5.8878067334551325,4.378496871887613,4.20445220763086
2022-10-25,3.083365896293034,5.0369526024136295,5.627094382106062,5.903649069394693,4.407193645842736,4.2429885789798325
2022-10-26,3.1019251339094684,5.043296048767982,5.604750002989852,5.8960864404971725,4.421498444423131,4.242372694850942
2022-10-27,3.1034889315950105,5.0417463246206236,5.58637641261407,5.89073214660125,4.431914737873981,4.243850377108524
2022-10-28,3.0917008787107383,5.031483150519445,5.616518158187181,5.914244225535414,4.425017113733474,4.265633780834022
2022-10-31,3.08456086989802,5.02328826432667,5.604822331284869,5.906994742937499,4.417863384128215,4.264549908053311
2022-11-01,3.0995749714967182,5.033439990499467,5.5945520855780915,5.902609319281062,4.427165470089525,4.26418839167161
2022-11-02,3.1085541739567253,5.026443020296575,5.559673456023237,5.877192900262614,4.422815974852396,4.236317026290738
2022-11-03,3.1077765739112704,5.0226297228626375,5.539945514330053,5.8668424971573225,4.4174042394168165,4.234952235662323
2022-11-04,3.1410555615569846,5.052864306115481,5.555902326230483,5.881133013799586,4.400461281327235,4.248514642321552
2022-11-07,3.1323648386867085,5.048894045376102,5.566837057752193,5.89065324853797,4.390434355350635,4.248514642321552
2022-11-08,3.1201462772408983,5.071730374316789,5.574097840427038,5.896034235271199,4.40130982337066,4.251571255776319
2022-11-09,3.096826116276327,5.066700479557627,5.550751129349023,5.875216835077002,4.404591827367906,4.2412631905588745
2022-11-10,3.1058298388557986,5.09669063256162,5.621944129096765,5.928714221117915,4.4423435201507795,4.3118581797614155
2022-11-11,3.1247456355518706,5.103275230508737,5.640202586764862,5.93834608250778,4.438672746517943,4.311743290731252
2022-11-14,3.1097193563646517,5.105460496736015,5.631412805731529,5.929802824769049,4.436218056781618,4.287070853732782
2022-11-15,3.1212981225634864,5.1089711948171175,5.6451562374797035,5.938295876623415,4.45226914465401,4.2978529343781116
2022-11-16,3.1101074773492665,5.1066724527219005,5.631412805731529,5.930637716356877,4.4739014207252055,4.288719262059559
2022-11-17,3.0932806478864148,5.099378492760228,5.629203372282254,5.927573440050598,4.463293345522675,4.281873163932602
2022-11-18,3.0861519500029417,5.0924609853779135,5.629238553874898,5.932103436607944,4.456392276863999,4.294466657801252
2022-11-21,3.08256845317282,5.086855350170826,5.618898073218505,5.928460817626993,4.460598370110112,4.299715760264095
2022-11-22,3.0928859395000097,5.088028385861727,5.633197826187132,5.941827947848087,4.474690337323326,4.305169405135227
2022-11-23,3.0789720686964857,5.094240889179006,5.643184746093862,5.948109806240421,4.491981786250764,4.305978960318392
2022-11-25,3.070125980202594,5.095098991519979,5.636584495814672,5.94788605549654,4.488586220207249,4.3123179106903855
2022-11-28,3.0640494356402743,5.0871640978546075,5.621802475316804,5.931800276575264,4.491400644240823,4.285183880396475
2022-11-29,3.076968386455587,5.092092359417616,5.614204218513764,5.930081280545346,4.4796053713917585,4.301575742622588
2022-11-30,3.0991827402158973,5.104793280432629,5.658781554719466,5.961096023056711,4.486932964716021,4.324195710454935
2022-12-01,3.0940696840179482,5.123011122828936,5.660007894374168,5.960359936309376,4.518379066167627,4.322036368620021
2022-12-02,3.083365896293034,5.119549455111312,5.656016672733531,5.959205622253807,4.530876144935833,4.3190734650889056
2022-12-05,3.0571176604591557,5.102241649808592,5.639090621451369,5.941052340599796,4.516770377755912,4.300646132158565
2022-12-06,3.0410314436839614,5.104975284254471,5.618152644666445,5.926532719468881,4.529567919785379,4.291186373131611
2022-12-07,3.036029472189847,5.113973777811009,5.614061909110071,5.9248301625625,4.552857406230175,4.293179119778327
2022-12-08,3.034356450589081,5.1148151203387915,5.625827201642349,5.932633583782738,4.550112781112097,4.300181106160882
2022-12-09,3.035611410393529,5.118353014713811,5.619429802718555,5.9251352796606875,4.523754032925232,4.2983190440449155
2022-12-12,3.046422258507445,5.11005817288031,5.631903165149654,5.9394497336219585,4.526946488906488,4.305978960318392
2022-12-13,3.0628295940238415,5.126995062614005,5.642595859980248,5.946991030122389,4.536556314588386,4.32430927882372
2022-12-14,3.0705297733141235,5.124559076723407,5.635154548601209,5.940576813330423,4.5408183336247365,4.3174743805318565
2022-12-15,3.0583443958033016,5.108064476340505,5.60100154639014,5.915811097966325,4.54471235743557,4.304011582910874
2022-12-16,3.045594791565482,5.116735495835665,5.5914211923577275,5.903934569759338,4.533478947785742,4.277837710097609
2022-12-19,3.043719303175031,5.113913687586666,5.5772678872283254,5.895418897937746,4.516531064486324,4.26503169094883
2022-12-20,3.0482979371906285,5.130371986528106,5.576488910482532,5.896786415443947,4.498614362593028,4.262499226750287
2022-12-21,3.061089367783743,5.128714600240991,5.590890868295444,5.911628129698928,4.501124790965496,4.2710363386905215
2022-12-22,3.0482979371906285,5.116555620072058,5.5661217066494375,5.897259248335931,4.500931748355989,4.266826280062922
2022-12-23,3.0664053148977,5.119549455111312,5.568368148780633,5.902995059695888,4.486162846566409,4.275688124761223
2022-12-27,3.07533751584008,5.127944132414083,5.554129214273984,5.899043751327271,4.466191769126681,4.275325626434087
2022-12-28,3.0639552844636113,5.123428143381331,5.540838602324797,5.886537880330846,4.460282615500049,4.258131131985628
2022-12-29,3.062728103757812,5.129010782979137,5.564921498562766,5.904378066312692,4.471569821258485,4.279788971698241
2022-12-30,3.0716931520829855,5.133678541008467,5.564320561527206,5.901740587697087,4.4603832339774865,4.272540821568957
2023-01-03,3.0474669502009815,5.142014357880414,5.557537726461911,5.897521855327472,4.479287428908638,4.273510098111973
2023-01-04,3.02943339366593,5.1513822478199796,5.562290607665393,5.90521240885669,4.492894095922357,4.295907845160318
2023-01-05,3.024342062261821,5.138852616952492,5.546512412312063,5.893733325236519,4.497066364872311,4.268653438488589
2023-01-06,3.0298563499076963,5.157387280763691,5.573739804275231,5.91640661639323,4.515295744389166,4.295196924808822
2023-01-09,3.041631171992766,5.159629881831671,5.580192204332311,5.9158394052531165,4.520605902309961,4.2955525001511985
2023-01-10,3.041631171992766,5.163299186306162,5.5886207790315705,5.922827714221511,4.503917365308404,4.297801061836405
2023-01-11,3.0594480314260637,5.162612156420157,5.60577334345703,5.935396317824854,4.520038090072209,4.332994303275398
2023-01-12,3.0676280827918077,5.174113759633388,5.611163027863336,5.9390306102733055,4.539529332244703,4.345583174052985
2023-01-13,3.077356682324684,5.1860440933359815,5.618020427901465,5.9429025368411095,4.530112255273339,4.339365179238113
2023-01-17,3.084190812979218,5.179477502045358,5.620046976112857,5.941068949870201,4.52362772499444,4.34219620809525
2023-01-18,3.0733145288169785,5.1766016182042085,5.60696173477113,5.925155090299515,4.547570022405314,4.327501189784549
2023-01-19,3.083389222680434,5.192345549581679,5.597088582563593,5.917848573325536,4.541290627374518,4.321977431445615
2023-01-20,3.0893855896017017,5.189004569160366,5.624088013629428,5.936306210564897,4.524946715263625,4.3337929610282435
2023-01-23,3.0917741739721545,5.190899206963356,5.64606061942684,5.9482332939345905,4.520227562759324,4.3383438404189105
2023-01-24,3.086192025641359,5.194511191051296,5.644016509408097,5.947159396880298,4.534505516388162,4.340838242891557
2023-01-25,3.083389222680434,5.199104584846505,5.641794733968646,5.947534072676299,4.536927465762975,4.34129100355448
2023-01-26,3.0877899954972334,5.1900080698428965,5.661104498103808,5.958464593769993,4.53226464614038,4.3524342854218885
2023-01-27,3.0765495049089067,5.188614108267273,5.671009646588972,5.96075959573468,4.529737413709839,4.36356531818768
2023-01-30,3.0635465103552377,5.1860440933359815,5.65058381889955,5.948133469257074,4.526076296385357,4.350753897290675
2023-01-31,3.080578541930009,5.189673709843251,5.665458738655898,5.962729903902839,4.5340388536496565,4.371503453577966
2023-02-01,3.061499415228967,5.202191844371638,5.686616736362748,5.973301400019504,4.545988385718911,4.377634679925986
2023-02-02,3.054094961252923,5.181221560363101,5.721877652634509,5.987753752159756,4.547281785601024,4.400083337509384
2023-02-03,3.028586667272564,5.155947063961873,5.703945221828828,5.977067428343869,4.532213108636289,4.381121187954422
2023-02-06,3.031547032307997,5.158020323146114,5.695450229950681,5.970937537942724,4.524781698884383,4.373807083028066
2023-02-07,3.0503721176776133,5.158940325522199,5.715957306928931,5.983931284093906,4.516723619894738,4.371613316524051
2023-02-08,3.052442004843493,5.161408870277707,5.698016370866847,5.972936334755954,4.521471409314416,4.366880503635367
2023-02-09,3.04455322730592,5.153464982813693,5.689139141018748,5.964229415579418,4.511953097647014,4.355898315302392
2023-02-10,3.05862644145026,5.155370360748821,5.682554203927631,5.966560284161049,4.500700302110209,4.359350191981709
2023-02-13,3.056569239264582,5.15028126294987,5.698443234038215,5.978230851866995,4.509079771765294,4.368203680646786
2023-02-14,3.0598586628675752,5.151034717934613,5.7058054717760855,5.977770595021326,4.506775151896572,4.36023900825063
2023-02-15,3.0491281438054463,5.141020071087213,5.713437053497288,5.9810126241088755,4.497406662670161,4.364228982688763
2023-02-16,3.046219264190997,5.140200498450899,5.694494376667565,5.967148153106197,4.483136768625473,4.35444718782813
2023-02-17,3.038700461886963,5.143182837523048,5.687413885701424,5.964646810455958,4.490883571310092,4.350529625480568
2023-02-21,3.039957467199367,5.139438832862494,5.663454043717859,5.944381992441549,4.471254459611679,4.330251468094632
2023-02-22,3.0268909681673093,5.133796455964578,5.664201817173439,5.9430029651189455,4.4803768375260224,4.321169378673978
2023-02-23,3.0344987511844193,5.1332658641119275,5.672898133020476,5.9483080961598125,4.490101768008576,4.328648041694403
2023-02-24,3.031124698646444,5.126045181862002,5.656012297935165,5.937568332570744,4.4770156347538865,4.310954568617662
2023-02-27,3.031969187679124,5.12995785226813,5.663147700666543,5.940968648146484,4.479784499352179,4.312469948692613
2023-02-28,3.0349197542731323,5.134503474119911,5.661854242056013,5.9372654557744164,4.4843177357851145,4.311071083997056
2023-03-01,3.0520284060818357,5.140259029720845,5.653782503037032,5.933422456520683,4.473516215171689,4.298391938304255
2023-03-02,3.0482979371906285,5.139673294566949,5.662024381664247,5.9411696426809515,4.464609665098866,4.310020624189892
2023-03-03,3.0639552844636113,5.150339295622812,5.682487492897758,5.957080227635678,4.4885470418200315,4.325088349514855
2023-03-06,3.0590373208144204,5.145282701927672,5.683621286991185,5.957772571353287,4.480762952331011,4.321169378673978
2023-03-07,3.0382810478159694,5.127647633537036,5.67127954372701,5.942324998638258,4.48687680436808,4.297564592702333
2023-03-08,3.032813056047683,5.1271730705087535,5.676261428356493,5.9439559710215715,4.4878594985508125,4.308969162352015
2023-03-09,3.0205066661880027,5.1369741982088515,5.658783789275611,5.925333775939941,4.4903119746186535,4.285789292170059
2023-03-10,3.031124698646444,5.1583078654565755,5.644640822520689,5.9107990424381,4.524216501621783,4.252085829706184
2023-03-13,3.024767362222838,5.1809967274031345,5.6520293834804445,5.90937280046578,4.52648717972219,4.26511755753868
2023-03-14,3.0119302360484337,5.175188829421773,5.674749444613308,5.925767884880719,4.509908817858668,4.274720958051107
2023-03-15,2.9883997386382397,5.182962667858916,5.679981673654566,5.919493935261489,4.529035061013511,4.2739945967941795
2023-03-16,2.9914814991757455,5.184980722224986,5.706000979564029,5.936886992596227,4.521181441273168,4.271813087399399
2023-03-17,2.9883997386382397,5.21368499895629,5.701263537380456,5.925125251903775,4.5360789994702735,4.248863129169701
2023-03-20,2.9923601239060753,5.214065794180355,5.704806222095057,5.934695004181141,4.527242625676656,4.260219866286676
2023-03-21,2.995867400074626,5.195010269611018,5.718987738314046,5.947740128379105,4.518613362101102,4.255791145976723
2023-03-22,2.998489736870888,5.2118876518586665,5.705296322513477,5.930546579733935,4.531858675326946,4.217718920585523
2023-03-23,2.995867400074626,5.2243478759223425,5.717084719466105,5.933246342654608,4.531858675326946,4.211423411195146
2023-03-24,3.000669729302879,5.213031739031178,5.720758634199174,5.9397868983096105,4.5360789994702735,4.236744671785653
2023-03-27,3.019224769647406,5.203731907285661,5.713883569109158,5.941655072419317,4.512307706971111,4.235601632232299
2023-03-28,3.023916674060869,5.2118876518586665,5.708557534568142,5.939407861339406,4.514127004999569,4.233184470909625
2023-03-29,3.0175132940059664,5.206914536387008,5.726627340658648,5.953838210454086,4.512116057712277,4.255105253402255
2023-03-30,3.024767362222838,5.215913500526586,5.736048143785095,5.95967631298163,4.516706783195468,4.268104572670149
2023-03-31,3.0340776625572112,5.210687623249562,5.752542120781837,5.973672545159533,4.531576549220782,4.289280998468826
2023-04-03,3.0503721176776133,5.217866205768773,5.750108726513891,5.977475941092706,4.5362687268180935,4.281301237651636
2023-04-04,3.0491281438054463,5.236335551463881,5.746729748232658,5.9719123065532465,4.541228003932103,4.279964941491885
2023-04-05,3.0528556127567503,5.235537308173797,5.736808141011686,5.969290580133553,4.551628674049408,4.274602465165797
2023-04-06,3.049957661748942,5.228377647798897,5.743527815574167,5.973183844592626,4.554211404672354,4.281422736081798
2023-04-10,3.049957661748942,5.220950246268831,5.7429614208928355,5.974209754696241,4.537955642833884,4.286024047929083
2023-04-11,3.0553328655150174,5.227250911561121,5.736523271264826,5.974478290081039,4.540013961089994,4.290243913656566
2023-04-12,3.0631373907801924,5.232124156855634,5.727650028038262,5.9703938920832496,4.538985127760336,4.285420038789678
2023-04-13,3.0631373907801924,5.245549307443616,5.747043094872796,5.983589150254885,4.531095864766819,4.282393244233761
2023-04-14,3.0643641586692434,5.227680290223717,5.745161345342138,5.9811434466920925,4.521906991509408,4.266750834020264
2023-04-17,3.060269125760116,5.22321658745924,5.7460086586220935,5.984725275374667,4.509940035329982,4.287352172329309
2023-04-18,3.0623187383750308,5.227089857259669,5.7460713615136285,5.9853774087233775,4.5134974713239515,4.285057268970397
2023-04-19,3.0482979371906285,5.222299883416911,5.745600750067545,5.985208446188633,4.512536817359582,4.290965570401032
2023-04-20,3.0395387626730663,5.226230407973898,5.7379470058013995,5.979736186912105,4.521050409534131,4.281058512994983
2023-04-21,3.037441783051836,5.216293531069446,5.738990007070667,5.980512920142225,4.515414763233345,4.281179829944418
2023-04-24,3.045386638082116,5.219328257087307,5.736903013955824,5.981555460674026,4.525042438738913,4.277409284911406
2023-04-25,3.031124698646444,5.224401683597868,5.717859260729129,5.965554444486023,4.539639799416676,4.267489425206194
2023-04-26,3.0157986972475506,5.218949460899031,5.723905485194501,5.961309682551997,4.528924815822414,4.257842982158681
2023-04-27,3.01708480365694,5.2190035598283115,5.750733014501216,5.981022338100439,4.518952394949113,4.280207931698231
2023-04-28,3.0264665706089824,5.2192741757214245,5.757608417335119,5.989521055136088,4.534954365247381,4.292407219092362
2023-05-01,3.0179414142841683,5.2147727074730295,5.756460663719564,5.988510970842745,4.505696106252336,4.28493610626434
2023-05-02,2.994991661997118,5.233885529172675,5.747700744982148,5.977208132196159,4.530310353734349,4.2678586232322
2023-05-03,2.9822078686365256,5.242328859566676,5.741135274880949,5.970320412177341,4.535876807448075,4.2639137878990345
2023-05-04,2.9861926106616394,5.2493371971461364,5.737599129607598,5.963212280808058,4.525949125279188,4.272155359794394
2023-05-05,3.0084789431829297,5.233565525133272,5.758630737205611,5.981555460674026,4.522617763977392,4.288678639852985
2023-05-08,3.013221417843731,5.23479167867581,5.761105466423814,5.981822185032395,4.508503946464218,4.282877882061798
2023-05-09,3.016227552051543,5.2418528521701315,5.754751930195969,5.977427120257078,4.50491998315125,4.278626963011285
2023-05-10,3.013221417843731,5.240423388129134,5.76557493833004,5.982088761255229,4.51457740786961,4.288196596331029
2023-05-11,2.995867400074626,5.231803588582854,5.768829842292098,5.980343133618863,4.525093603229082,4.277165507714931
2023-05-12,2.9879586833616756,5.230092044483543,5.765236638949273,5.9790320068031795,4.516689279395684,4.277043596827824
2023-05-15,2.999362418236747,5.232231017282936,5.770636789902116,5.9824760597483975,4.506277761418001,4.2753354942389254
2023-05-16,2.9883997386382397,5.2196528489522125,5.771768586818336,5.975770907144824,4.503268951109315,4.249983283187936
2023-05-17,3.0002341488157116,5.21618495381851,5.783799828943439,5.987836988527619,4.500348838375357,4.263419439854317
2023-05-18,2.991041705516275,5.203127159405103,5.8022028252901094,5.997423927525662,4.49291202121945,4.258588287431295
2023-05-19,2.9897216425468156,5.2129773160573905,5.799946966574509,5.995967941393578,4.485815691474803,4.256972630610608
2023-05-22,2.990601910069172,5.210633072548899,5.803299565213564,5.996373817836921,4.482248811432942,4.263048706359444
2023-05-23,2.994553600676325,5.211833083397028,5.790542168636258,5.985087521805649,4.485122912089581,4.253608771793646
2023-05-24,2.994991661997118,5.203731907285661,5.785399307077974,5.977816382744191,4.48016185181068,4.231909924241251
2023-05-25,2.979097351362989,5.1940673282388445,5.809440889053026,5.986438970053045,4.477671758156363,4.231782479928424
2023-05-26,2.994991661997118,5.1980549344888445,5.834670453443165,5.999306642148073,4.485716654114426,4.243196784354365
2023-05-30,2.971502920150994,5.204226406267166,5.839195196344743,5.999687330520492,4.495658048719476,4.24697245495381
2023-05-31,2.9602288781405637,5.2057634251097555,5.833492973234136,5.9941267869438,4.504337537460246,4.251985151780918
2023-06-01,2.9764235962048966,5.213630528487699,5.844978687170126,6.003582899999791,4.508253400121016,4.252110047371082
2023-06-02,2.9892811700460977,5.198773253067534,5.852450623542003,6.017940549101555,4.497234743466325,4.276189804220846
2023-06-05,2.986634445389913,5.20477561878867,5.853155173968477,6.016022426679814,4.4953699485567045,4.269210970825036
2023-06-06,2.9879586833616756,5.205873056072796,5.852986246302149,6.018197521484678,4.501246608766596,4.27874878677665
2023-06-07,2.9919209080385847,5.193789803313916,5.835875073313505,6.014733804769183,4.486291827937286,4.296958482535014
2023-06-08,2.993676710793605,5.206914536387008,5.848212072427508,6.020764212649616,4.497920629321388,4.29072518049811
2023-06-09,2.9875174334695154,5.204226406267166,5.852027602269406,6.022556644485586,4.496548046657034,4.28493610626434
2023-06-12,2.9737425754222797,5.203347155803151,5.868783241077462,6.031587908969389,4.499487403645565,4.285177996735161
2023-06-13,2.9870760849864726,5.195952322682309,5.876437814488998,6.038159010971388,4.489557387732419,4.291566344658679
2023-06-14,2.9892811700460977,5.196506097022524,5.883679269953239,6.039349310012154,4.497528849256197,4.295284192354374
2023-06-15,3.0102061255412687,5.203512079405559,5.895524461618295,6.051670739253387,4.5070887671967,4.300536983261722
2023-06-16,3.022639144141641,5.201971677644645,5.889211820693238,6.048258599464584,4.503197902326608,4.2998224103749
2023-06-20,3.013651379114021,5.191566996601156,5.8877793139852255,6.043056872861519,4.510093926576165,4.2879553302433795
2023-06-21,3.028162988907329,5.19011952667434,5.874057770079439,6.037920154707252,4.512511121438497,4.281907949778814
2023-06-22,3.0093428602178074,5.180153045977301,5.885787446240349,6.041523219647667,4.500367308332574,4.267489425206194
2023-06-23,2.998489736870888,5.182906497911244,5.875824770433886,6.033934645649014,4.510287725367819,4.253608771793646
2023-06-26,2.999798283535052,5.184644591287156,5.86232856212353,6.029840461591936,4.511351690920249,4.276433925347053
2023-06-27,2.983537880999568,5.180040472696677,5.879376485951457,6.040744035363259,4.508737962743829,4.288678639852985
2023-06-28,2.9804316012683425,5.177730396673184,5.881326299165415,6.0412482912902465,4.5129937094719565,4.290123586884032
2023-06-29,2.9808758913948723,5.1766580572413385,5.879321694068425,6.045181895425125,4.494780293430792,4.30123171169528
2023-06-30,2.9892811700460977,5.183299278930006,5.894624167298373,6.056913436548579,4.5065063206243785,4.3067521816175685
2023-07-03,2.9892811700460977,5.184420526707746,5.896976363661615,6.058063431840224,4.500821070720409,4.31651738699987
2023-07-05,2.995429626900517,5.180884249063783,5.896949446042233,6.0565752283298835,4.491273260650017,4.318766795998853
2023-07-06,2.993238072938224,5.1778995992997565,5.889304183681198,6.048713619476668,4.477029250567067,4.3110512220539405
2023-07-07,3.0015404163141466,5.185372604115246,5.885978901551424,6.046185763011782,4.470991785829239,4.3087846785286095
2023-07-10,3.003714059460428,5.186155992831744,5.886306359477639,6.048713619476668,4.472302984012439,4.313074804400131
2023-07-11,3.015369471422322,5.189896600587443,5.891234754088466,6.055062040481365,4.477430443573204,4.32724444255099
2023-07-12,3.022639144141641,5.203347155803151,5.9037856666701565,6.063075671733274,4.488500317228866,4.33262334179118
2023-07-13,3.036601904879049,5.204061600441754,5.920621935816364,6.0709812751323184,4.498957782375999,4.339016685078234
2023-07-14,3.0298563499076963,5.200869864012679,5.920410870497171,6.070358124418971,4.493052168893676,4.337044974319015
2023-07-17,3.0217868286586635,5.201586164141435,5.929706093545847,6.073824467308609,4.49354543146693,4.3305218029891925
2023-07-18,3.0349197542731323,5.2129773160573905,5.937853489242195,6.08122764306678,4.498074428146289,4.325014245758861
2023-07-19,3.040376178892567,5.21314065917118,5.93762018528682,6.083448889942725,4.509307691515687,4.336231938598908
2023-07-20,3.0433019892414364,5.208064407630473,5.914298373239237,6.076792289664384,4.497091355713255,4.332973269442476
2023-07-21,3.0487130814302628,5.204995169113464,5.911294477656066,6.076792289664384,4.497386353438744,4.337625281189877
2023-07-24,3.0664053148977,5.200704504034312,5.912890652066887,6.081249681907868,4.493742890136125,4.345830213365237
2023-07-25,3.070069142216602,5.206256920775076,5.919645518265053,6.083975958720703,4.49186635388787,4.338669164954417
2023-07-26,3.065181138980637,5.211124171494638,5.916313350978545,6.084129657980516,4.4928544030495825,4.343179814016433
2023-07-27,3.062728103757812,5.195287456079647,5.913926532914282,6.077477602861326,4.473209737216793,4.321246909543844
2023-07-28,3.0688493573504094,5.203237163653928,5.931977454977292,6.087220322976522,4.478332388204834,4.320420820662509
2023-07-31,3.0729094751647814,5.205927950726121,5.932498847819503,6.089122723381221,4.480734266742683,4.326892504117741
2023-08-01,3.0676280827918077,5.195509183770539,5.930176515395856,6.086256903767029,4.464211727291443,4.325249359864736
2023-08-02,3.052442004843493,5.190732189852039,5.907987897933916,6.072248369436154,4.45345496879872,4.31947588270725
2023-08-03,3.061909116082995,5.190397986933715,5.906384038500786,6.069378384650573,4.430113193856488,4.308545558194729
2023-08-04,3.0635465103552377,5.194011863287789,5.901691431003522,6.064845451641204,4.4476703600204175,4.300389225302235
2023-08-07,3.0639552844636113,5.19173387435527,5.910122383548413,6.073536140025422,4.4377802961027815,4.312836912246108
2023-08-08,3.062728103757812,5.185372604115246,5.901583761891133,6.069177930805458,4.449326637298993,4.306393058318824
2023-08-09,3.069662683034517,5.180603040765573,5.8905283490376,6.062470172326791,4.454484261119395,4.306273116141919
2023-08-10,3.0643641586692434,5.179533864924712,5.892374680789304,6.062829054724968,4.437884917821408,4.302434476338679
2023-08-11,3.062728103757812,5.179533864924712,5.885978901551424,6.062245867601201,4.435580707755979,4.303995807653644
2023-08-14,3.0578039966537323,5.176488644394321,5.897138524890479,6.067750582918502,4.433376179958874,4.297373841004111
2023-08-15,3.045803083149776,5.173830640687112,5.886470090608776,6.056033442311234,4.427262549038715,4.286075590227398
2023-08-16,3.041631171992766,5.168037865497917,5.875824770433886,6.048668227664263,4.419407963468553,4.273659117876818
2023-08-17,3.0441364430303497,5.166498809335961,5.864841609109623,6.041019174976199,4.415136256415995,4.265585888413888
2023-08-18,3.0512006950126853,5.1666699229255135,5.8635859183928085,6.041500360218244,4.418661622729698,4.268698727564818
2023-08-21,3.0487130814302628,5.16940385256808,5.87956917249917,6.047985588985291,4.405241589098979,4.259456587716697
2023-08-22,3.0491281438054463,5.171052050161533,5.878139011210082,6.045273138616563,4.412886328054482,4.262338430213774
2023-08-23,3.0512006950126853,5.181165378306117,5.89378464124827,6.056349311282659,4.437361248568676,4.277979525292117
2023-08-24,3.0520284060818357,5.180940532712797,5.87217718953228,6.042393521141128,4.430745679458224,4.274153742549398
2023-08-25,3.061909116082995,5.1796464093401395,5.8798987357361705,6.0494184411818575,4.434006696318486,4.274895274210954
2023-08-28,3.060269125760116,5.182513648215904,5.8873976483057575,6.055739795639176,4.43505637280235,4.28424110749921
2023-08-29,3.0639552844636113,5.192234340593537,5.909002272133955,6.070091152484132,4.445388702839113,4.296286027229404
2023-08-30,3.065181138980637,5.19473309090936,5.9145637122893,6.074201352869225,4.444349911333251,4.299907308156986
2023-08-31,3.0692560585761854,5.193067979562196,5.917557571692666,6.072736920232851,4.448809194737885,4.292529983114564
2023-09-01,3.080980414127272,5.193567778737737,5.916498721845815,6.074600422732075,4.43310816710135,4.2942279411069135
2023-09-05,3.085792155661303,5.185372604115246,5.9177692400404505,6.0702691416931245,4.418986658671736,4.282526303393082
2023-09-06,3.08818906755782,5.180828048052227,5.908922316759782,6.063524213852895,4.421443345370192,4.2804396730784235
2023-09-07,3.086192025641359,5.181895927530678,5.901745177757344,6.060449117779232,4.424212688676224,4.286686022659065
2023-09-08,3.08818906755782,5.182232897809437,5.903141663718977,6.061954110898912,4.428034742989327,4.282771515697816
2023-09-11,3.0941568937436945,5.1840842929129805,5.914855503949819,6.068509084242814,4.4208028368153345,4.282893993999538
2023-09-12,3.0977206204259877,5.178914300249401,5.903705126509662,6.063008412123763,4.426550144150719,4.282403463973441
2023-09-13,3.1008777220649297,5.1766016182042085,5.907507167798877,6.064173700052819,4.426337956767117,4.271430114481212
2023-09-14,3.1091179052201277,5.17710971327733,5.915651031516599,6.072759146994209,4.419094092174154,4.289368783790141
2023-09-15,3.1067705242217043,5.183691820172308,5.898379687902016,6.060637801901709,4.41298073482336,4.285586618770721
2023-09-18,3.1063788004713095,5.189562203308627,5.899421584252476,6.061223919598463,4.418666219562628,4.27662362662428
2023-09-19,3.1071621798960165,5.188614108267273,5.897288001840895,6.059147937330879,4.411258097134573,4.272049656438257
2023-09-20,3.0989057126417117,5.189339238009602,5.8827728360985905,6.049912154232464,4.4143779480533,4.27291656229696
2023-09-21,3.0957423691585153,5.182064426863679,5.864278164325924,6.033245749410076,4.388368633716532,4.238280568966289
2023-09-22,3.0965341221001697,5.185260616919425,5.864417994076933,6.0309947163702375,4.396385051635018,4.230690558677997
2023-09-25,3.0917741739721545,5.180096717986954,5.869156556908064,6.035191108349784,4.371468468369333,4.2297863571319745
2023-09-26,3.09058059495367,5.172073633048989,5.854026345473321,6.020390724328122,4.36798628700804,4.211394115874846
2023-09-27,3.096138367116924,5.159629881831671,5.85636698727737,6.020789699624958,4.362796513447733,4.204657546335382
2023-09-28,3.0949499024878295,5.154620166627333,5.864697421725007,6.026570504726316,4.365846094174123,4.214206959391375
2023-09-29,3.084190812979218,5.144291661109234,5.865423343397086,6.024140685490626,4.365958906275608,4.21711909817568
2023-10-02,3.0765495049089067,5.133737455253135,5.873734343613084,6.023742823570346,4.349076890133634,4.198576587981099
2023-10-03,3.072098786966784,5.130845034253078,5.856028876676522,6.010266325462489,4.327330468778969,4.17885993271089
2023-10-04,3.043719303175031,5.130726770745518,5.869545764224402,6.01752192681755,4.341339675292818,4.19100804343016
2023-10-05,3.037861457763001,5.128892302334655,5.866594874067611,6.017145217640197,4.336342351449239,4.1965547885888395
2023-10-06,3.041631171992766,5.1340321542569285,5.883211532979479,6.028947917980786,4.324151451672819,4.199249461101876
2023-10-09,3.0623187383750308,5.152250632793872,5.888298548276507,6.035329782247091,4.347349872890412,4.210089321374232
2023-10-10,3.0598586628675752,5.150571127318464,5.893821233844935,6.040521050666421,4.34596596999583,4.214869400478783
2023-10-11,3.054094961252923,5.157847635144573,5.900931239422022,6.044608940874138,4.366636867608567,4.232074026428416
2023-10-12,3.0536819557303247,5.154793324757249,5.8974501963607615,6.038493969023044,4.339134555592235,4.2173834691309375
2023-10-13,3.079774049666569,5.186435644139025,5.884800675261784,6.033500574899345,4.356868639952927,4.214869400478783
2023-10-16,3.0765495049089067,5.181558843664673,5.896043467905034,6.043967177702662,4.3406436428531565,4.226721247137925
2023-10-17,3.079371516843966,5.183411400389675,5.8927627044487085,6.043921280343771,4.32956184345156,4.225280375293976
2023-10-18,3.08818906755782,5.197778514173169,5.879558079949591,6.030506540396837,4.320724955082733,4.203813828151897
2023-10-19,3.0985108092476716,5.209977815222824,5.8701570698297605,6.021681334769485,4.300039403055975,4.179820924891233
2023-10-20,3.090978555137669,5.212704990524898,5.855126834846742,6.009317085883971,4.305701598824073,4.173075915215944
2023-10-23,3.0845913236727918,5.209322211648077,5.858139693560162,6.00758242750688,4.317643741074154,4.163220866721157
2023-10-24,3.073719506679754,5.209212874784386,5.867820721615126,6.015093391448855,4.330734243766854,4.1759721058148855
2023-10-25,3.080980414127272,5.21341286610196,5.843040440418798,6.000637359531108,4.308221268942507,4.154253380462823
2023-10-26,3.07250416905776,5.214990074105753,5.8237892368092785,5.988590548079535,4.3234435502333115,4.1732138851218
2023-10-27,3.085792155661303,5.226552767530568,5.82857889064868,5.984047429215175,4.319185280931072,4.157064263503923
2023-10-30,3.069662683034517,5.220896252553604,5.839781294919069,5.995932319676312,4.314671242977974,4.163360202953954
2023-10-31,3.065997452380019,5.215424748565432,5.844552227492351,6.002193000003523,4.309777698751431,4.180232462804632
2023-11-01,3.0676280827918077,5.212269131988715,5.861760051080454,6.012801300483181,4.331228525985563,4.186384714029842
2023-11-02,3.0781630330875362,5.215587692429311,5.879750646201786,6.031784315924644,4.353769247530439,4.21870393968082
2023-11-03,3.0729094751647814,5.219220008856917,5.891430987561728,6.040866256365199,4.360524548902839,4.242307992943573
2023-11-06,3.0769530871308937,5.211396927806211,5.895502039716109,6.043164031877232,4.350777413886677,4.227767881812323
2023-11-07,3.0553328655150174,5.20724318209218,5.904910135784191,6.046006035585854,4.365419929519601,4.219495363432324
2023-11-08,3.0441364430303497,5.197225528621552,5.905553915726838,6.046738107045235,4.382309931181041,4.222786441994029
2023-11-09,3.041631171992766,5.201200586035343,5.89782846418358,6.0389089255102375,4.3590401149741655,4.206889974236885
2023-11-10,3.0466353627320344,5.190230886082098,5.9200618638680735,6.054393282291225,4.364624311140462,4.216193305329164
2023-11-13,3.061089367783743,5.195786147469014,5.916938490649123,6.053439503365668,4.362348913745889,4.2078239621261435
2023-11-14,3.0594480314260637,5.204665783655618,5.938236495256546,6.072654409611144,4.384763840458579,4.261835021496128
2023-11-15,3.0528556127567503,5.2020267028695235,5.938988800841494,6.074769257948849,4.370629902871665,4.264738016510725
2023-11-16,3.028586667272564,5.2132495674488775,5.939844500638014,6.075991672787836,4.382979949808415,4.262593156078531
2023-11-17,3.0428846830342264,5.21314065917118,5.940077286288866,6.077234792680982,4.387655371116747,4.261835021496128
2023-11-20,3.0553328655150174,5.211505942932876,5.952178853816194,6.084902942258148,4.393745024542944,4.269139014192861
2023-11-21,3.061089367783743,5.222245962526418,5.946352318674846,6.082721070165128,4.393303712964579,4.262087832732058
2023-11-22,3.052442004843493,5.217974600637246,5.950437014651067,6.086574469934837,4.396831301512838,4.2670039035869065
2023-11-24,3.045803083149776,5.223162715976927,5.949025960733543,6.087189541211194,4.384986270403454,4.2698915269308255
2023-11-27,3.0391196088053705,5.229877936201036,5.948152749819616,6.0853870179962755,4.4015520783220765,4.273520940527246
2023-11-28,3.0512006950126853,5.243121702055654,5.950770257318669,6.086376531964953,4.403521704163379,4.280120077647406
2023-11-29,3.058215303603924,5.244600048620147,5.949795967325437,6.085672990518335,4.416014200894631,4.28704537072625
2023-11-30,3.0412130766872774,5.240423388129134,5.947278616260646,6.089602755517103,4.404395538861217,4.294290722977883
2023-12-01,3.036601904879049,5.257547425396085,5.950129423650222,6.095501051273321,4.423054723677866,4.318586244907052
2023-12-04,3.0298563499076963,5.2356970078153395,5.940802446105492,6.090238016563129,4.419067901152371,4.32584411625819
2023-12-05,3.0209335071320544,5.231910401737477,5.943310113741258,6.090040802492907,4.440325808004016,4.319182945214817
2023-12-06,2.996304981687241,5.235590517143834,5.937509713219111,6.086002889260741,4.453555921442826,4.316195163779086
2023-12-07,2.998053205578271,5.23723948459982,5.951385189057469,6.0936043514431715,4.447802348842102,4.319063714886055
2023-12-08,3.002410440621663,5.223809311085152,5.95583199329672,6.0978943837216155,4.439585919327958,4.317391266398861
2023-12-11,2.9989261727504104,5.212704990524898,5.964337759028571,6.101776301364523,4.4374678990664345,4.320137493893096
2023-12-12,2.983537880999568,5.212160200033992,5.972270512962764,6.106333047746755,4.440431333201809,4.319541058512918
2023-12-13,2.994991661997118,5.234471964522906,5.984907528533411,6.1200290965546165,4.463622917498343,4.35712239128141
2023-12-14,3.0114994400810042,5.240317399612095,5.984040204167626,6.123233322705981,4.489303076528743,4.385554910732485
2023-12-15,3.013221417843731,5.231108616854587,5.988862669675271,6.121585436970371,4.49041329622387,4.3713830723345675
2023-12-18,3.0203704554459563,5.23564380451141,5.995141403446933,6.127194696384161,4.482413492744138,4.369115000957158
2023-12-19,3.027958100494391,5.242434635117592,6.00023805039638,6.133257162344043,4.487787603815655,4.376692839910505
2023-12-20,3.016330135941758,5.236973768755233,5.985267022076764,6.119303124903142,4.494540004878874,4.364449232820611
2023-12-21,3.0181278491305097,5.244019524475673,5.996835230967768,6.12874033217522,4.488191965922366,4.373278477991528
2023-12-22,3.016330135941758,5.248444138507036,5.998329964192977,6.130747978806776,4.483632963669429,4.377162241650465
2023-12-26,3.0261779883634454,5.256035980658544,6.004433144951304,6.134961623680075,4.486472167730077,4.3845456417744
2023-12-27,3.0217137020641838,5.260563557921066,6.006466654498305,6.136767960055798,4.504036817498272,4.389400276599724
2023-12-28,3.0131762466575793,5.254731144760541,6.005980565277906,6.137145732913528,4.496747124191417,4.396470595156041
2023-12-29,3.0077463962772266,5.253163074962778,6.0016433560011935,6.13424654821642,4.487686273223051,4.3845456417744
2024-01-02,2.999545888619931,5.250806390277484,5.984576329988762,6.128634512818873,4.48190530022125,4.393110100414562
2024-01-03,3.0122732384050592,5.242434635117592,5.973938507326993,6.120434168593252,4.486067023518761,4.368919546372215
2024-01-04,3.006838563570572,5.243438743725025,5.968778817162185,6.117207894240857,4.470756009851624,4.367078583615599
2024-01-05,3.0118214752332997,5.243597186581844,5.9699639229394,6.118576760208138,4.461143762011677,4.364541531254025
2024-01-08,2.997255942045882,5.235750208288828,5.990421293757812,6.132751602867885,4.470961335285522,4.378757346020905
2024-01-09,3.004565180485415,5.236069514095387,5.992394976550989,6.131233389085697,4.464565321009625,4.372018452263311
2024-01-10,2.9977143320255357,5.233778845410465,5.999149556500605,6.136872922271641,4.459896802817109,4.373163987034553
2024-01-11,3.005020327443551,5.235750208288828,6.00122812920507,6.136432152107073,4.4654963973810835,4.363848648237465
2024-01-12,3.0086534055711223,5.245496625754613,6.0017410002783365,6.137124760268188,4.463529656747766,4.369838710110986
2024-01-16,3.000003325312676,5.235963144289696,6.0016433560011935,6.1334466978214905,4.445759841102577,4.3624611485232645
2024-01-17,2.9986305771933344,5.224886068756442,5.995986777097932,6.127872495725779,4.444176420530293,4.344011196166949
2024-01-18,3.005020327443551,5.233085245550686,6.010081147674622,6.136725998475972,4.434837750891068,4.3385752440894
2024-01-19,3.0031988739690116,5.236069514095387,6.0297179134945,6.149115150610184,4.438031279667922,4.350472540816023
2024-01-22,3.007292582943924,5.232284402463752,6.031022950664574,6.151227240267508,4.443965251649706,4.356426499241292
2024-01-23,3.012724891339595,5.236175953773114,6.035163940910279,6.154139538951322,4.436009898963994,4.349535197454397
2024-01-24,3.021266184628282,5.227894869507308,6.040697844571167,6.155232074986616,4.430135370783651,4.335132836015362
2024-01-25,3.028847061929725,5.231856996586297,6.041918278651003,6.160656243896439,4.436648690253894,4.347893148818055
2024-01-26,3.0332796864048452,5.23116206198699,6.0359429591305265,6.15938497321405,4.434730909973791,4.345071495868002
2024-01-29,3.024840729019616,5.238195752929242,6.046131154718286,6.167273088381169,4.446181556159706,4.351642715467466
2024-01-30,3.031509030501849,5.239575327105909,6.0394524311802,6.166499489050889,4.45520665320753,4.342241858658457
2024-01-31,3.020818466830855,5.238832703519152,6.019671959729942,6.150047441622962,4.464979093466229,4.332632660089056
2024-02-01,3.0086534055711223,5.249179661219245,6.031378634488064,6.163050840334157,4.484405117928504,4.3505894624582835
2024-02-02,2.997255942045882,5.23968139429913,6.04813799958927,6.17352310952377,4.462068872846106,4.338100923517814
2024-02-05,3.0013739070849215,5.234152148120171,6.0468317348232,6.169875332129014,4.441668287033637,4.316893861482695
2024-02-06,3.005020327443551,5.239363239889769,6.044822553450243,6.172774252329348,4.451394712963291,4.330246044581534
2024-02-07,3.009559592944592,5.2390980068880655,6.055060107470847,6.181080159427089,4.44654337007648,4.328810893883367
2024-02-08,3.014979727017041,5.238195752929242,6.056910363742842,6.181521749299128,4.440711779982889,4.336914785359783
2024-02-09,3.017678723721225,5.234312069106855,6.066705305717921,6.187284637129977,4.438689237499337,4.33845670994032
2024-02-12,3.0181278491305097,5.231696682468135,6.062785009572712,6.186845459822462,4.439861022765794,4.338693963371423
2024-02-13,3.0122732384050592,5.2178120452731855,6.047065008162363,6.172976679116022,4.422577077434717,4.317862189069146
2024-02-14,3.0027428970371792,5.217215755182274,6.057903460147948,6.182023428300691,4.427653959609474,4.325694804509408
2024-02-15,3.005020327443551,5.223917063696602,6.0608767032414335,6.1888994638748285,4.432811710874892,4.348714411578818
2024-02-16,3.007292582943924,5.227572942369443,6.051767641481736,6.183906986278204,4.427007297813149,4.338338161739229
2024-02-20,3.0018305085294803,5.233618839120559,6.044190915259369,6.178386331197563,4.427869511742174,4.336558749231527
2024-02-21,3.0059298115549025,5.233672150265615,6.040181103076395,6.179291677419569,4.420734854998655,4.342123956857817
2024-02-22,3.0086534055711223,5.234098781204717,6.069036459612118,6.199775988238406,4.425604715392268,4.344011196166949
2024-02-23,2.9940412197417494,5.239734383228703,6.066087343599931,6.2004654085256945,4.438902604472417,4.343539844028109
2024-02-26,3.0031988739690116,5.237505210935775,6.065560464745689,6.196796167817245,4.43591538245742,4.332513619818033
2024-02-27,3.0109173361585038,5.236441962829949,6.067962913862096,6.1986521926355405,4.428838284734111,4.333704986755907
2024-02-28,3.006838563570572,5.238248820637777,6.06262429935541,6.197329677654006,4.435167157964035,4.343775399240114
2024-02-29,3.005475172894392,5.243385870125477,6.071157203849866,6.200918199252335,4.442199494304895,4.35222738795476
2024-03-01,3.0104649598859146,5.262120075071902,6.086101657212183,6.210262672183177,4.44841116507313,4.364079662590077
2024-03-04,3.0136273983458466,5.278165650312266,6.082527313313909,6.209189697808312,4.444380735062471,4.3733926672586785
2024-03-05,3.0059298115549025,5.284167743324579,6.064414595316115,6.199145228972422,4.458521785699677,4.361187604714261
2024-03-06,3.0140783465880494,5.292349582488147,6.070678664525093,6.2041996872023635,4.464372730695216,4.366156781300055
2024-03-07,3.016779867308405,5.298017333749729,6.085742700415488,6.214077195799581,4.463434892807045,4.365926149433617
2024-03-08,3.0136273983458466,5.306434358866681,6.0712027134089945,6.208056962392415,4.461660499298564,4.377390296914035
2024-03-11,3.0221611121978134,5.308267697401205,6.06748291384157,6.207196606806855,4.461138387104642,4.372591239272893
2024-03-12,3.019474016343407,5.297266781307236,6.081716149747303,6.217896508911116,4.452741883710993,4.370412650170128
2024-03-13,3.0332796864048452,5.304249747335974,6.074000528829709,6.21632787120628,4.447881730210373,4.365349530891705
2024-03-14,3.036370901654277,5.300065867546419,6.071476008988386,6.214349031664172,4.432405538278959,4.35023816427304
2024-03-15,3.039892044766374,5.296866347898804,6.059517921008768,6.207458762382566,4.432083112005327,4.348010569753198
2024-03-18,3.0490763382390487,5.298467349196561,6.069010196289834,6.213384449678714,4.429065773866571,4.348479721181706
2024-03-19,3.048640902676563,5.297316881488516,6.071498475070501,6.2189260939895705,4.431867559002631,4.348127779590907
2024-03-20,3.0460243000859912,5.309158353499683,6.083285550774774,6.2281328632526645,4.431544959195689,4.354679109891594
2024-03-21,3.0447134268255005,5.308119177564279,6.08800653129527,6.231432086713462,4.43369547270235,4.361882430644911
2024-03-22,3.0376927493970483,5.300065867546419,6.0891497092505915,6.22953453395757,4.443210917894081,4.3492160501454995
2024-03-25,3.0460243000859912,5.303255182908194,6.085513903222161,6.2267679368357705,4.438197184629826,4.343048339034515
2024-03-26,3.0381329773114714,5.306483926187493,6.082270956124462,6.224919317601078,4.440974076740936,4.338994981053431
2024-03-27,3.0372523275966516,5.313698498638114,6.085671254652113,6.233287946338266,4.4508427301812485,4.36447107075875
2024-03-28,3.0490763382390487,5.326516026840524,6.083826200929132,6.233096769258732,4.449997700827916,4.371549809503493
2024-04-01,3.0538538371383357,5.336672355667589,6.085941110951974,6.231355622270801,4.431180763710556,4.354640688651701
2024-04-02,3.062911456522355,5.351336667629503,6.077273304573074,6.2249771273841334,4.425655020842682,4.34197705637826
2024-04-03,3.0748620890823233,5.36007078864454,6.079515149591553,6.226075059782323,4.425437986315947,4.343048339034515
2024-04-04,3.0774044946178494,5.354319576862172,6.064106372361578,6.213793863214063,4.43258434707915,4.33660306108197
2024-04-05,3.082469908550891,5.371288976166862,6.07582143104415,6.2241865895760515,4.418567750779704,4.341738793504088
2024-04-08,3.082048776644451,5.377498144686424,6.076116601131218,6.2247458681973775,4.4184582376921595,4.352403636646246
2024-04-09,3.076557773426736,5.3829801460146784,6.079809231574508,6.2259018710926926,4.427717099513171,4.365634973421671
2024-04-10,3.0816274673112045,5.373471222979274,6.071042504937555,6.215838176526758,4.40568269427627,4.323343435191944
2024-04-11,3.079940365050455,5.392718055853769,6.086884514808513,6.223356825832081,4.401128140417204,4.326735487331538
2024-04-12,3.081205892846911,5.379390309760409,6.070814265696601,6.209457589225902,4.406458604347619,4.3148130298993985
2024-04-15,3.082469908550891,5.3979364177647655,6.054226416929726,6.196850283368623,4.390831182572384,4.2976552855887835
2024-04-16,3.08078422817424,5.399157686992159,6.054319131306532,6.195024892852086,4.384172006278164,4.283486585486542
2024-04-17,3.0650559517278815,5.391762154580868,6.042042894819945,6.1890889480545,4.395209356157725,4.276135629447608
2024-04-18,3.0646274204377613,5.395171791291653,6.036320095121704,6.187029122140575,4.390156378515126,4.276262845403968
2024-04-19,3.0693313718773387,5.398298433388557,6.015413817677332,6.178262408582078,4.393752188003789,4.281084360013655
2024-04-22,3.0693313718773387,5.3732857167614,6.025420421140371,6.187429523324947,4.392068117529516,4.289906104726383
2024-04-23,3.0735885023763174,5.370824026113303,6.040232985432221,6.199226303726179,4.392405026452364,4.299024018716638
2024-04-24,3.072313203241827,5.368962203273763,6.043614930297242,6.198751414654377,4.385303995985346,4.300887148657673
2024-04-25,3.0778274986628174,5.374907960229503,6.038773439535957,6.194945406402974,4.378265526988332,4.295162078071272
2024-04-26,3.078673233663793,5.378144643866678,6.054087257582375,6.204374640334088,4.383492215916041,4.295661362667462
2024-04-29,3.0778274986628174,5.37611136010787,6.058139304155077,6.207909811583552,4.391843479983234,4.305839002723256
2024-04-30,3.0650559517278815,5.355972855989933,6.039103099766637,6.191941832587887,4.383265452898089,4.288776423503909
2024-05-01,3.0503815987517866,5.364994193408288,6.031846308020891,6.188689398800857,4.390609387195578,4.28915302107806
2024-05-02,3.0538538371383357,5.361902331083167,6.044528923875186,6.197999376406484,4.394891185085188,4.303118394104228
2024-05-03,3.055152880681601,5.361104386173225,6.064428000326773,6.210318454498285,4.404959310126361,4.309782619345852
2024-05-06,3.066340533730282,5.371567814106599,6.075321897356376,6.220592293587016,4.408847907168479,4.310643350715256
2024-05-07,3.0654843883996468,5.366956873607179,6.075480930731236,6.22169529056376,4.41492735444147,4.320061804772022
2024-05-08,3.060331887586248,5.364011478316555,6.07489019804592,6.221791828263185,4.408847907168479,4.311625932742853
2024-05-09,3.0641987054298427,5.379666898177718,6.077069314711356,6.227537157257208,4.413714510559287,4.3319219157165625
2024-05-10,3.0624820942747704,5.387746682072038,6.079424742168413,6.228824376633237,4.4080711549334834,4.329151097957804
2024-05-13,3.068904669217611,5.3764813621166505,6.081729464244689,6.228958795425595,4.410620111982268,4.3324030840506556
2024-05-14,3.0646274204377613,5.3849078048374,6.088141049925888,6.233536463837432,4.416248865135975,4.340069660312894
2024-05-15,3.0680506285698197,5.397664837285588,6.103650418418671,6.2458434279860695,4.429804210834051,4.353817021430997
2024-05-16,3.0706103000047387,5.393763895144156,6.101617090470772,6.243783905796887,4.428826544890679,4.353110578745669
2024-05-17,3.08078422817424,5.410127057973598,6.1011300757930504,6.24522029835335,4.4220652108298255,4.352992773400214
2024-05-20,3.089602322323781,5.414142921181671,6.108078686981167,6.246371689204004,4.419106498208211,4.347085531126275
2024-05-21,3.085412876469399,5.412672291731517,6.110033203445587,6.248821153496224,4.424251179096571,4.346729937039891
2024-05-22,3.071036275642454,5.3941274241669515,6.109835720866649,6.245937839968085,4.4254512270451425,4.337680113195591
2024-05-23,3.065912552688065,5.373981276127765,6.105327079390921,6.238606753625862,4.418996676483681,4.31591399929173
2024-05-24,3.0727385425548115,5.374907960229503,6.114739136159193,6.245201355759708,4.421955621939244,4.31664710243351
2024-05-28,3.0904381614801406,5.385366254023918,6.118509772418872,6.245900099906835,4.407516108373209,4.310028515714431
2024-05-29,3.079940365050455,5.376018891153549,6.111436347779023,6.23887283747554,4.395340925136811,4.300266387466599
2024-05-30,3.0667683316830834,5.377913854638354,6.10066519131647,6.232216919621602,4.404959310126361,4.3148130298993985
2024-05-31,3.062052369100423,5.372032418544761,6.098803215100184,6.241283904198031,4.411726274509008,4.33336462658349
2024-06-03,3.04776946232607,5.380910670471553,6.104158224343273,6.2420989312501245,4.427771307360923,4.331079413979392
2024-06-04,3.0376927493970483,5.371893074053342,6.106890953384198,6.243216196688255,4.439384765058343,4.338756205685152
2024-06-05,3.041209249337565,5.3836690672726375,6.126850260371404,6.255031302498607,4.44669597944895,4.337560575555873
2024-06-06,3.054287009200195,5.391033241669394,6.1265049058033965,6.255012544843871,4.445195069178442,4.3394727588701585
2024-06-07,3.039892044766374,5.354697728828736,6.125619648460307,6.253796063330421,4.426679021901594,4.329995225185803
2024-06-10,3.054287009200195,5.363824137309361,6.129650873533557,6.256880953996853,4.419990146989071,4.33336462658349
2024-06-11,3.052986929693789,5.366676675560256,6.1364900967613645,6.259286397831619,4.430279054448633,4.3297540899682625
2024-06-12,3.056450059401387,5.36933485946841,6.149502815142796,6.2674659641279105,4.4377649626898945,4.338636597424471
2024-06-13,3.0573139711197466,5.361151316451212,6.154908372244219,6.269477565138932,4.452357594692486,4.342691504574841
2024-06-14,3.0534204773571245,5.374027605977845,6.160076308671836,6.270085765746278,4.460737566739504,4.342453411886614
2024-06-17,3.056882108553496,5.368822430277394,6.172251673277535,6.278013088562232,4.450758508664008,4.338517074464366
2024-06-18,3.0650559517278815,5.372821694381446,6.172560835745128,6.280550472259292,4.459891774097163,4.342453411886614
2024-06-20,3.0671959467030514,5.38522875532368,6.164823033375041,6.277830446166253,4.453209248139956,4.339592267166799
2024-06-21,3.0590396482619373,5.369614242746565,6.162140119193894,6.276488939137217,4.453209248139956,4.342096265782822
2024-06-24,3.0671959467030514,5.3735639985669765,6.150690152916892,6.273232674605117,4.457245456149985,4.34980726424463
2024-06-25,3.0577457368942422,5.368589408154704,6.162060870058823,6.277076263434305,4.45894018523352,4.337441023625199
2024-06-26,3.059470580272503,5.359318396718921,6.164123802878688,6.278323641540902,4.444551323639167,4.334325245440366
2024-06-27,3.0646274204377613,5.370591540968845,6.166701845246125,6.279898861884137,4.448515572848231,4.343999803896248
2024-06-28,3.060331887586248,5.370684513125526,6.1614975184914815,6.275956148758455,4.429734656037004,4.351946838927813
2024-07-01,3.073163612769524,5.3732857167614,6.1673454626656765,6.278011942854437,4.412325158969281,4.342470377866402
2024-07-02,3.074437740379598,5.3732392817394175,6.177790311357876,6.284719062059007,4.420080488681796,4.347159893568358
2024-07-03,3.079940365050455,5.38444921537648,6.186092826220764,6.2891718818567375,4.433128374766373,4.346199669482488
2024-07-05,3.083732328535974,5.397845876111174,6.196465819279759,6.294921690376826,4.441372650474308,4.34895762287212
2024-07-08,3.0701842313594674,5.385366254023918,6.198841202095692,6.296075121805203,4.443531480623435,4.352185531694458
2024-07-09,3.0633406344971177,5.387060565212009,6.199705365955708,6.2970470463991,4.439101333597616,4.351946838927813
2024-07-10,3.0633406344971177,5.390714218596424,6.210077894028015,6.306893577924882,4.442236759839027,4.359321510479159
2024-07-11,3.0667683316830834,5.408292219756609,6.1879036749836045,6.298233847478494,4.451905039253613,4.387597806350086
2024-07-12,3.062911456522355,5.407664926118971,6.193761325121033,6.304521327856962,4.456172160454646,4.3951725551550025
2024-07-15,3.055585400694191,5.410886843332093,6.196445495179979,6.307267618115804,4.444608747385084,4.401896091737036
2024-07-16,3.052986929693789,5.430616721152141,6.196828413831347,6.31318033031821,4.458617369692771,4.414087246108564
2024-07-17,3.052986929693789,5.425962701581343,6.167034043247253,6.299059866958016,4.458829706609719,4.420907873855207
2024-07-18,3.045587533236754,5.4195610684267965,6.162290302232568,6.2913455450461475,4.451156317277026,4.412065603113694
2024-07-19,3.031951988491422,5.401460406196151,6.153387244817757,6.284682643803533,4.4452546045545365,4.410265273203083
2024-07-22,3.0346056238736,5.4017760886753186,6.168175184881078,6.294939826825213,4.442344597572703,4.4205734599505275
2024-07-23,3.0252867425863403,5.405286595771781,6.164644165210986,6.2933700884903985,4.440940630313119,4.419792817492845
2024-07-24,3.024840729019616,5.4017760886753186,6.128114698054961,6.27044669909195,4.430073110539537,4.404957818840643
2024-07-25,3.027068440528766,5.386007688061663,6.117025753021967,6.265222769042024,4.4382347799179955,4.401668975741265
2024-07-26,3.016779867308405,5.396487112451506,6.127229533110987,6.276360301191979,4.446007846126218,4.419011657061088
2024-07-29,3.0122732384050592,5.395081068223893,6.129236290134748,6.276947701023929,4.451370066248805,4.424134148994924
2024-07-30,3.0091065078043457,5.405017004407438,6.115409656223004,6.271868381530756,4.455213655560188,4.431879172469789
2024-07-31,3.031951988491422,5.422965684583718,6.144573970206689,6.287992420132204,4.465390413558959,4.4283462762660095
2024-08-01,3.0199223363450614,5.419516800873835,6.120054389013772,6.273730213363814,4.473978409237383,4.438361169060597
2024-08-02,3.0013739070849215,5.417610356484536,6.096033146194258,6.254936455498529,4.504664403478717,4.437813307240797
2024-08-05,2.999545888619931,5.404837190721912,6.065763486569674,6.225380011644669,4.509941294078547,4.408800091595086
2024-08-06,2.9912775762203685,5.396804299435061,6.075273277342158,6.23455749851366,4.487318702783539,4.4283462762660095
2024-08-07,3.0004603630176025,5.3961244403879824,6.0643843801886606,6.227850895809424,4.480254006554639,4.421464798606951
2024-08-08,3.009559592944592,5.411690669193761,6.094516675390932,6.250705041196705,4.474083399835515,4.43121762501916
2024-08-09,3.0154299724710794,5.414142921181671,6.0997255306837115,6.255105157344093,4.483896558691835,4.435839292890022
2024-08-12,3.0292912003681955,5.431142275693594,6.101876803001688,6.255630424437253,4.487525976601877,4.42845653269517
2024-08-13,3.0199223363450614,5.429608741524107,6.1263866501028375,6.271942271283934,4.494437225550178,4.437155675164349
2024-08-14,3.0136273983458466,5.421419550190606,6.1267111198862025,6.275091855538249,4.500688190568329,4.439783612565414
2024-08-15,3.0217137020641838,5.424553479232217,6.151660238595202,6.292086787131215,4.492585303580959,4.439017919019096
2024-08-16,3.0154299724710794,5.446694290967505,6.152945256261894,6.294326609920019,4.496080683786435,4.438470507121506
2024-08-19,3.010012378876412,5.445054925294876,6.165995661988523,6.303842507201936,4.500688190568329,4.446757481504371
2024-08-20,3.0059298115549025,5.448718196097379,6.16389485524198,6.302215123173778,4.508624868715434,4.445562430951295
2024-08-21,3.0009172868087197,5.447383688174672,6.168548118091363,6.305645803038285,4.509232619781839,4.4508754909693655
2024-08-22,3.000003325312676,5.435336398918194,6.152566327599575,6.297766215591943,4.499256979918891,4.453790994170421
2024-08-23,3.017678723721225,5.446823593261453,6.163353351811403,6.308335661136554,4.50578281994136,4.475549593238373
2024-08-26,3.027958100494391,5.450007856188349,6.153597591309551,6.305948784668427,4.50323870741696,4.475127399754557
2024-08-27,3.023055053994049,5.452710871417972,6.15658049663072,6.307321136376809,4.501505263655976,4.476604124251266
2024-08-28,3.0109173361585038,5.445659204445964,6.145168131676598,6.301498923712163,4.500279276438029,4.472697018820227
2024-08-29,3.0221611121978134,5.450823825162321,6.143703261482254,6.301588336824807,4.4970038000282075,4.469623650487039
2024-08-30,3.0109173361585038,5.443672305379489,6.155552111834383,6.311089134587573,4.48628306357415,4.479235510331147
2024-09-03,2.9908162254970607,5.439339355105957,6.1247209194655055,6.290295406612805,4.502506159030348,4.478709856022045
2024-09-04,2.9834053262282105,5.439947096893695,6.1221188992866376,6.288246704721127,4.515313689932456,4.481545526726202
2024-09-05,2.985727077265994,5.4482448817996145,6.123052141991099,6.285811334497266,4.520953722163704,4.478289168185175
2024-09-06,2.9721850685384634,5.440814715948209,6.0958994789055465,6.268838006910487,4.5208533731957266,4.47734158283842
2024-09-09,2.9750019089136677,5.445011772052534,6.10867721614319,6.2799718176254204,4.525163113309911,4.488443558917231
2024-09-10,2.960361774303356,5.449406199920382,6.117876492610638,6.284318274433688,4.532139490747486,4.502817397084916
2024-09-11,2.969360075322805,5.447814377693948,6.139359498912007,6.294525084551279,4.5313446141411955,4.500864682727844
2024-09-12,2.988506177743068,5.4652291411400675,6.149127662467938,6.302912929717406,4.526661983037956,4.505073636910601
2024-09-13,2.990354661831018,5.475123711967528,6.153597591309551,6.30812212153568,4.529354530517407,4.515468008312277
2024-09-16,2.9977143320255357,5.475039960285971,6.149169888832144,6.309597847810367,4.538475370363482,4.518808095458639
2024-09-17,3.004565180485415,5.4694936968071906,6.149698023892207,6.3100063869158545,4.533628111840334,4.511811721258863
2024-09-18,2.9981725119800853,5.461753352075415,6.145359217081856,6.30703604352608,4.521154389894964,4.510590177776018
2024-09-19,3.015880202225802,5.477174588494902,6.170328914509053,6.323956465010462,4.517835547859613,4.510793606498222
2024-09-20,3.015880202225802,5.489805146177434,6.168423865087288,6.322226475788437,4.5139998930321825,4.506813622618862
2024-09-23,3.016330135941758,5.491743672893535,6.171071061848802,6.32472237272726,4.511873617765327,4.5166838614908
2024-09-24,3.03283722437577,5.505616078065185,6.175883004616848,6.327579446244997,4.511671246367221,4.518100435490784
2024-09-25,3.0243947017815827,5.50423335480881,6.1768097618833835,6.325371545633957,4.503323944977006,4.51140473380317
2024-09-26,3.0154299724710794,5.509307344390862,6.184294672534573,6.329328288630339,4.505672172287157,4.502303996824125
2024-09-27,3.0203704554459563,5.501339857303217,6.178722262714481,6.327877054685406,4.510859674195837,4.5035773338646745
2024-09-30,3.0181278491305097,5.493308316398195,6.181430393172251,6.331876353164113,4.506080319669414,4.51140909107134
2024-10-01,3.0354886064644186,5.50374491454151,6.167399915902245,6.322877380003909,4.513274435577388,4.504921416912352
2024-10-02,3.0438385556837244,5.503948481018175,6.168811912788536,6.323299474175507,4.504811517380909,4.501402266763692
2024-10-03,3.058177226733168,5.503256235583725,6.16806469732971,6.321469403835379,4.495346191913624,4.492236698459065
2024-10-04,3.0607623525719414,5.501258210544727,6.179892490580236,6.33051578730482,4.48296901659878,4.48741174528987
2024-10-07,3.074437740379598,5.497864696507962,6.169123098498992,6.321434299691803,4.475404972949979,4.478540493729548
2024-10-08,3.050816277177172,5.490465464013617,6.183947391699409,6.330847408424809,4.477090996386777,4.480554098978788
2024-10-09,3.042086331752772,5.4850043935119,6.1917849850923465,6.337750013489777,4.471389913344167,4.481612260330813
2024-10-10,3.0616225484691553,5.492320458278989,6.190648792336325,6.335998335575216,4.467464968808213,4.47268926681371
2024-10-11,3.0624820942747704,5.5031747451478505,6.192210701370773,6.34196881918781,4.4634175741219195,4.483936005825618
2024-10-14,3.046897352515569,5.501543913908119,6.20056711243142,6.350113798143439,4.464164378750434,4.489931927140671
2024-10-15,3.0275133694484317,5.505006272344553,6.187110055877534,6.342313854367682,4.476248340002715,4.5019206134642795
2024-10-16,3.024840729019616,5.509995415057376,6.187232322410636,6.346650743030258,4.4804538477023375,4.512845200594932
2024-10-17,3.0261779883634454,5.515965867219138,6.187924674915747,6.346736743740566,4.464484179406946,4.504921416912352
2024-10-18,3.020818466830855,5.526528075198731,6.194458016971979,6.350575699546255,4.465230275964886,4.512332654675115
2024-10-21,3.0239483828003384,5.526329054118207,6.196377434406965,6.3489321760565,4.447604894960584,4.492550551003298
2024-10-22,3.041209249337565,5.537058609641845,6.197466844740342,6.348400961987162,4.44858008604997,4.494013724654309
2024-10-23,3.0354886064644186,5.52493485721023,6.182024248037766,6.3392215944265695,4.445868462705283,4.501298666747687
2024-10-24,3.035047212626288,5.532598674344529,6.190100446447719,6.341381953764876,4.452255987597965,4.503473790030406
2024-10-25,3.042086331752772,5.53465354056114,6.196175648946868,6.3410364892681885,4.446628573142572,4.494013724654309
2024-10-28,3.014979727017041,5.534692993858907,6.1963370930043205,6.344123150816922,4.443911556016354,4.497142355491671
2024-10-29,3.0131762466575793,5.545528930895859,6.205899635292151,6.345740222279655,4.445433815976424,4.489931927140671
2024-10-30,3.025732464764769,5.551019720103791,6.198313337242139,6.342710427900265,4.44836350867043,4.494327020056881
2024-10-31,3.0323946584217394,5.535403248316521,6.172746503748041,6.322912762147772,4.449987097800324,4.477266760311047
2024-11-01,3.0217137020641838,5.531292434610578,6.180118184208413,6.327124359249604,4.435788683796009,4.466159155608182
2024-11-04,3.0385730115105534,5.532717333360182,6.1772007791384365,6.324968034601658,4.4511914706424855,4.4770544003077575
2024-11-05,3.0447134268255005,5.534969243800552,6.189877057359081,6.336987218210409,4.456488949852552,4.49024650376358
2024-11-06,3.0337218609354415,5.504111267106467,6.21667779350383,6.3615488015680794,4.428718513660539,4.46873348888107
2024-11-07,3.0438385556837244,5.520059912498328,6.232299374705891,6.369251018965269,4.441168079921651,4.480659956873953
2024-11-08,3.02840272614465,5.51326746991013,6.233467167866798,6.373573480331012,4.453789396430548,4.495475015973641
2024-11-11,3.0122732384050592,5.489516068758938,6.232883561613633,6.37452591235437,4.448912133809017,4.490456166548716
2024-11-12,3.006838563570572,5.480847247689958,6.231071920514479,6.371414637282445,4.433805231510197,4.476523172764979
2024-11-13,3.003654548465754,5.470714862692261,6.229784406692722,6.371900392337495,4.424273852094978,4.48203517703651
2024-11-14,3.0027428970371792,5.468102311160883,6.2228104509503765,6.365449528023974,4.430047659980564,4.473009226658605
2024-11-15,2.9977143320255357,5.466328669745481,6.198696037579114,6.352558150655021,4.4273872338065265,4.4735424977460925
2024-11-18,3.0203704554459563,5.485170292571406,6.2056195802694845,6.356647082917021,4.429161758755075,4.48076580356441
2024-11-19,3.0235017717739567,5.494089721066114,6.212475760687163,6.360295892498439,4.434246318677693,4.4856227658936145
2024-11-20,3.023055053994049,5.499705966098411,6.211899660965354,6.360634662847616,4.43104392918682,4.484357941128531
2024-11-21,3.0301789780442485,5.508010884984633,6.215490460491104,6.365988657337439,4.430269149026782,4.4917131355090385
2024-11-22,3.0310657841569424,5.520820698317005,6.217093045491599,6.369083153647455,4.430822702524036,4.4992227128939435
2024-11-25,3.016779867308405,5.490919215129699,6.218673553717248,6.37246951885629,4.456381033153339,4.513050178890958
2024-11-26,3.016779867308405,5.492855648290653,6.224028370715024,6.377677419639543,4.452491010552452,4.517038963899823
2024-11-27,3.011369601767075,5.495075896477656,6.216123855819595,6.374642731229853,4.459396012285641,4.523448913227951
2024-11-29,3.0122732384050592,5.50366346392019,6.22487225784935,6.380835669742288,4.469664450960889,4.5189765121413705
2024-12-02,3.005020327443551,5.494870515617496,6.235701264876162,6.3826265991966995,4.472064379407283,4.5043012499249
2024-12-03,3.016330135941758,5.4968812688619515,6.238762742400468,6.3830900244124775,4.463397881445475,4.4992227128939435
2024-12-04,3.0109173361585038,5.499910356348029,6.251049967307653,6.389280541108649,4.474086531117377,4.496517513961425
2024-12-05,3.009559592944592,5.492485148138856,6.248275064479349,6.3876335485847475,4.476104254762332,4.494118252616444
2024-12-06,3.0018305085294803,5.492855648290653,6.257184802538708,6.389527243464534,4.477588639484824,4.492654975872751
2024-12-09,3.011369601767075,5.502726522293572,6.249366708662245,6.384364367611008,4.46832870330956,4.495475015973641
2024-12-10,3.0136273983458466,5.515804938274566,6.245953574431855,6.381250533615734,4.463612809543185,4.48087163905253
2024-12-11,3.0261779883634454,5.525293590635161,6.263697348255392,6.388951339031118,4.45411359656187,4.478540493729548
2024-12-12,3.0221611121978134,5.510521292887339,6.257222937959933,6.383785378231638,4.44189170871469,4.476948246758109
2024-12-13,3.0217137020641838,5.498356016663965,6.264848220009706,6.38358684340972,4.43162854567464,4.474075310645321
2024-12-16,3.016330135941758,5.50076831457677,6.279146009208014,6.387847809018765,4.434618990692356,4.470552999024061
2024-12-17,3.009559592944592,5.496922303423316,6.274732595196944,6.383719204337132,4.437049171884444,4.4657294696327385
2024-12-18,3.0004603630176025,5.477550803783784,6.2379886964485065,6.353462593695818,4.42446600340037,4.423594902176844
2024-12-19,3.0004603630176025,5.478970891715065,6.23352544388317,6.353155287488375,4.409209003389971,4.408008620713284
2024-12-20,3.006838563570572,5.489350889154734,6.242220178068955,6.365094847683521,4.414886934621653,4.424714959026413
2024-12-23,3.007603629862486,5.484630972474523,6.251915525642371,6.371065198447593,4.4056721696394225,4.42861811697522
2024-12-24,3.0133233735185896,5.4866210051313935,6.265384523415924,6.382118978528095,4.40989213028947,4.435238958281054
2024-12-26,3.0104674971459304,5.493349497833308,6.264704723717666,6.3821855681057365,4.40932268921972,4.43791954880662
2024-12-27,3.0152226453115873,5.4864552833796045,6.2513225278104745,6.3716032918400245,4.4010901530941124,4.427829702779642
2024-12-30,3.0241956208526743,5.483260504338729,6.237933303594952,6.360126094891186,4.409094933351865,4.4228596459791545
2024-12-31,3.0293538158616404,5.489474792170468,6.229402417677371,6.356481325242816,4.403727589632614,4.431541056507495
