Date,DBC,GLD,QQQ,SPY,TLT,VNQ
2006-02-07,-0.029352228511723588,-0.0380930489410769,-0.004420648201330479,-0.008885914912631243,-0.004735476936492677,-0.007894947916046391
2006-02-08,-0.0042644893530572325,0.004203668006722339,0.011501572369190693,0.009043962757930402,-0.0023207675114416126,-0.004449132554828594
2006-02-09,0.009357884780318848,0.02432330429712337,-0.009534317094114897,-0.0016594750538176939,0.004525535014457738,0.004765307974428978
2006-02-10,-0.018372896734722755,-0.02505311484812811,0.006122015080716636,0.00181714698465818,-0.0055215461530955245,0.0009503426629562384
2006-02-13,-0.015645396249806875,-0.01972231788160128,-0.011540672639340777,-0.00181714698465818,0.00011075291291673395,0.0014243548587455912
2006-02-14,-0.008357331396230627,0.014231835019739236,0.010075122433149453,0.010544278861520873,-0.003550435347641656,0.005518611146050567
2006-02-15,-0.014683181824811875,-0.013487564404801589,0.00633671045137163,0.003516110284687457,0.0024429215815122696,0.008766105219112585
2006-02-16,0.012029430735551738,0.014037950231171159,0.009189693120414066,0.0074607542724507425,0.00022203876768056574,0.0066796384136798
2006-02-17,0.0140724394989733,0.008038016031443274,-0.007976089417168986,-0.0027139209291942024,0.007947705461425869,0.010626383832575304
2006-02-21,0.016457955371872668,0.002906976071377798,-0.01122509411808048,-0.0024870273477590743,-0.0016514372227982577,-0.001226531461524516
2006-02-22,-0.016457955371872668,0.003983369788654656,0.012437659878671958,0.006052213842028031,0.006805154532576907,0.0111343481673849
2006-02-23,-0.0034996405260496743,-0.01272977302394196,-0.002669110471074543,-0.0014705650364605916,-0.0025188585043003364,-0.0016696362687516064
2006-02-24,0.026806875664683094,0.018136151993469518,0.002669110471074543,0.0025528610818827957,-0.0015366727601464625,-0.00533170600358579
2006-02-27,-0.019819904092767793,-0.0075771274774014685,0.01108732533923984,0.00038679619413350963,-0.0016485767843379406,0.0001526375856535367
2006-02-28,0.013399939412828132,0.015275676084630874,-0.014972353034858443,-0.009546964645627654,0.0049386404691413865,-0.003672086522842566
2006-03-01,-0.002149249125592334,0.0005348806365654823,0.013533197805117858,0.008851121863760802,-0.006060073217861284,0.005807732609735883
2006-03-02,0.017910896550401123,0.011343673633042783,0.0007201579899152044,-7.764160535828069e-05,-0.006987748112583514,-0.001219898682850662
2006-03-03,0.009255525018564636,-0.008140248406057538,-0.005773574605691056,-0.004648680166712715,-0.005804815541484043,-0.005508069616740219
2006-03-06,-0.016040902358281706,-0.018832934931586998,-0.008723185639322839,-0.004592889729910787,-0.008769084920475567,0.017941987111683932
2006-03-07,-0.01760070520308643,-0.005082580890901411,-0.0058579110464052064,-0.0015615937256097112,0.0006772248592601393,-0.01212885461957125
2006-03-08,-0.01615400250097654,-0.017995335485148978,0.0004896086727268489,0.002107575925593963,-0.0003387197151454302,0.005172834028004836
2006-03-09,0.010072396592846644,0.004990315328593731,-0.008601410556454248,-0.0067286236237489305,0.0003387197151454302,0.008160651509865335
2006-03-10,-0.004367016445381289,-0.007587707988952808,0.0009876082535082986,0.009454504128503238,-0.0037305077473002157,0.008990378534329935
2006-03-13,0.013043626351211923,0.008877430744536507,0.002953581568123198,0.0018647667488247421,-0.0007939761999526951,-0.0065851244745793736
2006-03-14,0.014580120915740569,0.01025833427168843,0.016819716455263034,0.010423707670077498,0.00666573494907885,0.007181177393376981
2006-03-15,-0.01113038504309527,0.004545875722809178,0.00842456413807735,0.0044459204822633325,-0.0054192843629747856,0.018755810793408934
2006-03-16,0.008572784729638627,0.003983369788654656,-0.00842456413807735,0.0020629074607807496,0.009016820324182273,0.010334081151396113
2006-03-17,-0.00470593947397191,-0.003983369788654656,0.0026331797177157057,0.0008347160284705168,-0.0030334798775033534,0.008938182126625449
2006-03-20,-0.02079789665200904,0.0009066867676157386,0.0024095703796329637,-0.001609027586899181,0.0015740125363761237,-0.01697501888438735
2006-03-21,0.003496371020040634,-0.006181771283939597,-0.010646399185230582,-0.006307970397764429,-0.005182250801477384,-0.011666203406343278
2006-03-22,-0.001746552280607272,-0.0014601541144712016,0.0024293670411643653,0.006077631056144561,0.0021438406257554554,0.002225608138760382
2006-03-23,0.016901803165728424,-0.0009136453209697137,-0.0029159929313782307,-0.002072893388485042,-0.003161015560374736,0.0026639572005198175
2006-03-24,-0.0021510983803390005,0.018295924223277638,0.005098556057047787,0.0007681071816545426,0.007323012159683007,-0.001479195408561118
2006-03-27,0.006011308990237385,0.012132179396417087,0.00024156480936499136,-0.0014601127247226842,-0.0037112727222421427,-0.011614399551121757
2006-03-28,0.012760561553739613,-0.005869256761886099,-0.00412367431326377,-0.00617218450702417,-0.009395107387956791,0.011022161068636738
2006-03-29,0.006739646123356202,0.017856008967773285,0.01878223758930586,0.006249296251768399,-0.004788222745687687,0.018491976131231436
2006-03-30,0.012101334715103107,0.02645609134285465,0.0030960766305070386,-0.0017706427433736849,-0.0069958579306264035,-0.014500892997451498
2006-03-31,-0.007076192183842256,-0.008569032949187871,-0.0028578711165896387,0.00023102750651471382,-0.0003447150013937694,0.002063454364352957
2006-04-03,0.004584443888611123,0.0063481854701166185,0.001191240634022872,-0.0007706121315607106,0.00032390792336212115,-0.01737609958652886
2006-04-04,-0.005420232750029896,-0.0023972509081575666,0.005463618502497436,0.0063774754000380796,-0.0010401503905024256,-0.006915455806296489
2006-04-05,0.0062515055737151215,0.005641488791231275,0.009432384674005423,0.0034410677848892846,0.0013867666866329564,0.0054163682657510925
2006-04-06,0.017706794889515542,0.010513899447594177,0.0028127456638329384,-0.0010697389710383476,-0.007650154065653059,-0.004059288123303251
2006-04-07,-0.004499951665290602,-0.011707924234642952,-0.009641192985525127,-0.010213725382514305,-0.00982331059338959,-0.015179855872942571
2006-04-10,0.01828228465614279,0.01709151230827821,-0.0014187973788297725,0.0015421199992848855,0.0018795108300984076,-0.00952728998637431
2006-04-11,0.0040174780554016465,-0.009948655844000953,-0.00807820462392117,-0.008514209545361417,0.0035114699591529686,-0.002474303560140001
2006-04-12,-0.00200701149933602,0.007092261888307583,0.00023820551391739997,0.0018637072323786086,-0.006095278472704635,0.0
2006-04-13,0.006407943950936801,0.0011771580379686952,0.004045608174932713,-0.001319896038337376,-0.007080715980563479,-0.013245001137200507
2006-04-17,0.010720758023999188,0.0263718766078469,-0.010505944883605789,-0.0003885415550985982,0.0036638724861424166,-0.002827860139463123
2006-04-18,0.01294901246017277,0.012363885008428,0.019021642767664826,0.015730985762125727,0.0017690411532269579,0.024090454594360544
2006-04-19,0.00969936902171531,0.030257109870676757,0.0044641547338239995,0.0019109307637803497,-0.006144439199829765,0.01220931413794979
2006-04-20,-0.01165058347379544,-0.04475128767863801,-0.0035228354648890736,0.00137405140723601,-0.0008294469273888438,0.0010614381225764191
2006-04-21,0.020874149261385977,0.03608641686474101,-0.011834435137640043,0.00015206835780467998,0.005794901700213906,0.0001523822609983405
2006-04-24,-0.020093281678994934,-0.024831058863614253,-0.0009525307680586792,-0.0018314205135814277,0.004000824237679446,-0.00516518875046712
2006-04-25,0.0031176678813849,0.018163277608642225,-0.0021479834854387647,-0.004133510240222904,-0.011933221615505474,-0.007644320427152351
2006-04-26,-0.003898535463775943,0.013762817006708339,-0.00023790708843396402,0.0002298477905098295,-0.00166598783154015,-0.0030739594961697314
2006-04-27,-0.015748597142593024,-0.010899759408640186,0.009510230261648545,0.004819707509569504,0.0013088477152707334,0.006291871875882649
2006-04-28,0.016529464724984066,0.03327128175431682,-0.009749687415028241,0.003352400338927808,0.0007139801231494936,0.0036646682557375243
2006-05-01,0.010869715891404397,0.00107496861359202,-0.009845141836829718,-0.008172107848497312,-0.007543206940568314,-0.012113982346658059
2006-05-02,0.01151650091724532,0.02110775076209226,0.002650965560926366,0.007487178852576548,0.00263981329507601,-0.0102341857719348
2006-05-03,-0.018101936510625638,-0.0013533415469026977,-0.0014453251545547552,-0.0037359480879999296,-0.0021595814670636315,0.0018683602132627541
2006-05-04,-0.012121288692009902,0.015231058274022047,0.008161802477022473,0.003584482944658518,-0.0016833013793142726,0.014057798153156664
2006-05-05,0.010954676275370723,0.007529296693737919,0.007858241579907332,0.008791452156224011,0.0059985028931448525,0.012803040323846382
2006-05-08,-0.002727368757739157,-0.006344548315854404,0.0009482257728969934,-0.0012079480025715128,0.0005976424964306837,0.004382126540880993
2006-05-09,0.015486134201206259,0.030897281121183617,-0.00379894700823602,0.0019622586530312347,-0.0005976424964306837,-0.0004525871325973263
2006-05-10,0.02466452286167664,0.009995755944479434,-0.00883992060428529,-0.0005279410077401181,0.0017922025676164743,-0.003626536464405028
2006-05-11,0.009697975843097506,0.009193212955576513,-0.022571284567077132,-0.01214457230992494,-0.004906877602746551,-0.018643640414000018
2006-05-12,-0.003346376170744847,0.0012663240006522969,-0.013592199120173287,-0.01314407206113355,-0.008314442548718048,-0.012728983383945014
2006-05-15,-0.03447950437593539,-0.05357520063337784,-0.0007467450266198661,0.0020093258301239203,0.0039858376411969765,0.013654048375741024
2006-05-16,0.0030790815352874645,0.017644876407502785,-0.007497721073349339,-0.0014678673246111273,0.007443279942651149,-0.003860417910400482
2006-05-17,-0.0015383093718912555,-0.00672712506620865,-0.01364068746641367,-0.019207428079415223,-0.006239342835358208,-0.018896580114779127
2006-05-18,0.00038470667840551087,-0.010176364470453336,-0.006890302604776188,-0.005058537723044765,0.013509505321800841,-0.007754986064149261
2006-05-19,-0.022175538718733456,-0.028264016724660834,0.007653108019990196,0.007027322209845366,0.0026091375921843962,0.0023807297194653465
2006-05-22,0.007837008393985823,-0.0042787163206261525,-0.009703898046582005,-0.0076612230856278885,0.0021300312732277504,-0.0026982817455603048
2006-05-23,0.015492133018233378,0.016403681898371048,-0.009798640111867929,-0.007639822861871259,-0.000591372496621112,-0.011026827193321598
2006-05-24,-0.025692138022893385,-0.03557565884540992,0.006714547682099337,0.007957569087602145,0.0004724247284464411,0.001606050193657893
2006-05-25,0.01720097552134714,0.009941048269268116,0.013042091890045349,0.012287925941909528,-0.003907822231285607,0.01859625706309842
2006-05-26,0.00964352828698356,0.00616337143648682,0.0032968908837789357,0.005076333553421186,-0.0007123988659518687,0.011897650570137586
2006-05-30,-0.005388795297899929,0.00015363084740815935,-0.02175913830126186,-0.01791981121448849,-0.0004749568217596867,-0.008281789572601728
2006-05-31,-0.015166436108929204,-0.013607713088968687,0.004647873936214353,0.01111973147001688,-0.005958623436873811,0.001724558948655197
2006-06-01,-0.01222183380343278,-0.026344325345323938,0.023422243073924598,0.00952245048606759,0.004453806561352636,0.018161340064148046
2006-06-02,0.019639318719759213,0.014913787710007398,-0.002519231170383218,0.0020954349101955927,0.012819542472326972,0.011470250940895266
2006-06-05,-0.0027264001745335165,-0.003312552645839517,-0.021933726077834503,-0.014681089181157958,-0.0012981729478043214,0.004854851585666786
2006-06-06,-0.0086173605326203,-0.011761128537159493,-0.0007741366437139519,-0.002441802721302011,0.004713242570171694,-0.012027502184489336
2006-06-07,-0.006710109852519963,-0.004325897350091701,-0.007511904233870936,-0.007519559226556005,0.00023407656985208192,0.007020797790719069
2006-06-08,-0.010750639389980332,-0.022242965022298833,-0.001561305414881975,-0.0008744831432849764,0.00199580813866973,-0.002131560184489345
2006-06-09,0.001600034216726165,-0.007580772661454738,-0.006531806237552118,-0.003185598090907682,0.005263953691862611,0.006532442181178766
2006-06-12,-0.012062934533108916,-0.006972172752934824,-0.01985471828220753,-0.010909181991800132,0.0008158560371338552,-0.012034766580948375
2006-06-13,-0.027477576872669385,-0.07092235174749462,-0.004018403334165477,-0.01168173806412387,0.0006991954751081053,-0.010321141937234657
2006-06-14,-0.0004159457259307331,-0.00537923557935116,0.010148984226757918,0.007721785602236686,-0.010068509003152926,-0.00855311797481173
2006-06-15,0.010757269673843606,0.03010676803387824,0.026745362090993208,0.02099297346920448,-0.005781028926286513,0.020711916056078472
2006-06-16,0.002055592092075287,0.006260900631636979,-0.007380128687859422,-0.007314032293186834,-0.0022509950769422638,-0.0019907643311296574
2006-06-19,-0.018653334780331488,-0.023150800407539585,-0.008118222942703923,-0.007893071315836053,-0.0014245349887502812,-0.006921337108249048
2006-06-20,0.008333057004746625,0.016540912545872644,0.0013139625040721192,0.0033906173432702857,-0.001665226536760489,-0.005262115483941621
2006-06-21,0.014418435241074778,0.017815961750978992,0.015633532507129733,0.007386755472559514,0.00023857363768176043,0.011569895730431323
2006-06-22,-0.0004090411133503835,-0.010339611013395533,-0.012749648944915037,-0.004409691385347969,-0.0057256731949308914,-0.007079752525791072
2006-06-23,-0.0020479163442175263,0.00449364968896937,-0.001047722911678317,-0.00016051173264042262,-0.0020363056467940233,-0.007597742024731957
2006-06-26,0.011009176784212205,0.004988349549092774,0.002617368555624111,0.004409868783096016,-0.0019187654405565802,0.010608615122190468
2006-06-27,0.0036431175791835635,-0.010348462113978663,-0.019002600012466342,-0.008678046456044086,0.004910825638738903,-0.0010901062824499874
2006-06-28,-0.004048479486356005,-0.0024301242329887174,0.00743356960539332,0.006756442652245731,-0.005272059587698941,0.0029555902050875105
2006-06-29,0.021670165310322176,0.03383202418121112,0.02996147006184957,0.019998808469433804,0.003359118405170669,0.021973071391592214
2006-06-30,0.004357159610906436,0.028324859797971058,-0.004888269874111284,7.825809263284356e-05,0.00965233269126431,0.007569429853101273
2006-07-03,0.026137669964137356,0.015396151524819324,0.005914678701057774,0.004077471364228202,-0.0009891014963665512,0.018382344233951464
2006-07-05,-0.007730885935450349,0.005133147203807198,-0.02203621703734715,-0.005728421776234782,-0.00801618032802276,-0.0016304478909403564
2006-07-06,0.00657524643361862,0.00828558685055647,-0.0010488217863944271,0.0029076080242917968,0.006108321322328525,0.002370373883092469
2006-07-07,-0.007351660412488137,-0.006207730001220213,-0.011082162298776232,-0.006534249219644295,0.006426415875872227,-0.0041516520636681875
2006-07-10,-0.007014892690350827,-0.009787492538485765,-0.008794543055212767,0.0018938354826314452,0.0009484014036846844,0.007843937949994828
2006-07-11,0.021664376651068018,0.028453018348613135,0.007467093168076033,0.004404878264100631,0.0031954812940355737,0.0016207308787516972
2006-07-12,0.009901005668385476,0.017245775039784306,-0.01904332512115836,-0.010731661239761436,0.00023616157920303138,0.0026457981721788038
2006-07-13,-0.00037905686238337566,0.009657542324286617,-0.0169311371616363,-0.016396938480279566,0.0038905357361067594,-0.013597687265973324
2006-07-14,0.004538681930224442,0.004566148251358371,-0.01024206322261767,-0.003878660721820637,0.0005887554468784195,-0.01378447012233286
2006-07-17,-0.022901789875997114,-0.02927786506214769,0.0025012604571270636,-0.0014584185985464515,0.0015268851904166603,0.0
2006-07-18,-0.006196804719521332,-0.016555351989900657,0.00332524986078786,0.005095097714675312,-0.008608641463652145,0.014974436350522868
2006-07-19,0.0034904322968820622,0.017805516500960294,0.012917014897412482,0.013779238141374606,0.009429612573207624,0.015339482184725473
2006-07-20,-0.010507966119345014,-0.023545337797397536,-0.01485621916047064,-0.006865841700849806,0.0029284331252728,-0.008230571762151584
2006-07-21,-0.0027424220887981576,-0.013360389171752196,-0.010587582910210891,-0.007074809308324603,-0.0018716409749117702,-0.01651697031837074
2006-07-24,0.004306177156987001,-0.009279671017174529,0.019692590669192267,0.01806854665918234,-0.0005868379340427943,0.016369591357147772
2006-07-25,-0.00863107249614714,0.006683533755183824,0.005751211401489265,0.003559828819811095,-0.0029360741579935734,0.005152254942979884
2006-07-26,-0.0067206263280530365,0.007284544810071125,-0.0008190219264645471,0.0013410794616293131,0.0036392458428471386,0.0035182317605944036
2006-07-27,0.01925023428797612,0.014411802920109018,-0.00658171428481058,-0.0009466621958420518,-0.0015246835519504565,-0.003224297127141895
2006-07-28,-0.003508025453309749,0.0033330573021812526,0.020693019663486023,0.009973194508151373,0.005734031803870554,0.014428612203023494
2006-07-31,0.009714538377638249,0.0007919417041648558,-0.0002699296630188641,-0.0010164855243086635,0.001282528791205273,-0.003333853512987428
2006-08-01,0.004629642840628723,0.018199433154515887,-0.016852837601866177,-0.004939742424023841,-9.361029439025614e-05,-0.005240064207613138
2006-08-02,0.013381831744172956,0.006663080453584769,0.011176851250104924,0.006737377844601156,0.0037372601373077963,-0.0018989797411887999
2006-08-03,-0.009540209471519567,-0.00977733000326797,0.006215352179918199,0.0026508570150474142,0.0002333448071785149,0.00945955313457203
2006-08-04,-0.0011509471153248185,0.002492151302528889,-0.004590558682707524,-0.0017150038148088242,0.006042050919499609,0.015664739845680842
2006-08-07,0.015616400679605125,0.003416701922818177,-0.006516350079840194,-0.0023425694012271236,0.0005791983981788817,-0.00988802897856722
2006-08-08,-0.014082037233416944,-0.008250981257249101,-0.006285294667475405,-0.0038384267546796025,-0.002202160172840806,-0.014943704715441708
2006-08-09,0.0015320127813160944,0.010264414233311925,0.0013695099006176825,-0.00338081743519858,-0.003254346387053797,-0.006158479909984749
2006-08-10,-0.013097165065089289,-0.02158352917015982,0.007092441063447641,0.0030664243032445526,-0.0015136133947408759,0.0007355057608462445
2006-08-11,-0.009741128106480978,-0.008574217652083327,-0.007092441063447641,-0.002830091274552693,-0.004324216549030702,-0.006192463507421309
2006-08-14,-0.009441560838964413,-0.007362374610729638,0.006548417671459639,0.00078668017237149,-0.001757864430490308,0.009567145542891176
2006-08-15,0.0015799077301168474,-0.003862900050709328,0.024978592750915407,0.011887927230564088,0.008410523882959708,0.011359911391657818
2006-08-16,-0.010712346799065298,0.0077109355066493634,0.02333249513851543,0.008283804987627263,0.0067234397368540755,0.001880782148635074
2006-08-17,-0.01567870784465697,-0.023641044246042853,0.003621248963900481,0.002541108986054752,-0.0003464255024634433,-0.0014460727475125168
2006-08-18,0.0052537585083500815,0.00016387542029772106,0.0015484678439277033,0.005062675006618278,0.002884894207658917,0.004477467344602637
2006-08-21,0.008028634860973494,0.022676671678449445,-0.009584501241045817,-0.004293835555006176,0.0035674008192860818,0.005747909512212157
2006-08-22,-0.0016005785331252298,-0.006265574298404353,0.00025984418319335845,-7.713678095111476e-05,0.0003436233199880512,0.0069965206504636335
2006-08-23,-0.010467016754737823,-0.003551786170238991,-0.007574142500419434,-0.0027704502369383377,0.00045959422192920485,-0.007713387130032334
2006-08-24,0.014463909763196447,-0.0012947376767309393,0.0028793539196261264,-0.0008475143690445108,0.0018336471592723669,0.003864193644883329
2006-08-25,-0.00039892318147893846,0.0003238416104975883,0.0018290567036371996,0.001233020121746975,0.0014886543505512329,-0.0007148654109725427
2006-08-28,-0.01568501301138392,-0.012543952945272885,0.007539275667908019,0.004764636912129916,0.0009139578781298674,0.011794877093428635
2006-08-29,-0.0016227528570658123,-0.0009841131508823153,0.003102645423172845,0.0011496302200280084,0.001370147493751972,0.00014080093807411487
2006-08-30,0.014910686583766708,0.007845734178220098,0.004637196860986403,0.0006119721251485188,0.002620771772525732,0.005914714025415435
2006-08-31,0.0,0.014065428763227139,-0.0010283253818896831,-0.00015306334815790024,0.0023869124626001437,0.0008420132233197819
2006-09-01,-0.0020019968848909997,-0.002411019821176197,0.005387634277681297,0.005952932589956106,0.0003423196188410138,-0.0057683739872285145
2006-09-05,-0.0016044303273585747,0.019442862996544186,0.009676795448499753,0.0019007351228523817,-0.0062876958107001,0.010108195199924008
2006-09-06,-0.005232709423639292,-0.007922716060125623,-0.02022347830122495,-0.008849277585373017,-0.0013760944749918735,-0.004760367451397851
2006-09-07,-0.0032335069380429182,-0.025946191654282025,-0.00466523376459449,-0.0046075937782079635,0.0019502892915377323,-0.008173950758639581
2006-09-08,-0.008130103023935575,-0.010009118155884345,0.005957464477511998,0.002843964978542779,0.0008013948483607258,0.009435863710958614
2006-09-11,-0.023540067364740125,-0.03592797703114137,0.006179408243088158,0.000997535407163852,-0.0009166318486411029,0.0032188924014011633
2006-09-12,-0.016007217005355123,-0.0030816717701886986,0.018312140480447603,0.009767488015577364,0.0050307031422272,0.012772824978450004
2006-09-13,-0.002550973515695887,0.005130834594120337,0.0067814152654746,0.004016193226260789,0.00045514703796634137,0.005639825433177759
2006-09-14,-0.005977735293074549,-0.024696883147300674,0.001000539530941591,7.557838613436729e-05,-0.0022810638522297033,-0.005364480633929247
2006-09-15,-0.0030022695891931406,0.0036652959943346275,0.0035713989587424777,0.0023445071396768213,-0.0007997253395064519,0.007967357410107567
2006-09-18,0.011955576776109922,0.014356348078949033,0.00024919860880068256,0.0013627290779343326,-0.0016021058879553962,-0.0071403176557498504
2006-09-19,-0.014967094455243135,-0.022753936934989838,-0.006752829409379935,-0.0025004227220835062,0.011159517342758551,0.007414066708690381
2006-09-20,-0.0060501718249375,0.005955529304155327,0.014449991778439308,0.005296901065348081,0.0014721712143628274,-0.002190943804275758
2006-09-21,0.017189785044608552,0.011978312594347784,-0.006202607586486497,-0.004841684911566446,0.009117180170860273,-0.011164921763842095
2006-09-22,-0.01157082318501157,0.009446171286572103,-0.0077457983244579864,-0.0030378336797012295,0.0049187967609087835,0.002629650002988093
2006-09-25,0.0021530545236121412,0.0,0.01740457645394944,0.0076529115545920234,0.007000781256364164,0.0015065055738245903
2006-09-26,0.00429194271005473,0.004094200107173762,0.004918053752913654,0.008269233376841711,-0.004217120508277272,-0.0023725747329956803
2006-09-27,0.014878019898388217,0.018051939672373507,-0.001227056119718295,0.001196614266492091,-0.0028952320456965275,0.008761862011780863
2006-09-28,0.007984728649730766,-0.00033445581216273723,0.0026975824245312197,-0.0003736035442107877,-0.0016739512993182437,-0.0020788900389434595
2006-09-29,0.0025084158798929224,-0.00536643396032499,-0.004417533764065951,-0.0008230107222813032,-0.0012298467513316425,-0.0009717633034203033
2006-10-02,-0.010915234192423906,-0.0053953880237056495,-0.012625946048779646,-0.0037498705422693845,0.00273566319514007,-0.001946181605710695
2006-10-03,-0.01659975388349233,-0.0350973728570958,0.004226128081073366,0.002100991696998733,-0.0013437909997322528,0.00969373366095505
2006-10-04,0.007269649599249028,-0.013042160218877719,0.024263632926787793,0.011630359255113909,0.0072622116955156635,0.011509931565016007
2006-10-05,0.005523768366090032,0.009709657907544411,0.00483025374953483,0.0019250936792793993,-0.007037869286825593,0.006518531253859372
2006-10-06,0.0038063359181532697,0.0012291022461248247,-0.002171152713156932,-0.0012587706344255878,-0.01048131486491144,-0.006245574417768296
2006-10-09,0.027478911270065076,0.003678068424993519,0.0033753745172879768,0.0005923928502076237,0.0027155945330865627,0.005703815670937473
2006-10-10,-0.027056821607264858,-0.0035026438893037692,0.0016833708525663127,0.0013315819457000444,-0.007940063171119949,0.00013537838011368208
2006-10-11,-0.013594278194748899,-0.002107463561167755,-0.0019243139037565804,-0.0011829093155339976,-0.002965790844592142,-0.0037983717945326845
2006-10-12,0.011059165452878439,0.010667244557621025,0.015763796638557093,0.008622197868519699,0.0005708348428075105,0.009066004680089002
2006-10-13,0.021344389843077405,0.01861156606024217,0.005435066288307144,0.0025648023428939126,-0.005034614147986893,0.011383484815815859
2006-10-16,0.008657899565748028,0.01019201085169641,0.0009425951472672445,0.0015356977256155702,0.004463779305179383,0.0021291542840295996
2006-10-17,0.0008207973963094695,-0.008827024626767432,-0.011128343689583264,-0.0031474978081780236,0.0007993042348939383,-0.0033280771803396725
2006-10-18,-0.01612614140197355,-0.0010235649551439963,-0.00477357234793363,0.0013190263010534053,0.0020525056584497214,0.005053878294090097
2006-10-19,0.01653618895389597,0.01389852363823163,0.0023895281303945026,0.00160927627344698,-0.0018243312498138486,-0.002390624097441396
2006-10-20,-0.014038116047910165,-0.0106609195758125,0.0023840442175391274,0.00021919523367763816,-0.0010274786435298111,-0.0013303910973343491
2006-10-23,0.0020766382644032966,-0.01750517469820778,0.01018574854231602,0.004593472260018494,-0.004005725958771134,0.005974086477754881
2006-10-24,0.007029378450967183,0.007073260919780999,-0.0068581355032191205,0.002977680133259497,0.0,-0.005175592897753933
2006-10-25,0.017562154021765863,0.010091596295867866,0.0068581355032191205,0.003403206002717596,0.007881525079328267,0.005042797883797245
2006-10-26,-0.0069062873224718935,0.00897935041989939,0.009150175070623767,0.003103034865647558,0.006465411646662034,0.009879369015191042
2006-10-27,0.0028495959113241653,0.0018535788960054589,-0.014349545126649765,-0.006288348707257363,0.004623898658890013,-0.006707302343994304
2006-10-30,-0.010625383345232553,0.00838227853837914,0.006377107862487907,-0.0007251386987299213,0.0028086339747153133,0.005658205410492556
2006-10-31,-0.0061817449170820105,0.005660080759457564,0.0023511131330264945,-0.0001457596038241249,0.007713247257004063,0.0017045391239944863
2006-11-01,0.012733716649526716,0.018421555651428,-0.013714599481804424,-0.006771855759614809,0.0055176294011149984,-0.007758587575944276
2006-11-02,-0.00737411851721248,0.009085032704113871,0.0009518164122637174,-0.0005851300176997754,-0.004121110038542319,-0.019192777972064423
2006-11-03,0.012260127386738873,0.00611821383701372,-0.0026204757453789362,-0.0017557599591055961,-0.011902039227405403,-0.011096785240254814
2006-11-06,0.01731473462832822,-0.0066028076577948625,0.014444252409071101,0.011215722509193782,0.0029316220990045494,0.009210746997300845
2006-11-07,-0.0023982298066114183,0.0024207471759938315,0.00679344726231168,0.0038310427066425845,0.004607555608478364,-0.010980912328582892
2006-11-08,-0.0012009859989343674,-0.015103824170810576,0.004658212080665081,0.00216186045549982,0.003580435322214637,0.0034025300552658067
2006-11-09,0.01313455479946235,0.029665243715548684,-0.004658212080665081,-0.005269499366981734,-0.000558495024418626,0.0014928008360137746
2006-11-10,-0.021179820998398657,-0.007334201809368501,0.004658212080665081,0.0004347910702184876,0.004349175295306651,0.004060930104743843
2006-11-13,-0.007296205869915973,-0.004812377767143161,0.010174372261553266,0.002456214542691626,-0.0002222322713838487,0.0024291608826318978
2006-11-14,0.002843807588292613,-0.009045410728369063,0.01052599786739794,0.007476521755020116,0.003887514683179827,0.012589230261994988
2006-11-15,0.007678469779103025,0.0034016244413850316,0.004089085029849837,0.0028612304851725057,-0.0037760778203241863,0.0011970387462096888
2006-11-16,-0.025276758962666346,-0.00860742257289715,0.004298114902520744,0.002567649823112639,-0.004573832079989515,0.006756517059635314
2006-11-17,0.012310338669662357,0.007636683557831425,0.0,0.0002849486465175133,0.00568586867101839,-0.0038368269544966083
2006-11-20,-0.003677058033126901,-0.0001618506129794639,0.002029556192838289,0.0005694976680103991,0.0015553569930375488,0.034007908087228866
2006-11-21,0.009370370454200305,0.008061959117047657,0.0013507861169643753,0.0009958411717816418,0.0024389087679215216,0.016012538254672304
2006-11-22,0.0036431175791835635,0.0036867805067242188,0.00627972109488617,0.001989023549617386,0.0016599251506033141,0.004402585284716487
2006-11-24,0.013643967410250646,0.015873349156289684,-0.0017903996584625048,-0.0040529781179499125,0.0017664167074280535,0.004258457485578848
2006-11-27,0.002785986843636845,0.0031446686565432813,-0.022880457519043773,-0.01384684917050194,0.0036358423697144815,-0.02736809924218564
2006-11-28,0.002778342039496895,-0.002042918407497041,0.002975315784234045,0.004325288901471325,0.0020866004249544545,0.0026945182172180004
2006-11-29,0.012603537238846219,-0.006470469176145244,0.006830335013054967,0.010376032905297983,-0.002306635112383937,0.013993406653719287
2006-11-30,0.008961823643261368,0.01928714509956464,-0.0006809379150189976,0.0004266894673889965,0.006576905687142531,0.010430248986777801
2006-12-01,-0.0003880277119323594,-0.004201961494731954,-0.008666167580323236,-0.0022080240271264984,0.0025404239880217894,-0.0018766531353375804
2006-12-04,-0.004667458179638206,0.0,0.013648810077395268,0.007601767596372433,0.0017485077366128365,0.01158110993363648
2006-12-05,0.0031139334283349918,-0.00484643117455974,0.0036082643998254227,0.004308122807546333,-0.0047055629123859966,-0.007705709254765658
2006-12-06,-0.01330232592494518,-0.01770801602200489,-0.0036082643998254227,-0.0008464770761937856,-0.0019768840256699782,-0.00563090959809065
2006-12-07,-0.003550933352438612,0.0006378714314729805,-0.012733166037032007,-0.004381872431325817,-0.0007703052259451226,-0.0061671740360309535
2006-12-08,-0.007936335914552561,-0.01089929545623125,0.004566498741219949,0.00184015034305407,-0.00728769738014412,0.0032773834191694995
2006-12-11,0.0015922948759570232,0.008345425777865678,0.003638001191768492,0.002894707758498427,0.004313079696833366,0.0022624284860035537
2006-12-12,-0.0015922948759570232,-0.000799412257770804,-0.005918542151999162,-0.0007758351168209998,0.002094128509880111,-0.004529987163546689
2006-12-13,0.00039828752227677455,-0.0006400146702842946,0.0018249096157010314,0.001057639103443364,-0.00895813734743367,-0.0051847507797595505
2006-12-14,0.011483005268535074,-0.005778517118766757,0.011104591914333106,0.008772496605780056,-0.0036739442217319507,0.0007607980987893725
2006-12-15,0.004713289499941986,-0.01819411691278905,0.002568866796343716,9.12829497305978e-05,0.0005573031256385086,-0.0075019738927020185
2006-12-18,-0.017821587666205563,0.0006555378017001345,-0.009951899504647255,-0.0027440409575616442,0.00033460928599593487,-0.006273880979691171
2006-12-19,0.011781699240623666,0.012373950143334866,-0.0031878259630611083,0.0019010239004284557,-0.0013377744694276217,-0.00851271263510256
2006-12-20,0.002017352219305657,-0.002916876283729941,-0.0036549741968938676,-0.0005629436893093143,-0.00011120206935277821,0.010437829203470805
2006-12-21,-0.010127801799094893,-0.003902409241344884,-0.007121108890907113,-0.0036646835483971074,0.005008536040859823,-0.00823838168105695
2006-12-22,0.007706414402267825,0.0043891877677531,-0.010428318964400773,-0.006162791591270533,-0.007690236929933647,-0.008816130889495177
2006-12-26,-0.015472582792683376,0.005338490612910363,0.004184427907544919,0.005879743097026768,0.003015819581112744,0.007154118755395622
2006-12-27,-0.002876675360806935,0.003864766114699769,0.005090567651822031,0.00654772772033585,-0.007379370460761425,0.008937176534644209
2006-12-28,0.007380251550789474,0.010869676876565926,-0.004858061216435505,-0.0021077765849186747,-0.0022567504111288272,0.0027434041594114333
2006-12-29,0.0040767469529594536,0.004916314035106062,0.0009269059643552957,-0.00415690264117341,-0.000791198287902084,0.0046867644099735095
2007-01-03,-0.03224769792426896,-0.014822174634751661,0.0018516504066123929,-0.0017671665206453468,0.007099058264717684,0.0015569783879452181
2007-01-04,-0.026395533926820036,-0.010167073004530458,0.018786291614127926,0.0021197479703811695,0.006044100594913893,0.0012954476143161031
2007-01-05,-0.003457264768173207,-0.02429939556012073,-0.004777380275825305,-0.008008404784599854,-0.004361599102716163,-0.01869213091634947
2007-01-08,0.0051812229287739875,0.005138865501529644,0.0006841718054801937,0.004614446986531462,0.0017917785789083318,0.0014505089671543736
2007-01-09,-0.00865048185559436,0.006099070055031852,0.0050004497826710015,-0.0008501183512121813,0.0,0.012569131164699598
2007-01-10,-0.014879962577808215,-0.004281928882200248,0.011722536956257912,0.003325780013923918,-0.0044863872980518416,0.012797925066803995
2007-01-11,-0.0013234626291147578,0.0006599722253168849,0.01025692077985152,0.004371681846907727,-0.00586166898011431,0.012890427683488248
2007-01-12,0.023129948901916553,0.02508270112828015,0.005088539462387853,0.00756799030398092,-0.004645270213489372,0.003165449159374223
2007-01-16,-0.023129948901916553,-0.0032221221565551517,-0.0006612938179757499,-0.001956606899542912,0.0021552278009222547,0.014058152958956072
2007-01-17,0.008790966160695302,0.010753625266441524,-0.008205505150169046,0.00041930110079668736,-0.0030646880995957027,-0.00037382790258622123
2007-01-18,-0.010558658273470023,-0.00608490388427807,-0.01865431188438116,-0.0033616379113121653,0.0030646880995957027,-0.0012478171510337255
2007-01-19,0.014925687916227837,0.011815588337062088,0.0020396146751315847,0.001962748634814382,-0.002724261125608418,0.009938149742490854
2007-01-22,0.0008708358026670027,-0.004454330886638935,-0.010926096806147978,-0.0030858105504290023,0.002383805972514086,-0.008440742051246897
2007-01-23,0.03128631145214511,0.0237900480290687,-0.002521173162394863,0.002945256260606932,-0.006597892741213585,0.0047249950181247335
2007-01-24,-0.008474836132333685,0.0015556703524106652,0.01638597698138211,0.00802115446154339,-0.00011426226485111712,0.012943736996261723
2007-01-25,-0.008976227967474326,-0.004206007816605073,-0.012950392682614886,-0.011809880717369658,-0.007216179760663799,0.006104638686699193
2007-01-26,0.012374746171497808,0.001715677158220963,-0.0036652274489372694,-0.0009142557042736144,-0.000805111313934237,0.003281380695612235
2007-01-29,-0.02056614099621168,-0.006252915722454233,0.0009178478829388048,-0.0005629932841726415,-0.002189129993589667,0.003270855902630654
2007-01-30,0.027328722663737093,0.007031840163978842,0.0004579957915038513,0.0051955378924617435,0.0011524563210394412,0.004945714888458852
2007-01-31,0.010475601943007895,0.00945377976133166,0.010034517770967533,0.006701063696040066,0.008372597635995849,0.00791134167679619
2007-02-01,-0.0037584457646673286,0.005997701647027398,-0.0015899014239693088,0.005964333025059609,-0.001204134130375234,0.003931863950797254
2007-02-02,0.012887112448605631,-0.01451766719896419,0.0036298776977421454,0.001382490940170733,0.0012623076454807425,0.0017821315578214758
2007-02-05,-0.00330983716408495,0.00046658030477342294,-0.0009059068740171483,0.00027666060657871583,0.0013753062195620558,0.0
2007-02-06,-0.004985534218472143,0.0074361824088731154,-0.001361260059881797,0.00027545471286138934,0.005481989993239456,0.014612775367804698
2007-02-07,-0.012151772683966389,-0.002472627814765538,0.009037689151980999,0.0022063946386419175,0.002957072978040376,0.020724145248311565
2007-02-08,0.022922570192053016,0.013676731531773179,-0.00022519756473116104,-0.0013095465849310983,0.0007948689102987849,-0.007706924667182591
2007-02-09,0.006161455719763342,0.00911592618261281,-0.012905700057594949,-0.007474754881538814,-0.005690212656949356,-0.01161499409658795
2007-02-12,-0.01901679489412267,-0.006829142171961067,-0.003882192510636262,-0.003410228666822057,-0.0022852140741629334,-0.018273191114575482
2007-02-13,0.018197207371375868,0.0025853284272532306,0.0034256899991267353,0.008399953337401733,-0.0021744716575700096,0.019207751854197763
2007-02-14,-0.013616742872166743,0.008017687793249628,0.016731557557772003,0.006545723062696851,0.009468564202021579,-0.007145071271041914
2007-02-15,0.0,0.0006025141558483327,0.005812582946706613,0.0013037942298543825,0.0029477829394606303,0.0073780996398968846
2007-02-16,0.017298505667473485,-0.0007532281767392845,-0.00334939597611017,-0.0004801711345505666,0.003502244724329806,-0.0025698155930182764
2007-02-20,-0.01108610880655636,-0.015949347987074702,0.007575711868849311,0.002124670602603018,0.0022550782159327376,0.007691013854035589
2007-02-21,0.02124271310282211,0.030757753667661092,0.0031027480182586054,-0.00041062853040685354,-0.0016901424003967769,-0.003255626910724896
2007-02-22,0.013649196725593615,-0.002973934507727982,0.0050766764562104605,-0.0007543041857012156,-0.005427146164983299,-0.005371934254520649
2007-02-23,0.006359498052484369,0.008452629597989869,-0.003529003532477315,-0.003915287698522896,0.0071172885653800755,-0.017601281834910498
2007-02-26,0.0027695030634595774,0.00559561545834697,-0.00487217449146371,-0.0008948936977741795,0.006618789822132154,-0.005018048442900991
2007-02-27,-0.01914694196583966,-0.04030198278890573,-0.04194224046525852,-0.03984069779928401,0.012555781896493645,-0.03151281510073867
2007-02-28,0.01518810375034585,0.016225993082466417,0.003236461830707249,0.010198525415520798,-0.004537345279118199,0.007388960326033089
2007-03-01,-0.007165400656697685,-0.009977462163909046,-0.004626538116634826,-0.0029844733216588537,-0.0006343430521500437,-0.010112519058123048
2007-03-02,-0.009231688761992096,-0.03258221712050613,-0.01518541527737094,-0.01318180422611892,0.005001164244752498,-0.015991994023826006
2007-03-05,-0.015031748094218145,-0.01231851936987649,-0.0077986568943893,-0.009564122731720026,0.0016616404035207921,-0.039694955100538554
2007-03-06,0.009370566624369303,0.019201112459463765,0.01647068419139952,0.016964502080583088,-0.0029929590026633868,0.03603585020862754
2007-03-07,0.013693363015296445,0.002335563857059242,-0.003974863137705231,-0.0010026938566900512,0.0038774340447975675,-0.014131256297918782
2007-03-08,0.0015985544988108558,0.0027954715551832265,0.00677173361793848,0.008419945456925149,-0.0008844750421341807,0.015899168510126405
2007-03-09,-0.013266487745144495,-0.003573426484667408,-0.0009319399426046537,0.00028357514588339683,-0.010569748796212863,0.013162674887841952
2007-03-12,-0.009351421544967042,0.0018660049578604898,0.006501291647266427,0.0014906433373917949,0.003906944147939573,0.004968511436401979
2007-03-13,-0.007791646739169877,-0.0101492245340431,-0.019631225152367815,-0.01962495761530647,0.00599843352206042,-0.02382577493616367
2007-03-14,0.0020563468888723513,0.0034466179547409936,0.01452710356678466,0.007422228078395321,-0.004551321044237611,0.004811023194963848
2007-03-15,-0.006181769997226638,0.0006254052126912768,-0.0023286295079301134,0.0013634788946301768,-0.00011059263724533253,0.008926988010137027
2007-03-16,0.0024771793858242575,0.009953475533363232,-0.0007704196238611516,-0.0028039593978528288,-0.00022277131950154683,-0.011202511593848108
2007-03-19,0.004936314271717368,0.0018552126010833447,0.010220864024124143,0.011982927283745504,-0.0021176418925694662,0.009950171753581039
2007-03-20,0.001230112136909156,0.008153245714605184,0.007138754982359163,0.005477137287352107,0.0005580153734836557,0.0040024718161109085
2007-03-21,0.001638119516259362,0.008391277663042374,0.019090546568322875,0.01632330143643479,0.00044587799800988037,0.01203543742054558
2007-03-22,0.016234237109229444,-0.0009119556454928457,-0.0036075266024808705,-0.0007680136514061076,-0.007942790060919691,0.0009864227319034136
2007-03-23,0.0004022880184999522,-0.009319456241314583,-0.0031680661205730765,0.0014658755132437307,-0.002810952062901162,0.000615531963281235
2007-03-26,0.004416966146045365,0.010535173755601868,0.004071444866534435,-0.001326323851754907,0.0012375168764737765,-0.01614319077677795
2007-03-27,0.002800715270884435,-0.002128621706794398,-0.007022220192694384,-0.0023770084260616997,-0.0016890009675254447,-0.010501823013171485
2007-03-28,0.00954256518999097,0.005313198131411845,-0.010741858696776685,-0.007305928623458691,-0.0020298824149356243,-0.00663605950918722
2007-03-29,0.019204930591740776,-0.0060744531806466995,0.0011483858501244448,0.0010564573871292282,-0.0013555214558853557,0.0016632842032309192
2007-03-30,-0.014861402814333236,0.0013699117494949675,-0.0009188280832050921,0.00021144838895725826,-0.0019239393580945396,0.014215148927001042
2007-04-02,-0.00989912324973119,0.001671869276315796,0.0013770578730851746,0.0011268173835619066,0.001658628234780135,0.0062816581154816475
2007-04-03,-0.003986969717667321,-0.00030371572256715496,0.012992363114776584,0.010704222943812347,-0.0012491118568567217,0.008727726943317027
2007-04-04,0.011124238872191494,0.01477704410017644,0.004067964644195232,0.0011134963537964282,0.001022231153016584,-0.004978032558884404
2007-04-05,0.001973742632824571,0.0007481567258942334,0.004948889023231651,0.0027071045074116284,-0.0037540645630849134,-0.0009987575444290187
2007-04-09,-0.01030527546226212,-0.004947934715117341,-0.0024716333894785336,0.0013855272867209223,-0.006631400907992191,0.0018721452176042597
2007-04-10,0.013847818737066753,0.00942493133183575,0.005161319563050437,0.0011760216566871762,0.002977969461105179,0.004104644885709163
2007-04-11,-0.0015729658917242872,-0.0011919224858818467,-0.010575291395234832,-0.004087811754506454,-0.0006864125929584297,-0.015009385058798674
2007-04-12,0.005885746915806678,-0.0013426416202095837,0.007885605221662928,0.004434069271309404,0.0002293591279549645,-0.0068285297327328465
2007-04-13,0.005462295896155656,0.012608614870701196,0.0020174940077279935,0.004552010670133555,-0.0030948256591223355,0.011229573353459532
2007-04-16,-0.007812457675820728,0.008220909434594859,0.009140799273042344,0.009450974145889468,0.005494225997467961,0.0012541358822266702
2007-04-17,-0.0102484082155061,-0.005865141760568626,0.002217189382486051,0.0026556183092010244,0.005578438476188552,0.01294816789209241
2007-04-18,0.00039600691227237306,0.00557263886859527,-0.003327284198443081,0.0012225065398858703,0.00498295557075501,-0.00620428093702019
2007-04-19,-0.0027760001539398615,-0.012508418534408428,0.0031058159180399336,-0.00027162919572010225,-0.001696622689242755,-0.00674388695507222
2007-04-20,0.013804126761191693,0.017177229296497565,0.005521849501795906,0.00939701019012329,-0.002605922197604471,0.007491115152171712
2007-04-23,0.006636732371802623,-0.0064251800327363995,0.0015406264838526695,-0.00377538235635555,0.0036238806234067944,0.011131234474665685
2007-04-24,-0.013712279526779447,-0.007794711983777347,0.005045341994256436,0.00040516935598589043,0.0037228666436961433,-0.006788073027086838
2007-04-25,0.01953198685109525,0.0023594765329768563,0.013259767967572333,0.00913991078060139,-0.0034963589400551776,-0.000619388528154019
2007-04-26,-0.006987559461957282,-0.015138262183911344,0.005169194239846853,0.0011368279760537447,-0.007258975325819428,0.000619388528154019
2007-04-27,0.005051266098763829,0.010265578663395836,0.00042890146491147974,-0.0008024309430751941,-0.00022768434931874637,-0.002480071043905241
2007-04-30,-0.008954659800231024,-0.006981108812969872,-0.01318486840222377,-0.008327120962141166,0.010420349481778501,-0.01627020744451313
2007-05-01,0.001953601409823147,-0.005979893737274367,-0.0008707361437996219,0.00255935780303318,0.0007236078539429869,-0.008745161247544875
2007-05-02,-0.007837040371228898,-0.00044992543576860555,0.01082970065639044,0.005834323967954802,-0.0005649223229760025,0.007861294111124018
2007-05-03,0.004709645829851006,0.012374279286040846,0.003655576737685795,0.005402494055158691,-0.0022636691085882177,0.0026486166724564164
2007-05-04,-0.00195963452504877,0.01031855523278935,0.0008582195718229713,0.003783937109168356,0.004071031374183409,-0.008729457614488734
2007-05-07,-0.004718905894714354,0.0008794717295126375,0.0,0.00019898203907242618,0.0027046611137211407,0.0027915122750670207
2007-05-08,-0.0063266216529345165,-0.0054360341613604035,0.0021419511244631373,-0.0013261661855272777,-0.002253466897444767,-0.006610969090762087
2007-05-09,-0.005170162900450137,-0.006354862494686309,0.0021379431932184723,0.0027159920811108407,-0.003956727708688046,0.01078416489414824
2007-05-10,-0.003995122528322792,-0.021731795382597063,-0.013760968019524977,-0.010507514658847583,0.0023759148118718265,-0.013466273145152918
2007-05-11,0.014703206945354541,0.006794997207202336,0.0126927580490368,0.008520839904373467,-0.0035093459125703497,0.013466273145152918
2007-05-14,-0.003556450390480137,-0.002561565092633167,-0.006863927822712501,-0.0021899105550167164,-0.0026108738314976065,-0.00569497114946893
2007-05-15,0.009848334288391491,0.003915110208388306,-0.0077787046115576075,0.0002662525297187912,-0.00034144475773656424,-0.015345506636735617
2007-05-16,-0.009848334288391491,-0.01422761165968911,0.009714154202289382,0.0068172404179192014,-0.0006825317767407135,-0.012447930106200822
2007-05-17,0.008278978573911466,-0.008265789169946025,-0.004737782252489442,-0.001980974161671867,-0.0041051604447490675,-0.017506387421372338
2007-05-18,-0.0015716377672649884,0.007045504789815027,0.008168713533368344,0.008686485132238353,-0.006650247029658551,-0.010142846664829008
2007-05-21,0.00978291161451006,0.0022867840106517434,0.006402043707247174,-0.0005238535429317182,0.0029874189135021822,0.004015966723112552
2007-05-22,-0.014512885331764203,-0.007182750193709175,0.0008504606906276635,-0.0007875784217539206,-0.005175265292298725,0.014720861610121982
2007-05-23,0.004729973717254143,0.005201235113148961,-0.004686747476284836,0.00013087847346504589,-0.002886141410650467,-0.007664602579160018
2007-05-24,-0.00552035855791333,-0.012126956660006627,-0.014410310962149175,-0.009093627613642852,0.000924743213320145,-0.01685713460227012
2007-05-25,0.012183193990522145,0.0029301036898505828,0.006262902445544061,0.0041618899411304255,-0.0023130234304464814,0.005650601146991452
2007-05-29,-0.02211800073978809,0.001999804547433648,0.007720508647702129,0.0036195406693986243,-0.00011640378558253062,0.035063817762960525
2007-05-30,0.009539240595747067,-0.005393317205398596,0.008084906880768017,0.00811144338898373,0.0020826588952997938,0.026459799620190516
2007-05-31,0.009056918193177221,0.012590365628120992,0.004651170300450147,-0.001042744652560046,-0.0018502648156553114,-0.00404445718259705
2007-06-01,0.007420395628868093,0.013638664251469201,0.0006329785001946142,0.0049450213226815976,-0.005267263404104661,0.0013921481843595096
2007-06-04,0.00890974579113113,0.0015039628582593778,0.0029463062723213973,0.00012960951168672352,0.004546705916713023,0.004039164264391548
2007-06-05,-0.0038639968607458997,-0.002558095808665506,0.0,-0.003966118023321918,-0.006301206135558068,-0.015999996519154625
2007-06-06,-0.0003873858487839499,0.0006025141558483327,-0.010776613512963884,-0.010808428375475465,-0.00046787667392589327,-0.006807703042883695
2007-06-07,0.005022266953700338,-0.017468378797244277,-0.01563020259974346,-0.0182099015164221,-0.01807897181179463,-0.03195225499722554
2007-06-08,-0.017885303531013808,-0.016064616229807704,0.012225271892398748,0.01292761359349992,-0.0008341618858636046,0.011904933394573991
2007-06-11,0.019040742781824882,0.007446446669522544,-0.001920582660439596,0.0017197701130235998,-0.0028685958889185237,-0.015103619458249451
2007-06-12,-0.002697983734782028,-0.009316814217075198,-0.005997877842542465,-0.010965302441229952,-0.01458639513961435,-0.017506436473031517
2007-06-13,0.012656020347193486,0.006685872908955837,0.010898290114744302,0.01485737843150492,0.011830633844143623,0.021901515174405528
2007-06-14,0.009482261366599687,0.0010841741372225044,0.006567200981002497,0.0063656758428347615,-0.0025233087297071854,-0.01082376853323197
2007-06-15,0.006021837048805878,0.003862500064954588,0.009191874396379252,0.005674147905375904,0.006833482436121585,0.010957053464083266
2007-06-18,0.0,0.0015408088972499456,0.00020948252028762937,-0.0011773331757298777,-0.002033477581494747,-0.015535421826940787
2007-06-19,-0.009803994453432274,0.008127107639137598,-0.00020948252028762937,0.0024828927889366526,0.00929609254251984,0.001887884930245054
2007-06-20,0.001136096640774742,-0.01182906884846524,-0.009466782983956978,-0.013994514912277545,-0.00809898311869972,-0.030501896708183374
2007-06-21,-0.004552330033376961,-0.0023207487754053346,0.009048524617407239,0.005542284401685471,-0.0047946618790306594,0.005539840090082571
2007-06-22,-0.0022838705693710715,0.003401908753745353,-0.00947142045604199,-0.009453565140060682,0.00646735661119946,-0.00373623937084977
2007-06-25,-0.003818439941893459,-0.005417527012257395,-0.004238162784877542,-0.004794086108917739,0.005477407522150202,-0.016531793695508057
2007-06-26,-0.011542953835687264,-0.012651498355086055,-0.005750299535162373,-0.010331895039493055,0.00023712081514615235,-0.003860667578827748
2007-06-27,-0.0015492981598210775,0.0007855957384057533,0.015261475261322932,0.01412842935984493,0.0009490641097049668,0.025321213829398115
2007-06-28,-0.003105542020849672,0.009223921660842294,-0.0004208492796711205,-0.0001327319844985908,-0.0002373040604704002,-0.00518144644531171
2007-06-29,-0.0007778719402726786,0.00015552022019793554,0.0016821486243014938,0.0003325521182722113,0.010268235666145653,-0.0037984470610803456
2007-07-02,0.0062065528203349984,0.011601956095052657,0.008992807812457038,0.008999869650033077,0.005242686909645133,0.022851908022405887
2007-07-03,0.001159276571792489,-0.004315647745485762,0.005812795183840258,0.003617006380602028,-0.006115951834249511,-0.002759050980899236
2007-07-05,0.009227315241149725,-0.004955100021672543,0.007219004263720574,-0.0010504486654179246,-0.011270240092833728,0.01494527017794045
2007-07-06,0.008384259134218919,0.008347566280360041,0.004101243051286563,0.00524294091816202,-0.004065031421807586,-0.001225858891183762
2007-07-09,-0.002279710351589248,0.006444677526836529,0.0006140839417043686,0.0007840155683336292,0.003588299072216028,-0.0006812487527372291
2007-07-10,0.007201118909291537,0.00351177337295816,-0.008421230857119877,-0.014341244551617116,0.01680634771373768,-0.02568859127627343
2007-07-11,0.002263282864848115,-0.0025944030574640564,0.006783411967688835,0.007065004945600251,-0.01038260633261201,-0.001960402769181524
2007-07-12,0.002634112249573217,0.008823945975779957,0.015249031839529525,0.01566710926403836,-0.0034443573135427563,0.012813462494346783
2007-07-13,0.0015019968743099632,0.0001514901415573533,0.00683697692593821,0.0029749866723598473,0.0027328053666662022,0.00950351702157004
2007-07-16,-0.017793466099587985,-0.0031854268407078834,-0.0010024767621938935,-0.0001294763090378126,0.009566958834811512,-0.008397509332895847
2007-07-17,-0.006130277399798878,-0.0010640678207991527,0.0075938442081500135,-0.0005168843946066204,-0.002117323408963756,-0.0036003503818018423
2007-07-18,0.011463737411929298,0.01314520293524879,-0.0011953081883850913,-0.0018109571007940417,0.003761278067857088,-0.0022225198784795452
2007-07-19,0.0034136417106300776,0.005837019871234972,0.002985286488844441,0.003877033133578678,-0.00023328262351807183,0.003747430506679361
2007-07-20,-0.0003788767204500054,0.008470214516409946,-0.005379753444753277,-0.010176170517625316,0.008997720475393933,-0.017607799296025295
2007-07-23,-0.0045556081617297295,-0.001629035648901933,0.00039949099853231473,0.0030570706222299293,-0.0016302366910405652,-0.017493294004831128
2007-07-24,-0.007639555239060236,0.0,-0.014889672528295872,-0.017493027243737025,0.0037211524577962507,-0.02043668164481227
2007-07-25,0.008780404403124109,-0.00848408278932844,0.0014181291902879423,0.0020465582005328997,0.0019719346116464642,-0.010895441706285425
2007-07-26,-0.010699334587977116,-0.018861365951098996,-0.00853855451476404,-0.023963653087634817,0.008307753343096635,-0.018527647721813256
2007-07-27,0.009558485423913243,-0.0036624160313225573,-0.020419122023807468,-0.019855359656957283,0.002868048576393001,-0.03374010842589259
2007-07-30,-0.011481285768809801,0.005488548312643893,0.011600958034214237,0.015522444172375138,-0.002868048576393001,0.019157257214369672
2007-07-31,0.008050639200806398,0.0003041087410506904,-0.021232928123049444,-0.011327464221412953,0.007212674493179527,-0.003986736494681953
2007-08-01,-0.0015284878625898557,0.0021257127401828058,0.007754447387926522,0.004860330610067187,-0.002166857416215695,0.013126012845159796
2007-08-02,0.0015284878625898557,-0.0006069020914543088,0.009143935005909931,0.007958240595502097,0.002522032315042999,0.016392583011299866
2007-08-03,-0.011134631131587636,0.012068377589955936,-0.019215361918069718,-0.02608246382095647,0.006617598898760235,-0.03939987566061287
2007-08-06,-0.013997116325994874,-0.0025524493927964187,0.01153176936267597,0.01662111935297439,-0.007304838002064606,0.03431537229534731
2007-08-07,0.005466561474560372,-0.0006014028171161812,0.007062795694029234,0.01061246524177406,-0.000802415492009434,0.005531854837578898
2007-08-08,-0.001558867027907418,0.004352626551118455,0.0109109519345858,0.013844599787508294,-0.012226929605378078,0.03875012605456174
2007-08-09,-0.007830903517391796,-0.019814572506724026,-0.02340832763865608,-0.030081839129290522,0.0013906676236827842,-0.01110561806823096
2007-08-10,0.0035315156695996386,0.01681476594135134,-0.009053772406501182,-0.004687987593130494,-0.002320230139657209,-0.03063065920155239
2007-08-13,-0.0070755471549768245,-0.004667591916456715,0.006745545114274165,0.003587073766738058,0.0028999419063708842,-0.004797277398732369
2007-08-14,0.003150890416166341,0.0004526409523712971,-0.017163161854982345,-0.01540417980531128,0.0026607288238387206,-0.02912021857861724
2007-08-15,0.00744374468132758,-0.0024166099107443273,-0.019204935605339202,-0.013871059596163526,-0.0035878272536065126,-0.01700609581899215
2007-08-16,-0.01732321470370879,-0.02217042072635156,-0.009852203393782233,0.007487397208587154,0.010265858045882315,0.03934139708129969
2007-08-17,-0.000794747060736789,0.005089097649259244,0.01874555527040256,0.018200768426149594,-0.004023969221406354,0.022439440896452556
2007-08-20,0.0027782972659826655,0.0016906267951206644,0.004738994621470649,-0.0004839227404973556,0.0005758338283854414,0.01817691097460461
2007-08-21,-0.0015865066360145619,-0.0007681550545948213,0.010475528033977444,0.0020034919654090544,0.004824270813067244,0.004637453898956867
2007-08-22,0.002378956584708547,0.005058672977702905,0.013519840092243385,0.011797513163252837,-0.001605401183924382,0.012073311697839983
2007-08-23,0.0031633494897076453,-0.0013771552618830896,-0.0027315997001648995,-0.0008866659224544549,0.003437463767843152,-0.017292222546477554
2007-08-24,0.011774091121189656,0.012174904045099133,0.013998335006079277,0.012277650521046901,0.004907091457156287,0.005363702216889976
2007-08-27,0.0011697653561775212,-0.001968313899368468,-0.006661480514611906,-0.009347114393740696,0.005222683716352261,-0.021924058983259442
2007-08-28,-0.010578032787056824,-0.0059285272061888605,-0.02409803410064848,-0.022225551539235333,0.0016965072609607112,-0.031067466787622955
2007-08-29,0.009408267430879302,0.007291591950524534,0.028266321472398825,0.019431170050729918,-0.002716754765260454,0.03593200847080702
2007-08-30,0.0019489408720541057,-0.004094896712249607,0.005186320389875654,-0.002664805505367518,0.006665447605310515,0.0051338245139511685
2007-08-31,0.00038931450145129887,0.010882719149130082,0.01111113747710668,0.009804754465364773,0.0007882858750307697,0.016397797138305137
2007-09-04,0.011225232280764441,0.01373574603506178,0.016438642763300315,0.010044827605230289,0.0004742094635843408,0.013153875812134785
2007-09-05,0.001922800344896558,0.001777705907978877,-0.010115284821404558,-0.008690312449645354,0.007985135371876506,-0.024298125392903103
2007-09-06,-0.0038491238398781213,0.019059410971297375,-0.0008136096327739928,0.0022973778635435593,-0.0025799488662698877,0.008838648439082775
2007-09-07,0.006534686219846542,0.0076672893414624355,-0.018692353281350993,-0.01400401634012205,0.014052012818561277,-0.024386337243551104
2007-09-10,0.006872923043944823,0.0033091657188419887,-0.0006216597518915457,-0.0019187475846038637,0.007722901285922568,-0.01040140247285759
2007-09-11,0.002280576589660299,0.0128443880927529,0.015031168302828135,0.011593144757127583,-0.0007704419849656752,0.020549384887024402
2007-09-12,0.010574163005771187,-0.00085115000757785,0.00020456483174724482,0.0025731682270846434,-0.003745658137196184,-0.005870200454504815
2007-09-13,-0.007541788149081796,-0.00540768716331641,0.0048918895314411515,0.007008894347018568,-0.008981797686754334,0.02227013242132525
2007-09-14,0.0007565925088628411,-0.0012851285766899423,0.0008129482102425811,-6.764541814785474e-05,0.001446916580616353,0.006456476140608736
2007-09-17,0.011656632645873799,0.013904925557651104,-0.008364807982585987,-0.005387355790795745,0.004770949495767507,-0.007320692001637763
2007-09-18,0.00373135219042231,0.010233435305543104,0.024887840139773854,0.0290146520065111,-0.007555435497701879,0.03496711249633888
2007-09-19,0.00852958545651239,-0.0037727516034467,0.00259422788326491,0.005885699410017153,-0.00929986094455959,0.018607029167953648
2007-09-20,0.015390541806990843,0.01789851321631275,-0.0027945620527045634,-0.007066894036404037,-0.019094104571964365,-0.02628816983337856
2007-09-21,0.006885443072879749,-0.005239290755193693,0.00709419641396547,0.0026949311660207087,0.008454983677145922,0.007124282027547224
2007-09-24,-0.0018073404006040406,-0.0008297270648807142,0.004557316552612267,-0.0018439896781510257,0.002840560618628807,0.0187810414350551
2007-09-25,-0.007262375754891082,0.0006915573409802533,0.009442952525775983,-0.001979971561218541,-0.0035231164819227168,-0.025158276749836173
2007-09-26,0.0014568544745419132,-0.004572887160420258,0.004882962776589839,0.005270741966180381,0.0009109767985706618,0.014473884868793085
2007-09-27,0.025863423676312003,0.00967522354600625,0.005053572837312004,0.005895783985560676,0.00691453873171799,0.007643339276877992
2007-09-28,-0.0031965301901113463,0.011080137884341035,-0.0033004996760608307,-0.003336814153114709,0.0022566724543415795,-0.010717458093164378
2007-10-01,-0.010370227672442223,0.0052913681556407965,0.011410725326265858,0.011210148988776147,0.005698133060327404,0.024057585678864513
2007-10-02,-0.02033476796852396,-0.021197416614791464,0.0001921323024838273,-0.0013625484994372883,0.003145610541252175,0.018005844288341954
2007-10-03,0.0011000302722097288,-0.0062391460380135655,-0.006945891226307399,-0.00201345324069635,-0.002920154701059552,-0.004841785066500126
2007-10-04,0.013828338410208474,0.013400783424485141,0.002320804899372142,0.0015596032827733808,0.0038164137002887344,0.010194947732312443
2007-10-05,0.0028869991404523176,0.007246887035287308,0.02007884367887991,0.011811331404073755,-0.010815321956847868,0.023216751908655464
2007-10-08,-0.021122305557957244,-0.011923703864010093,0.006228317960457197,-0.005339942743395554,-0.0007940958019383437,-0.019088278380607004
2007-10-09,0.006968608692216716,0.007691255843188749,0.004317937780235148,0.009374716703965724,-0.0012474264468069762,0.01110234722341552
2007-10-10,0.011628018149151487,0.0036873278799705034,0.0024328353544187387,-0.0016634732690947729,0.0005677639038927929,-0.0069904065802437465
2007-10-11,0.011137085814582726,0.007469350076860337,-0.016012728713890922,-0.004812718828043572,-0.0010218994876280973,-0.003978886630746636
2007-10-12,0.004633802949231214,0.009158214525530894,0.016385866749685007,0.005516380689273959,-0.004893944940818518,-0.009480033207877714
2007-10-15,0.01692578742577222,0.0073466311524130745,-0.007688552068410903,-0.00847950818529064,0.00022712538980673713,-0.018960439373078675
2007-10-16,0.0010483532730205525,-0.0002661605603639927,-0.004717360378525104,-0.00796638905426228,0.0003425231640434845,-0.012243358194779841
2007-10-17,-0.005253121332071675,-0.008287746077086489,0.012779492318546914,0.0030517870270267977,0.010889314717617005,-0.0015230014218010623
2007-10-18,0.017748943825761643,0.01993421490081726,0.0042860847419436965,-0.0036376337603929443,0.005512866034277142,0.000276945406033402
2007-10-19,-0.0027633414838419412,-0.0039552201567705225,-0.025232248429112314,-0.026504521951152604,0.014811652861905333,-0.04347640801073771
2007-10-22,-0.002771161618926765,-0.014637633373986603,0.011942673282817395,0.005796351228065433,0.00011106490699219762,0.025860490344124187
2007-10-23,-0.006961319390921261,0.00840964543882805,0.02069947998013788,0.008071304355081743,-0.0013284195685159261,0.010523399112327247
2007-10-24,0.003486758049583649,0.003847345191920759,-0.007595961103134652,-0.0018468280425709693,0.007388817932782565,-0.01689058228949669
2007-10-25,0.023052796599126513,0.0067305057984770045,-0.013481064587282265,0.0023736748426816945,-0.00341220266718123,0.0021270202070904354
2007-10-26,0.015190104883035183,0.021598597202503456,0.016451923234203303,0.011654777825690132,-0.002317695175975576,0.015042168588698779
2007-10-29,0.016282092488899114,0.005519560779674748,0.0040713627791397755,0.003314470780853007,0.003861760461993047,-0.016460073392530195
2007-10-30,-0.02266761951694818,-0.009905583874844304,0.0020291545515540577,-0.006966276832272911,-0.0005510343371453175,0.01366572704989899
2007-10-31,0.027927397629281536,0.016285597636482407,0.014091564677252588,0.010334346726367905,-0.009072440262906767,0.02063370256180752
2007-11-01,-0.012869372675513358,-0.00881516315712183,-0.018894767183294636,-0.023686121307896713,0.012908973808264168,-0.04786554084732142
2007-11-02,0.02135775249713312,0.024088404823137566,0.00774800777474427,0.0011251677091754786,0.003190055049570706,-0.014336685014363137
2007-11-05,-0.006523112087102323,-0.001002654929678215,-0.006452373795496236,-0.007635174738342521,-0.0004379869803350367,-0.01454515717450322
2007-11-06,0.025841262941662446,0.020847017561793635,0.011218349195355248,0.013373180415663377,-0.004848138939603341,0.012501542052365089
2007-11-07,-0.0051151671037565904,0.009898016504542362,-0.024623529199607308,-0.02773722719051719,0.0017656194986694906,-0.03162656611111103
2007-11-08,-0.002567353516777615,-0.00012153592477748276,-0.03083648377360859,-0.005084017190744028,-0.0017656194986694906,0.003012309443236383
2007-11-09,-0.000321373700977734,-0.0006082726377441006,-0.03401492244211157,-0.013821594884379174,0.00846699702361109,-0.00815436136288561
2007-11-12,-0.022100328023387128,-0.04836432519681555,-0.025728142151393296,-0.009970460017328264,0.0036073545911095017,0.01145788594151309
2007-11-13,-0.01924417893251329,0.010418080056634693,0.040420058389370794,0.03002452351929552,-0.0037169657787696764,0.032591582070986114
2007-11-14,0.022197440379446043,0.014554786693980581,-0.012893136476895606,-0.002772605220941138,0.0010948337422669319,-0.02052288460655216
2007-11-15,-0.009878261335186878,-0.02945295236897927,-0.005405272357516644,-0.014529248440773301,0.009362906999148102,-0.0017789278411703968
2007-11-16,0.0033036078766173205,-0.002569005294245308,0.009190925203513611,0.0017164495207611097,0.0014081103464800293,-0.01887101034390204
2007-11-19,0.007557087700886367,-0.006581121156078673,-0.011602678788449339,-0.014021817575281759,0.006471820819967888,-0.022012921910881555
2007-11-20,0.02457286457444141,0.028462177409376288,0.004016274864585334,0.006102042218395276,-0.001075381432257494,-0.019508644628511984
2007-11-21,0.0012767482728630597,-0.0013851366451014258,-0.011894077195721664,-0.020676776846920042,0.005794668521951429,-0.006958748757305955
2007-11-23,0.009207901650569728,0.023536350542307183,0.010690682411654162,0.017144752919335815,0.0029915233235238148,0.019487668347210718
2007-11-26,-0.012402871531672854,0.0006152328809143626,-0.017405116792067687,-0.02231058513415718,0.019546265700875587,-0.049124189399821994
2007-11-27,-0.008032030489465658,-0.014870219066121848,0.019810193041958968,0.01142780683715472,-0.009566792289113835,0.02310824913385323
2007-11-28,-0.012333935731215107,-0.006638701470508046,0.029970959876965075,0.03148399731583673,-0.006783073165251174,0.04299207790856485
2007-11-29,0.0022835271832777337,-0.016345006620317015,0.004264193408127781,0.00033946262858197684,0.008577373170232327,-0.016197194184319752
2007-11-30,-0.01245922371152286,-0.0123394765406033,-0.007572152903132068,0.010005646649567268,-0.004862488759119099,0.026851827908462855
2007-12-03,0.007232170874776678,0.0123394765406033,-0.008415665680777007,-0.006614353713364274,0.007904188478052632,-0.010807973521351322
2007-12-04,0.004575192170997777,0.014206260536894,-0.0041356762616526765,-0.008978043307442007,-0.00010587187180410851,-0.027304540853116954
2007-12-05,-0.007527562050890335,-0.009745116397743558,0.01779945740078004,0.016601124995349714,-0.01199869215398408,0.0331043952423542
2007-12-06,0.017907061808947855,0.009367226634607206,0.014244810623040838,0.014211517613435198,-0.008798720690743611,0.03130607059167234
2007-12-07,-0.0032320689905618316,-0.00974881768562863,0.00019155193182207597,-0.00019863271691722417,-0.011271114817733796,-0.003545645119288121
2007-12-10,-0.0006475627399149531,0.017654954651938226,0.004004578373660639,0.007723252542331416,-0.00601261759552596,0.02123223436068189
2007-12-11,0.008708157054452048,-0.014606198839253182,-0.023494513765835556,-0.027802441711796355,0.01943723525030716,-0.05417993357236517
2007-12-12,0.026930296634576134,0.020712490730693034,0.008924001966439832,0.00982220937855871,-0.010376509452135974,-0.003370904403073638
2007-12-13,-0.01068523345987904,-0.025034301776957868,-0.005422649655119738,-0.002077792515002841,-0.01092583669698044,-0.011421242667489118
2007-12-14,-0.006975202003674852,0.00025470186730292,-0.010344387795286014,-0.01276023881921784,-0.004624887606075934,-0.0254691172032806
2007-12-17,-0.004902794894285911,-0.004979255801013771,-0.02462880117589794,-0.014372152761768398,0.008899591240273175,-0.03137893925638924
2007-12-18,-0.004268654955871032,0.014233341902738061,0.0032119984477212427,0.005568382751543588,0.0064329730517718176,0.0153267272071278
2007-12-19,0.009497394984665952,-0.000126217886031732,-0.00020047577869819477,0.0,0.013172852647509004,0.010142773910488234
2007-12-20,-0.004246421199490147,-0.0072193298053404575,0.020243488238097296,0.006286686360483351,-0.002148313000919444,-0.004176825404126117
2007-12-21,0.011715097949242637,0.018013969958620812,0.019533143103741768,0.014312155285113981,-0.014726854785802601,0.019430793000296376
2007-12-24,0.007413456068775304,0.0004992625672928241,0.007493803769713203,0.007398336796471838,-0.004701503275316821,0.03187910444426212
2007-12-26,0.011811909080229555,0.0170732501432731,0.004964625990910854,0.0021417674732759906,-0.00880653212651783,-0.016760024613586832
2007-12-27,0.00348481508433629,0.0004905680371809495,-0.012072550075380661,-0.012650088541770188,0.010842709091087865,-0.020102920777615996
2007-12-28,-0.0031675576864165222,0.017501692024212367,-0.0009646786563086707,-0.0025087427468930557,0.015473421236614993,-0.017722466299175288
2007-12-31,0.001268241861327457,-0.006527291620528786,-0.011645592337019117,-0.007427574319551766,0.006037462090523693,0.00816872283064285
2008-01-02,0.027193353879276128,0.02868953079056258,-0.015940894972636066,-0.008792890554649269,0.014299980013290359,-0.0030958604095729925
2008-01-03,0.007679503411719857,0.008331903896944048,0.00415738152355738,-0.00048309874291163624,-0.0013787062624688318,-0.031669713346224704
2008-01-04,-0.005830881763533302,-0.005155283230997121,-0.044847025376223204,-0.024812114808407948,0.00021205222726328188,-0.04144733291878078
2008-01-07,-0.018326549986548812,-0.0042378006127563594,-0.004763471563792532,-0.0008494757868415803,0.004340194331650782,0.009263207716318167
2008-01-08,0.009049860113049313,0.02343449928374053,-0.02629196870377859,-0.016280143911741263,-0.0011630968480176307,-0.035234201764609896
2008-01-09,-0.00999073164677311,-0.002653849421290211,0.02108882662168421,0.010455617513100535,0.0019013257814641804,0.017506843025064445
2008-01-10,-0.0047178267355758585,0.0194513789311328,0.0014597699293079636,0.00653262461202786,-0.013601009224298188,0.015289217818705403
2008-01-11,0.009100982718843742,0.003732423352843739,-0.01978197655467584,-0.008101371218933728,0.007779460465719534,0.00017403867806820017
2008-01-14,0.01241877074589226,0.010779343871355707,0.017278061868585493,0.008030637027948373,0.003708843462455924,-0.004193639492373613
2008-01-15,-0.01241877074589226,-0.017462315658240968,-0.02796173026592097,-0.02225873193593131,0.011148294268108927,-0.020520597579103406
2008-01-16,-0.009416239490795064,-0.014769298791920349,-0.010799717839927503,-0.008650175662861415,-0.007242767045376741,0.011373762338217297
2008-01-17,-0.01301390349720366,-0.002309434649609976,-0.013995073273697312,-0.02625806015054888,0.012874737908242118,-0.01370036396014962
2008-01-18,0.003826568137199171,0.01057965455184462,-0.001322356064341168,-0.010320078982787528,-0.006887317499322698,-0.013345673474748132
2008-01-22,-0.003507109299505373,0.008542679841935907,-0.02613776712891802,-0.010199380558751692,0.01062474342763764,0.02368287000762681
2008-01-23,-0.019023698630245445,-0.0031807226995548277,-0.0038556123240587326,0.023737312558727908,-0.0022819052629943215,0.09062474983638324
2008-01-24,0.024438578587324233,0.024612159086303542,0.02024398031539887,0.00840561382644367,-0.020247222015435273,-0.023761911308060935
2008-01-25,0.02199265562469055,0.002439309500343434,-0.020698388468214368,-0.014550627465893307,0.016709441469221264,-0.005820908975795458
2008-01-28,0.004650543478784908,0.015929992715973285,0.00769950001153763,0.01640124108891694,-0.00375865100480155,0.03330087607262033
2008-01-29,0.008316609358696159,-0.0065609690697021605,0.0018023759389147465,0.004942040434146477,-0.006822989426595871,-0.009076653110783539
2008-01-30,-0.008625987817434844,0.009933994004388325,-0.0009012322184038801,-0.007384774146895978,-0.00655211338971462,-0.02706388619695943
2008-01-31,0.004938253348722554,-0.00719501671474454,0.016984079641871652,0.0180699543150471,0.007078343743617488,0.01987464351874113
2008-02-01,-0.01770503126850631,-0.022684270626732506,0.010141444639899078,0.01596002035847288,0.005993315829758927,0.04096607595017643
2008-02-04,0.017397011217882508,-0.002801907176590568,-0.01413747847581881,-0.01268982596963486,-0.010344364737974399,-0.010443009158422889
2008-02-05,-0.008349975205092619,-0.016065490671030247,-0.028890086890314137,-0.02713879568886224,0.0076105581924856835,-0.03594910482985236
2008-02-06,-0.004669362779737618,0.014380553122887108,-0.019889186894212596,-0.008084503818101219,-0.0030582648576551463,-0.01645813376752958
2008-02-07,0.012095061375488214,0.01006721644389863,0.006983225657271053,0.006592364324204958,-0.021782716544273217,0.023358685119805767
2008-02-08,0.029463088713839625,0.012717910269795851,0.01130187207424882,-0.006441829199729021,0.011377379614819993,-0.032451040181286306
2008-02-11,0.006563291288590012,0.003619834235513153,0.010722385277949442,0.005097069435771928,0.00415380350982586,-0.020507158709254014
2008-02-12,-0.020427232293877218,-0.022141942540970128,-0.005688690369371141,0.009227666332556339,-0.0059691127942511635,0.028089713038478514
2008-02-13,0.008160757127837481,0.0012306384919771318,0.02167124002963927,0.010171206696088397,-0.01064088563104404,0.007859161518199542
2008-02-14,0.019967899081659635,0.0030141986624121486,-0.018254164137819107,-0.008838156675995634,-0.014806435310307453,-0.01883072450890788
2008-02-15,-0.004732377201331683,-0.006261873940772489,-0.003417075891820165,-0.00022214410681797858,0.007647872016142809,0.008113689885254516
2008-02-19,0.03209134539998315,0.026892565797984602,-0.0018275780040024614,0.0028076827469423193,-0.010172772872306002,-0.002528152060788269
2008-02-20,0.005154728053803126,0.017963864033466947,0.0045621924017393845,0.0029479095207101125,0.006902709743330959,0.006225153529318295
2008-02-21,-0.005441765416956734,0.00010726726746401738,-0.00960481237223032,-0.008348966181123352,0.010536135228769172,-0.027547979972272874
2008-02-22,0.013691146385567343,0.0015002080621879799,0.003669639570075489,0.006138612202603255,-0.0057435929783942186,0.027883269254560084
2008-02-25,0.0095854944362328,-0.006984410657416618,0.0050242967484210865,0.012530101348042777,-0.01026747502050318,0.030060088417938502
2008-02-26,0.021100163066448907,0.010405041437242524,0.0038649520253679626,0.007472525013209719,0.0003300028067010352,-0.00016319999054070777
2008-02-27,-0.001374598287943396,0.011353506294170757,0.004980043226634923,-0.001012732671826555,0.0008777691387091835,-0.00473000859428252
2008-02-28,0.009582555547284599,0.01268559346061604,-0.003846218467964402,-0.009815235391481991,0.017608702401970877,-0.020817154811445526
2008-02-29,-0.016483843019807765,0.001977441901756194,-0.026875917173680097,-0.022535732032507916,0.01518432387315416,-0.014460825296780833
2008-03-03,0.014574851547982437,0.01096068845680076,-0.006541166733271542,-0.0023937446172190846,-0.002581348791252047,0.006920407400952122
2008-03-04,-0.003555487603559726,-0.021412288580016536,0.005608871619909195,-0.0038276132473180624,-0.00976536526217675,-0.00946475994229301
2008-03-05,0.021681066902936585,0.026336419982118997,0.0048819464629601406,0.006296355264275633,-0.012042007066940474,0.013660784042291318
2008-03-06,0.007478731650600867,-0.012563250536445025,-0.022277741073067236,-0.02091515073144201,0.005333408462131484,-0.04663147076831864
2008-03-07,-0.010163289424133026,-0.004257794167007667,-0.00237429632061259,-0.01035415619995117,0.001302248425592456,0.01618989543171212
2008-03-10,0.018642298471220453,-0.002292078440002676,-0.01944175646506796,-0.013270769358380008,0.014636883771805387,-0.01426125355473129
2008-03-11,0.015447473325480576,0.0012508613827959536,0.037345785947085375,0.03530686229974567,-0.008584338532224844,0.0629609477685591
2008-03-12,0.010852941531541038,0.010570090873190274,-0.0028062093415290867,-0.009395663169050827,0.0191075871049442,-0.021277494168491007
2008-03-13,0.0010273174792696516,0.013616736750610592,0.007697458384811284,0.002205638501942886,-0.007854636489878164,0.011692051329295072
2008-03-14,-0.0012844885692611108,0.003755424410350372,-0.01852532241891547,-0.015617407219130186,0.012285972393060618,-0.020466616693409545
2008-03-17,-0.04092910238209457,0.004649281579360398,-0.01839350991292843,-0.010158397665533059,0.007654859493368971,0.006083124091685654
2008-03-18,0.02198459961304078,-0.027292522389297247,0.043633820003385004,0.04070323602859993,-0.003872705747796523,0.04302937004913732
2008-03-19,-0.044189591857780375,-0.03651349029438311,-0.025003985956254304,-0.025081311961511865,0.016432267699333813,-0.007613062694487915
2008-03-20,-0.041084715803550775,-0.034220307323041155,0.020230808205398798,0.018352895609363706,0.0024732127848086094,0.03278953032498677
2008-03-24,0.01809508083484257,0.002110936951383202,0.03399486954986397,0.019791074775734607,-0.01953481203774121,0.022252673782536814
2008-03-25,0.010036284853577992,0.028771933334395428,0.0055922772065568616,0.0009645183061417484,0.004187943042701647,0.0025555690429541755
2008-03-26,0.02951847030305066,0.011472807533615459,-0.002904529550770363,-0.012311612001750127,-0.004187943042701647,-0.019366353682145565
2008-03-27,0.010981688623783903,-0.003631361070556949,-0.022396078692061394,-0.003157822150564371,-0.007055766108718053,-0.008234862275110277
2008-03-28,-0.023993515580587488,-0.01705017954859933,-0.005046218257813262,-0.009610815319561539,0.009675789241756938,-0.011836169942985642
2008-03-31,-0.024303893223851958,-0.01612842667290071,0.005274877178305992,0.003491830473109303,0.003551477703563677,0.003854324767190054
2008-04-01,-0.005607015490346701,-0.04005728712133472,0.04188283166172013,0.03455549476799202,-0.01640871734851901,0.05534010725161265
2008-04-02,0.02936514634582066,0.02736781345347694,-0.0021958324459729894,0.0006582880770524824,0.002127268693339346,-0.004864325127968971
2008-04-03,0.005445012949663042,0.0016789027418244729,0.0021958324459729894,0.002484250250600617,0.0022280186233731847,0.022601182630981764
2008-04-04,0.007034628667075715,0.009239246884170882,0.0059046497798700415,-0.001095000774963495,0.009074739636700357,-0.01591907267957815
2008-04-07,0.01072687024622887,0.010142278299859697,-0.002182987863316388,0.0005108797927224629,-0.005266131665681684,-0.00927650833134619
2008-04-08,0.003993042152051096,-0.00903487536314529,-0.007678205224066925,-0.0010221765212632405,-0.0034904940968214504,-0.0013761762582267245
2008-04-09,0.016598932428398605,0.021244803047894223,-0.01129425934285333,-0.007262559320135864,0.01033141955992889,-0.025411764513392665
2008-04-10,-0.004451950854885922,-0.0056503929465367975,0.01415344042545108,0.0013979063638949185,-0.0033626421663548456,0.009682951093978431
2008-04-11,-0.00394461615379349,-0.005134589224534913,-0.02805809457430186,-0.019599661707978555,0.006712770124969403,-0.01235468529564665
2008-04-14,0.006827605334029485,-0.002083246601698008,-0.004527364054971006,-0.003379640567610309,-0.005870961975563027,-0.005839016596489888
2008-04-15,0.01196685782410567,0.006018544609337262,0.0013607748084649707,0.0023297740551067037,-0.012483986733890173,0.010078734873072648
2008-04-16,0.009522693479978361,0.017412357713036286,0.02748452124073264,0.02673321796721151,-0.009842226011142596,0.039780889458408186
2008-04-17,-0.004621150892791803,-0.007641420238254426,-0.002206198316434538,0.0014602907369045681,-0.0017219583289271867,0.00360777182831562
2008-04-18,0.0005143336721538105,-0.021182086961172963,0.031313088970558844,0.010380295071519718,-0.0008623776237022263,-0.005717590027426223
2008-04-21,0.001285148933526159,-0.0040913723347850706,0.007040121333836691,0.0005051692618716075,0.0039806965798168115,-0.007421998000527452
2008-04-22,0.006145921975283741,0.00022154490937342786,-0.014992706226043762,-0.0044120823005764365,0.003429412236886531,-0.002434718182122708
2008-04-23,-0.009490939739986715,-0.011699898740300085,0.010945493236032888,-0.0015965045323707017,-0.003322020503560452,0.012418746553545468
2008-04-24,-0.0168942323676049,-0.022671566971764534,0.008925258592456409,0.004347301425306149,-0.008517388869181186,0.019672639131930847
2008-04-25,0.018182147535212856,0.0005730462988537965,-0.0025421841851476223,0.009210726621229348,-0.005863595841866687,0.005592215099548881
2008-04-28,0.002313957849743087,0.004801172923440511,0.0019071263631227353,0.00021536252501253017,0.0030444244540395182,-0.0013218121696008112
2008-04-29,-0.024435902722775626,-0.02167237426486679,0.0075916884602298396,-0.003946785917865014,0.003792936407251535,-0.010933867360698457
2008-04-30,-0.0018437445304728683,0.009741512403569352,-0.008227337791860023,-0.005913384335909377,0.00711320611805677,-0.01406369419949316
2008-05-01,-0.02347408510211446,-0.031179315068103897,0.031073653725223416,0.020474575744730217,6.501141911874342e-05,0.02131699393921549
2008-05-02,0.025054861026748476,0.007000134989940676,0.0014358314638620584,0.0027599245235432335,-0.012689778592399836,-0.0008855142099681856
2008-05-05,0.020581603813937477,0.01978402048340744,-0.0028744573704635457,-0.004817168010028183,0.0,-0.0028085898092218287
2008-05-06,0.01306530503538017,0.004164270020763361,0.006150152428787692,0.008625706666268051,-0.007230938153051092,0.006934117731306699
2008-05-07,0.0017800393842506423,-0.009394068189923388,-0.018356827509284468,-0.017970797321414267,0.004278845541964671,-0.027574735880766532
2008-05-08,0.016129519800100578,0.016410840839224505,0.0074663803265577755,-0.002584020593882741,0.008937198871378449,-0.006063842721424795
2008-05-09,0.015380977584137145,0.002061151643073522,-0.003933723627879804,-0.0018699082212760842,0.003682399195767516,-0.00548850987598648
2008-05-12,-0.017132625921659983,-0.0049309235274250796,0.01808871882354257,0.01116834431983893,-0.0015144260416271038,0.023718891541992804
2008-05-13,0.005494537871476357,-0.018564154190549687,0.002644947113599194,0.00014257463330036302,-0.010995698419896005,0.004023525221138247
2008-05-14,-0.01632192410983091,-0.0022275927551875796,-0.0022375140065307164,0.0020622874907925137,0.0004374861010663089,0.006225352503815618
2008-05-15,0.011328170359229617,0.020906720638067533,0.017360066588292256,0.012425276625767978,0.009040917473282395,0.012045269993040009
2008-05-16,0.014413919214665505,0.023851198696714704,0.0008004473844369642,0.0009115416256566533,-0.004129542808860354,-0.005270678371912307
2008-05-19,0.0014791614982643253,0.0032494949205004175,-0.007224874059170272,0.0027303951008565974,0.001306396070662963,0.0016138601011954634
2008-05-20,0.013702089722539501,0.01675120569798061,-0.0076830378393424326,-0.008142212490978018,0.0052060883338111985,-0.013573500060182209
2008-05-21,0.028744414286919984,0.011593671969488462,-0.022371241624196347,-0.01705935232445288,0.00021625900597488368,-0.02435885998714804
2008-05-22,-0.014508276374572304,-0.010713950899921443,0.0035221337889645987,0.00014318396229562325,-0.011858837201143224,-0.008559993596140458
2008-05-23,0.0019145893884289222,0.0027440881144142892,-0.0031070069439849135,-0.01349480799197611,0.004369197898740573,-0.0047705490297147435
2008-05-27,-0.0161507273007766,-0.020710665562560848,0.017480805492255058,0.007383496345444662,-0.006779789600065644,0.013635091377744768
2008-05-28,0.006298552388604772,-0.002465000919902316,0.004069379683017793,0.004604637605694073,-0.008925978621468822,0.0016722496236827311
2008-05-29,-0.027667356607707472,-0.02994812178556394,0.008894482432681095,0.005012783994301273,-0.007221393244015495,0.010727658586510813
2008-05-30,0.006680586242920672,0.010807127681703221,0.006419359069775421,0.002497000378069103,0.0065570239382855,-0.00467000359099945
2008-06-02,0.013228977467356628,0.005814988710672431,-0.01227261496921317,-0.010385149274610761,0.00384978708905237,-0.01690164533584726
2008-06-03,-0.023889702727145856,-0.012354330705997896,-0.005480451221037352,-0.005848899035991728,0.007172462375128141,0.0065813566410199975
2008-06-04,-0.015068163174161597,-0.002650790800815095,0.012741397703524449,-0.0005070843293060179,-0.008946083718436082,0.005173457833173689
2008-06-05,0.03725283469850149,-0.002310856942839834,0.015751469255281147,0.019800133384169527,-0.006008414541800011,0.02265820324959167
2008-06-06,0.02527526784499523,0.02974409565204894,-0.030530863149869525,-0.03241364099023247,0.012862902887976091,-0.04273978254560973
2008-06-09,0.010169090301581196,-0.012087125101141183,-0.005317127769743468,0.0024190059382735996,0.0,-0.02001963573796095
2008-06-10,-0.004007853355737723,-0.028122111368949376,-0.004726564934193878,-0.004990173389705532,-0.006521407831373782,0.0004739747316566678
2008-06-11,0.036190282796323636,0.017036902705543255,-0.02439935438633123,-0.014821722269394932,-0.002331852480003782,-0.015274977843192428
2008-06-12,-0.0002277788837723449,-0.016452673393949624,0.001054617305681127,0.0038001424964582142,-0.010055703959478635,0.010209156336214775
2008-06-13,-0.006401592951476687,0.0026833517416244845,0.01983577312383078,0.012565229986901016,-0.0021349233688288116,0.01652641601353455
2008-06-16,-0.0009175972596175974,0.013654462065851192,0.008850670301077557,0.0005874384604895866,0.00022583020221667027,0.013182073813649886
2008-06-17,0.010050160141085396,0.002754481953052057,-0.005341706344258235,-0.00485636510373233,0.0020219213141245973,-0.028756727757932588
2008-06-18,0.013544187272092056,0.01173600647836981,-0.010771169759289823,-0.009784616671866253,0.008385963639596206,-0.014855512059111398
2008-06-19,-0.023594347413177452,0.0015846001285879652,0.0154977346934837,0.0012657625424807861,-0.005919096695941928,0.022909411437355143
2008-06-20,0.0068634767347748316,0.005976212113661283,-0.027373391331986685,-0.01636526075836553,0.005807795874424038,-0.022748336208786135
2008-06-23,0.007042817578239546,-0.021132355148219872,-0.007833780788435885,-0.000988499919491126,0.00211252720820454,-0.025091203251855543
2008-06-24,0.0002263873210361922,0.004353866732505374,-0.005113699279039707,-0.0019794510278217103,0.006645481279663912,0.000635106510746386
2008-06-25,-0.003855155464917548,-0.000571822897762253,0.01610545829798582,0.004714346280805692,0.00044081363806380836,0.016242260477907333
2008-06-26,0.03263588360133163,0.035840520480319604,-0.041198466245453425,-0.027535898659756697,0.006707619033937462,-0.03394128285879017
2008-06-27,0.0026354980426659402,0.00944647404366794,0.0,-0.005473868965695239,0.011658005359746593,-0.007854440238347138
2008-06-30,-0.017926747763027606,-0.0007655678590445802,-0.01057029678162813,0.0035224779280156326,0.00021561348290255467,0.001370703697495479
2008-07-01,0.01748803044554581,0.013691424355889659,0.014068593207036795,0.0031207639529160502,-0.0023716710781145345,-0.0008565384051508751
2008-07-02,0.0189116013871522,0.005488842298986718,-0.02430478801095637,-0.017285067927568676,0.005215747037155882,-0.012411574840133444
2008-07-03,-0.0004307843451045734,-0.011985249940131837,-0.0017910998879209217,0.0010296797221656107,-0.0021689395702502168,-0.010286603967460284
2008-07-07,-0.0136646794169617,-0.009056684715605279,0.006032124187858479,-0.010265841016967592,0.004549797945199163,-0.022688194540783524
2008-07-08,-0.03692578437840677,-0.004063960105009201,0.023551022050920523,0.01760169262033262,0.006467104034052262,0.07192864056009318
2008-07-09,-0.0006802934084717549,0.007019105232724421,-0.026897896135611887,-0.01944293933941399,0.004393885998299929,-0.07067487697426023
2008-07-10,0.026847379430801954,0.021943255113522575,0.011773775621346516,0.004078695099920537,-0.00010639563787906425,0.01915312216887033
2008-07-11,0.013811471201568448,0.017277496523462332,-0.016028550684157317,-0.011720529210824004,-0.014327300908654639,-0.004930589199828361
2008-07-14,0.0004352793855497694,0.007850566004167447,-0.007433411041565918,-0.009085216703288879,0.00874978760294276,-0.03539375123655608
2008-07-15,-0.032289301212752974,0.002707149761992156,0.0002262143785269899,-0.014196870978803844,-0.00032273072147104287,-0.009739944764622699
2008-07-16,-0.01540231858395602,-0.018152701615908207,0.024560146845950204,0.02425045191781372,-0.01824177444885322,0.07040784599771488
2008-07-17,-0.0237916968840044,-0.00233225184093655,0.006595134061744279,0.009953850504019535,-0.0051641965863833406,0.011976201742968762
2008-07-18,-0.017211156850623244,-0.0005308461499442529,-0.023274915961982945,0.006210572514071977,-0.003750783041144512,0.0016988769038732698
2008-07-21,0.01205549498035463,0.010037641179611256,0.004251620901249975,0.000555545540680491,0.0038617841923551666,0.007442434843930812
2008-07-22,-0.022093824905172976,-0.021894861075694827,0.0,0.011280554192017789,-0.004968754704197664,0.026442331872595037
2008-07-23,-0.022838645728636475,-0.027121391164392605,0.013089752426107992,0.0053982322684138495,-0.001993549884426127,0.027838013042219334
2008-07-24,0.0007370587749000457,0.008356311735007615,-0.015101539881793968,-0.020972015320974258,0.00971162994779684,-0.06853677168810668
2008-07-25,-0.012603802573202483,0.003934007936191364,0.012895020497552867,-0.00023924653091533798,-0.010044529097383403,0.01627656850242376
2008-07-28,0.004961657976203515,0.00043616742881891213,-0.018954980811412447,-0.014771970335504925,0.010044529097383403,-0.016448118762866226
2008-07-29,-0.01144856256101967,-0.012505724861273215,0.020499908768534247,0.021127051785769346,-0.004071399678406529,0.045454817591613406
2008-07-30,0.019581778038843645,-0.011881764751689339,0.005059980216949089,0.017660965708325982,0.000991268951489488,-0.003436458968978151
2008-07-31,-0.008380612465209936,0.006236158213952514,-0.0024170168972159622,-0.013314582730981961,0.009867013621001508,-0.012537364431628895
2008-08-01,-0.011201165573633709,-0.005677745638379861,-0.012840486628840075,-0.0052968641753547985,0.0022082418878466292,0.0008297604681954951
2008-08-04,-0.033599491465419185,-0.016093986590938414,-0.010077537706006723,-0.009317136984846819,-0.0022949138529329005,-0.014703916413741691
2008-08-05,-0.00701409143898335,-0.023649334804024313,0.0332042757997586,0.026605091387464697,-0.007474479816429902,0.043961133502378846
2008-08-06,-0.010745493187653832,0.006484477963028645,0.015124761275076448,0.004431005141862343,-0.004090160660608966,-0.004844010458284753
2008-08-07,0.005518224198837185,-0.006368377516337453,-0.00774950102589278,-0.015003986398519409,0.016151701064769153,-0.02673777916322173
2008-08-08,-0.028440502016836344,-0.019470425835761418,0.02243905645834321,0.018410568074634703,0.0027211202418828684,0.028678407574381115
2008-08-11,-0.0010791109337140448,-0.0398700197430637,0.00904574338041364,0.010304595149910334,-0.009611379004500709,0.0317994913294557
2008-08-12,-0.008674255800881436,-0.007547213471977621,0.0010467986737250357,-0.010459218089146738,0.009285504683550716,-0.022632814636735166
2008-08-13,0.032938950667578126,0.012833356691476894,-0.002094043652830724,-0.006048111976890702,-0.0034860552573672265,-0.014674217196575245
2008-08-14,-0.00873127737087298,-0.027470488029695872,0.01146404047566163,0.007516065498512248,0.006416239286211933,0.01595378077659637
2008-08-15,-0.013645613394288159,-0.02191451270552225,-0.0018673386035956696,0.004851330413520039,0.008636787097041854,-0.0014398251158760367
2008-08-18,0.005641263769840865,0.014959120554555838,-0.011695139747017969,-0.01376828602938307,0.003968717432000002,-0.013864739893927336
2008-08-19,0.015417556283584766,0.02047420911855724,-0.012473046384049002,-0.010964272239718298,-0.0038618440471100968,-0.024984833050550215
2008-08-20,0.007882369930781508,-0.004610921640560761,0.0017007806024924577,0.004635160264732541,0.002790919188694563,0.0014969532782607153
2008-08-21,0.04202526855753819,0.027594821694200355,-0.004683108037722761,0.0017226820701621293,-0.0018240416024060124,-0.01794263618501679
2008-08-22,-0.03446432794750853,-0.014934800596812181,0.01314146262837479,0.014372269466924159,-0.000644574579998558,0.03344442328185737
2008-08-25,-0.005730634685050973,-0.00185175688863648,-0.021281801350103713,-0.020494377770006622,0.009942920299545577,-0.03074075285285982
2008-08-26,0.0005223640202318691,0.003700091110668602,-0.00129161694737423,0.0029087373946099504,0.0008493867243482001,0.011743006731746775
2008-08-27,0.009355538994260115,0.0015990808530270684,0.006440327839090099,0.00968721853266441,0.0016994487201662523,0.009956964204558716
2008-08-28,-0.019854413711172914,0.01002820792660053,0.008099079452334124,0.012054680222464143,0.00010640074515411158,0.025110911114151424
2008-08-29,-0.0037008333258361503,-0.005735584976745756,-0.021238330893819768,-0.010811779423731238,-0.004465335435392959,-0.00694814077237238
2008-09-02,-0.026296074579344797,-0.031200121903938616,-0.012436629784799536,-0.006231004205649704,0.009261035371618043,0.006465124745774542
2008-09-03,-0.0057258646000719615,-0.003921790917827295,-0.009484522854750654,-0.000859732766522292,0.004229309257159919,0.015665606233725704
2008-09-04,-0.014321428469681319,-0.006358108955715203,-0.032893160461758164,-0.030568909614738793,0.007987698680006261,-0.028475010472248208
2008-09-05,-0.010036284853577992,0.007498337947551725,-0.004821725550175682,0.003139357869918591,-0.0005231384452448751,0.0001631507572961155
2008-09-08,-0.0022440595057986457,-0.0015205621729270646,-0.0018427810027978886,0.020445697959172726,0.004180649513747525,0.04232856096819804
2008-09-09,-0.037189599192600564,-0.03051415078362396,-0.021441231024895036,-0.03013678362749239,0.00985971041055489,-0.03809491356882111
2008-09-10,0.0014562026898881086,-0.03012631332599902,0.008210884311814048,0.004049636316691085,-0.0062168107959967855,0.0017851406341597986
2008-09-11,-0.00847588822936185,-0.01547891551425451,0.01851884724291386,0.014364149642063673,-0.000519737544244947,0.015129946655052073
2008-09-12,0.006728096829526464,0.033239972547342234,-0.0039062241224603333,0.0046104608304773365,-0.012975183438597604,-0.0031996480774005853
2008-09-15,-0.04015394348096635,0.026257069784173304,-0.03157785439108629,-0.04875475416850783,0.03192600588692862,-0.0594234533032334
2008-09-16,-0.020543576271860875,-0.009977363631870517,0.007811100351751588,0.016599370926037693,-0.0002039733579559666,0.04814222930281753
2008-09-17,0.029606986835092997,0.10697398423801108,-0.05326762814757657,-0.046005547872605135,0.004987223222085113,-0.059258466723309144
2008-09-18,0.0018029349892780822,-0.03162032125475278,0.03326272910541883,0.02923995775535726,-0.014727979163088989,0.08153634210766958
2008-09-19,0.03248954117265379,0.03768665186313491,0.03216695542401116,0.03894564279545154,-0.03225187621341341,0.029363889999219683
2008-09-22,0.0339984954590582,0.036542052510024625,-0.048230692179011214,-0.022899767377986713,-0.00010641164022029415,-0.0877820353268155
2008-09-23,-0.009880176714831546,-0.009690223547907273,-0.007612391227275861,-0.023014256896003005,-0.0038381718026050393,0.006699539656212394
2008-09-24,-0.00826106590808573,-0.0183973722428723,0.006878060701645428,0.00320011412566501,0.004371291679408529,-0.006923317526972728
2008-09-25,0.017298070813634325,-0.0030030300021151035,0.01578648165888774,0.015518203109934348,-0.002023519023643061,0.012352952665609873
2008-09-26,-0.011878038068061425,0.0021954188195927316,-0.010172108343375452,0.0004967658394985364,0.0072219976599186,0.030476317124421115
2008-09-29,-0.06402640576735363,0.03325884343193408,-0.08268276967600618,-0.08160230037897964,0.02868481396022471,-0.07765272388947597
2008-09-30,0.027521889669972932,-0.05154599567953966,0.02841280042018779,0.04055646304358529,-0.02467254040697142,0.0694625881344666
2008-10-01,-0.023586821253518853,0.010523968985084231,-0.010593004355412994,0.0006029966890661598,0.012502306375887784,-0.024474528217607983
2008-10-02,-0.0568739415160775,-0.04326282883476207,-0.046519916994566035,-0.036948647955755476,0.008008281661383343,-0.06673164056990943
2008-10-03,-0.023621944004553974,0.0031529799310261453,-0.015632124367366274,-0.013591919212130321,0.008764219550537078,-0.04420671268583698
2008-10-06,-0.0434996158423786,0.020256010970295613,-0.03716614689916531,-0.052276604162742046,0.018009310512780097,-0.03040106396886033
2008-10-07,0.012236675505984618,0.034862148257065684,-0.06549547558272284,-0.04581997975899377,-0.0030293432804704423,-0.08971523153763172
2008-10-08,0.014422472016804466,0.024337627619666513,-0.007994732952437467,-0.02551516654029573,-0.014466711426122103,-0.013899486327674904
2008-10-09,-0.047741705231975295,0.005353608121823505,-0.027227550518644783,-0.07239759357994124,-0.008450441268044173,-0.08255787210128851
2008-10-10,-0.04537298510552423,-0.07721024022746192,-0.006365653274238436,-0.02455495367945648,-0.007062455579364801,0.09134812840366147
2008-10-13,0.05406711547033627,-0.014890455669863911,0.11479910356119083,0.1355776695075095,-0.012901033362177294,0.06166620182609339
2008-10-14,-0.01852214242041894,0.0025580023828091214,-0.044232002650918645,-0.014910770211367108,-0.006461025419238986,-0.07045645812846635
2008-10-15,-0.04657058012063997,0.013413295745610121,-0.0938239114824464,-0.1036379443005142,0.009517220719546415,-0.1373528932499588
2008-10-16,-0.019026847591266716,-0.049456531850861296,0.052828139006554586,0.04081347173836125,-0.005170217425530588,0.056430648334947264
2008-10-17,0.011236127273216656,-0.026583058367777745,0.001239139417946511,-0.005990043332188222,-0.00690129014011287,-0.010798095387065665
2008-10-20,0.019912206350216177,0.01656965432526558,0.027482516580366045,0.058343814074969025,0.007958380655051833,0.007289500234873181
2008-10-21,-0.036435270715010404,-0.03197064160356344,-0.05319715384508239,-0.030310253464654657,0.005271070887364004,-0.034806484122917425
2008-10-22,-0.048487469709057596,-0.05849778805739714,-0.028025540056172193,-0.05599282669972627,0.02008721704689176,-0.07321250658148726
2008-10-23,0.003966855788001489,-0.014892064399146143,-0.003928296563875389,0.01151781408855257,0.0073914526728646734,-0.026449512494552074
2008-10-24,-0.040805502232441615,0.021840397056156036,-0.03266961254684064,-0.05204552992343814,-0.010695031955620493,-0.05849964218948056
2008-10-27,-0.0074503821171898466,-0.0004155243417871546,-0.028180219932653294,-0.0361467106873965,0.0007243292431446946,-0.05851332129150055
2008-10-28,0.02705082738993614,0.02206023003485047,0.10480230423969861,0.11051678970698031,-0.014673992925933632,0.14528792017384484
2008-10-29,0.057360574863366764,0.0028418597266943735,-0.002513897669363274,-0.00727869031354178,-0.005044326042194847,-0.03607801158386659
2008-10-30,-0.04211149005443149,-0.01758617913369598,0.032810051221215275,0.03400890534126688,-0.009103031308089093,0.05210278188196593
2008-10-31,0.01108913689094937,-0.019021785472914665,0.001521555325084023,0.005488522802496121,-0.013056616810724009,0.06237286641795636
2008-11-03,-0.01108913689094937,-0.003369813249389786,-0.0021309477811670696,0.002887803099723918,0.002700195181998488,-0.033311968620498345
2008-11-04,0.04439988387248839,0.05978044962665674,0.027942194319812153,0.03341727391569549,0.01859433834496471,0.05452622197739121
2008-11-05,-0.026246337052042712,-0.03615176785243701,-0.05355675724266096,-0.04293618919803688,0.011788957642812292,-0.10352788167888916
2008-11-06,-0.04478959566851026,-0.007998964370514727,-0.04573128261614512,-0.05700574212231846,-0.007246304441583362,-0.047953529462672506
2008-11-07,0.0012263225858131221,0.003869529108754044,0.02040562275164115,0.032484480624492384,-0.0065557051428681845,0.061463488902195884
2008-11-10,0.006514550936695507,0.01478671270122156,-0.013557498641452614,-0.013191408525606185,0.004868070817129144,-0.09381423260235877
2008-11-11,-0.019258805809434953,-0.021012909760209197,-0.02201505864757669,-0.031361794491479245,0.0029518161916133323,-0.013986477756655624
2008-11-12,-0.0298153921068236,-0.028865122752281813,-0.0472794315007774,-0.04499934557109331,0.0064000886716035765,-0.07426265512397379
2008-11-13,0.018581678980837957,0.030252064319222782,0.059168579571455826,0.06047407602694843,-0.024243530887194886,0.1042764010001247
2008-11-14,-0.006295958534099366,0.015813344157826315,-0.04980827555822298,-0.05119505122956891,0.019630708769959426,-0.119563060762375
2008-11-17,-0.022999263716359852,-0.008907239506966036,-0.021273839366615643,-0.013365275435605284,0.004403894651286322,-0.03682176974898077
2008-11-18,-0.01519466799659508,-0.0019288981747571654,-0.0010580772694370744,0.01866139153952151,0.01278510762684526,-0.009503697594746008
2008-11-19,-0.011438801146936406,-0.0034537575620792182,-0.05363581937131556,-0.06622355975388405,0.02529250889154433,-0.14426656604689247
2008-11-20,-0.05222527437686564,0.016334105788500253,-0.04960941741462488,-0.07713311870064121,0.05037066006783064,-0.08242317503413332
2008-11-21,0.017102614409794104,0.070942432986274,0.04251050356121988,0.05253863781242174,-0.014564160342180443,0.0709466200954596
2008-11-24,0.06648428614131952,0.025790177023884198,0.0593222458826288,0.066995217248488,-0.015767105447950236,0.15705923436675473
2008-11-25,-0.03401989454985399,-0.0004945100106059641,-0.004603920009592866,0.0073818575566297895,0.02898986572303386,0.015660999502486117
2008-11-26,0.031443608843546134,-0.006077606219571763,0.041034898338685455,0.037913088866082134,0.0013414000670968207,0.05265260395739224
2008-11-28,-0.044393143570428784,-0.0008712390504950207,-0.007867587068983717,0.01251022049847883,0.012277025161221644,-0.014852114850071096
2008-12-01,-0.03150224632928378,-0.05977665539598398,-0.07818379915129903,-0.09274983460225616,0.03758056532830345,-0.21708376950318353
2008-12-02,0.0004636386706691198,0.017038360221309112,0.03287350295021296,0.03776307693757097,0.003831086757366542,0.12473086441411718
2008-12-03,-0.011657882331767677,-0.01005685556947622,0.02799094471262409,0.023756625971024015,0.0028200151112232064,0.054552415981745206
2008-12-04,-0.05396279694379391,-0.008966308801461764,-0.02870992101502967,-0.02340425687249681,0.019512282290010674,-0.027902493812942186
2008-12-05,-0.02506412645225664,-0.013065155569010223,0.039828783732178685,0.030366118073586357,-0.016339188300139362,0.10062222465992221
2008-12-08,0.04515789162696349,0.022293921957316165,0.03863581874799049,0.0343186075165125,-0.002174543881831248,0.08921686184420041
2008-12-09,-0.022076170604597767,0.001704647155757577,-0.002329436694419762,-0.016621425647558752,0.019581421966698542,-0.09072291315530956
2008-12-10,0.02980925866296369,0.043830671865911164,-0.0033380332180690253,0.0067929793630012725,-0.0024044517340211513,0.08242859670040792
2008-12-11,0.03128217185489257,0.011222081826027797,-0.02779844367270501,-0.02437666418115292,0.0019597290556685465,-0.15396582256349722
2008-12-12,0.02169488300200184,0.0019818665426898363,0.020078804415933682,0.011869473688710386,0.0,0.09948179518297096
2008-12-15,-0.028701186082224606,0.021908972020150408,-0.017675252941171227,-0.01403202885193533,0.011326568751520938,-0.03551042246476355
2008-12-16,0.01421837391955405,0.02226837661220138,0.04689410687672213,0.04599131860443517,0.024424459485445915,0.115485361719454
2008-12-17,-0.013741109971101118,0.011419292069736464,-0.012181332856387783,-0.0097331594530905,0.026771742348748795,0.018236300900239755
2008-12-18,-0.015384822050586333,-0.018429316991353417,-0.017711294145577483,-0.018860619524152078,0.02076700428583589,-0.08684257590584199
2008-12-19,-0.006806011173678073,-0.01489523627083944,0.008171265367135305,-0.004311039907501701,0.001063208597782861,0.0677940912610584
2008-12-22,-0.02870067464938364,0.009994686720185442,-0.022008801683610635,-0.012896176249721059,-0.007718229417183586,-0.03837577687069871
2008-12-23,0.004007996028314587,-0.009994686720185442,-0.005148359307602046,-0.010390839398151996,-0.0013199903635934263,-0.0056446455848848665
2008-12-24,-0.015621338738102342,0.009994686720185442,0.0027489935692184275,0.00578577154667137,-0.0021481623459767007,0.01170591664875209
2008-12-26,0.015621338738102342,0.025317801128256434,-0.000343106793209369,0.00575326889687755,0.003302997386867901,0.014265487631884621
2008-12-29,0.010939982883179322,0.008723521599817374,-0.00827329479630734,-0.0028723465042661545,-0.0012003684013297544,-0.05922670249098072
2008-12-30,0.005917028590388007,-0.005224940168183423,0.02055614681124629,0.023426007512594715,0.00947905036091612,0.03919698903390012
2008-12-31,0.04094010513920976,0.007191715531704723,0.008441455589321745,0.01417393172970538,-0.021141184337077235,0.05208811724978979
2009-01-02,0.03432618213902927,-0.003357378391118715,0.04246160977160596,0.029696655177013476,-0.0254567776962471,-0.03234135649568559
2009-01-05,0.010433182879269864,-0.020503324199848016,-0.00032241909570718263,-0.0011840418410971054,-0.026122469597814835,-0.018591209860454594
2009-01-06,0.025836765678396656,0.007664607938198564,0.009944002457731305,0.006654927380183473,-0.010108159734379285,0.048735613829007374
2009-01-07,-0.0523585008164158,-0.028355453375406903,-0.0288185577751916,-0.030414090788029924,0.003912667452755869,-0.03411988014111955
2009-01-08,0.0037002581891947273,0.020454024408850913,0.010457622605937189,0.004072629014059359,-0.0007984346780220974,-0.007424051799923781
2009-01-09,-0.011609328215645753,-0.006414096397032054,-0.02268730949814568,-0.021652118617961236,0.0015089207459828557,-0.05266748622818307
2009-01-12,-0.046364099917701296,-0.03838212237276384,-0.018459616935501355,-0.02431390888089968,0.010324998392784224,-0.06039767881941671
2009-01-13,0.01649711559162137,0.0014847208572588144,0.00033894912311582814,0.0018383900733702774,0.0010536833412304603,0.029720551690179953
2009-01-14,-0.01405409945516567,-0.013568345959084738,-0.030952347931282542,-0.03195934456459426,0.016353876647393406,-0.05375601692983034
2009-01-15,-0.0009766667119888162,0.00749158795308702,0.016283580360592076,0.00035549064218010074,0.001637709350171157,0.0323445913467566
2009-01-16,0.004387069002937949,0.028450719887201714,0.010936324314700041,0.0077892984987384395,-0.015539206807234862,0.03717465714161916
2009-01-20,-0.03162299100462418,0.02164765039554073,-0.05089991113032255,-0.05423065792159676,-0.00017516288960006676,-0.11870375548820133
2009-01-21,0.004007996028314587,-0.004387214260570538,0.04168024146427829,0.04228596003504226,-0.032098634838763296,0.09950791688142857
2009-01-22,-0.013085270635044388,0.005096914923472973,-0.013469594066517043,-0.015588164003061955,-0.019433077456458392,-0.05625757493657879
2009-01-23,0.04555236817188879,0.04564361014124341,0.004856469517691586,0.0043407405391775455,-0.007862771616782283,0.02996963029462618
2009-01-26,0.0019343335400026085,0.004732915968778784,0.007239854285725933,0.006835472867662062,-0.008767137229019895,-0.005793386613443641
2009-01-27,-0.0274258612516034,-0.006428711177525415,0.007188268002358278,0.01010622704886277,0.02324013561941296,0.014102512720549853
2009-01-28,0.023553554683290567,-0.010921600135951337,0.034526423942488726,0.03327466289696179,-0.02530340691735411,0.08302496481610167
2009-01-29,-0.012198005680691182,0.023514556791131014,-0.02569807909728583,-0.033038103596430446,-0.02326619958606102,-0.0852549724184577
2009-01-30,-0.005908732521082705,0.02002165860988292,-0.017735704696541177,-0.020552697976409462,-0.0031754796705838473,-0.04201923710057809
2009-02-02,-0.01944718390872957,-0.02742332608586917,0.011971814967094208,-0.0030229173639879647,0.01843334491141846,0.023994722515961353
2009-02-03,-0.011648520990535705,-0.004173432511596076,0.015519992069796817,0.013949355963281285,-0.024104150797641388,-0.010119307413508416
2009-02-04,0.005588047957460596,0.007993277328123938,0.0013383529232076086,-0.004908131649774106,-0.003505087790061978,-0.024577624656160424
2009-02-05,0.022044955661189913,0.010485343419634141,0.021826195762351563,0.014771079899730921,0.0008774243990048447,-0.021411484816271642
2009-02-06,0.007405732979652857,-0.0058984803078176995,0.025832985649621776,0.028098583642780284,-0.003123589186904141,0.0670905453271704
2009-02-09,-0.00542543512261906,-0.014277086659723714,0.004135519107024699,0.0013783483755061,0.003220306740800538,0.014668673034473834
2009-02-10,-0.012942085923168367,0.021173696446258106,-0.0375206479689405,-0.04689188010818324,0.02149843408168639,-0.09315997816766819
2009-02-11,-0.006030017714236724,0.022795527677897276,-0.004625073005923852,0.00587874121635501,0.01288714190034046,0.01893045856379283
2009-02-12,0.0015110018629118649,0.009489958611898608,0.012177216218217879,0.0007172750909170134,-0.009459263991809408,-0.01719486003050008
2009-02-13,-0.018284130464528037,-0.006676689815839687,-0.004589977286484803,-0.010815799562297279,-0.026974199315434433,-0.0633595921228629
2009-02-17,-0.0574900639184488,0.030853446205779456,-0.04057554902820959,-0.043716434971298845,0.030673871004273323,-0.07359673201844563
2009-02-18,-0.005989696221661678,0.015180232335787025,0.0006838320164841427,-0.0024009134537221755,-0.008559444658627235,0.014218405748981144
2009-02-19,0.024279676152802576,-0.01183330205373423,-0.015509387676111874,-0.010813773850683717,-0.017146503018032888,-0.04409543553281914
2009-02-20,-0.011257204670149346,0.020975159763348294,0.0027749689466145533,-0.009768831152650037,0.009669089228852457,0.061202967757304716
2009-02-23,-0.009750951265313113,-0.0007159995450356504,-0.03561097592847595,-0.03643442673712727,0.009195917264773534,-0.07814909608372078
2009-02-24,0.018873636639645586,-0.031177833375502395,0.03248888203095435,0.03720940823784069,-0.0010499980891998106,0.08122871290302447
2009-02-25,0.011683663031209601,-0.01681966189582429,-0.006623710798484339,-0.007904531306609286,-0.011616053068751242,-0.019402966141357503
2009-02-26,0.020899388347816128,-0.0009666932467284894,-0.028380709429580264,-0.016394800489728745,-0.010581152832662255,-0.05269715514896056
2009-02-27,-0.011963596930387954,-0.0046313865669196375,-0.009400153742823214,-0.02260177310916811,-0.005774769514863998,-0.013305439653324758
2009-03-02,-0.05154135442887231,-0.018523050520845352,-0.03286254119624177,-0.046088939629647996,0.016420345063244746,-0.0643995147860692
2009-03-03,0.006589891933549641,-0.009835956887444652,-0.0007510959026224562,-0.007535144165647267,-0.006702287658433725,0.004010195813986428
2009-03-04,0.03443041635358979,-0.011730046343054745,0.026322431282421288,0.02341437858541262,-0.004592853551637965,0.015880524528550488
2009-03-05,-0.008497076805509707,0.03315587240316109,-0.030463156021337756,-0.04170541153521423,0.02743029333685687,-0.0636926526270396
2009-03-06,0.02371655481792745,0.003255950930954654,-0.00795265929952027,0.0017426312940993505,-0.0066917824031209605,-0.013618871228559204
2009-03-09,-0.005745663824069158,-0.018812774180243963,-0.021523268664999318,-0.011822374405814795,-0.005867145229689008,0.02197943623086207
2009-03-10,-0.002622651015927957,-0.027196576528310423,0.059939083985857344,0.057900358709501276,-0.019386232148617566,0.13034639843580287
2009-03-11,-0.032019729242801276,0.012178790893019098,0.015250516318071394,0.006491738089254628,0.010762360002977367,-0.01637388771211956
2009-03-12,0.04558271118980839,0.020852544134354112,0.03261559732519537,0.0386166338444065,0.004756601718415077,0.07854934229523147
2009-03-13,-0.008847198436876091,0.0021930335101094656,0.002438882563196465,0.007784247498615393,-0.005047817923382603,-0.02159732543779347
2009-03-16,0.021717367432220858,-0.005491501809613553,-0.016842439825727418,-0.003027602290744724,-0.015895569178402624,-0.08202670780327725
2009-03-17,0.021255957094708844,-0.008405293010375736,0.037163242748412983,0.030124438563222,-0.005455024319370061,0.07301941357734432
2009-03-18,0.01244115600575979,0.03331270158240951,0.01253601781875835,0.02213710489075904,0.03718809306918658,0.05323877569559121
2009-03-19,0.020558706911567803,0.013444527853073929,-0.0006736096922503876,-0.012462516315158823,0.001244140639003355,-0.06312232274758633
2009-03-20,0.01347472157287477,-0.008087754602137842,-0.015337333242139817,-0.02152432769058077,-0.005565297122189783,-0.09015837361356827
2009-03-23,0.02081445506973223,-0.016265716740780256,0.05727245760199562,0.06936648205159202,-0.008698365662799468,0.14991740674773313
2009-03-24,-0.016521660355000467,-0.012347912889209667,-0.018618684410995012,-0.019900194294399043,0.009467950842651618,-0.08022946587154056
2009-03-25,-0.015348034984410397,0.011261327198226034,0.004605246086018866,0.010490962612824006,-0.0135535667660438,0.0163245396899403
2009-03-26,0.017250068319137668,-0.0005437774128029815,0.030383999046522447,0.02017549873974467,0.011532033653472773,0.02212899351926767
2009-03-27,-0.018701141880236527,-0.013580296815494108,-0.018962788349949022,-0.01821308958277612,0.007391317237813055,-0.04559185044703762
2009-03-30,-0.03697728111619414,-0.007859663659244731,-0.024968643991448936,-0.035165791541543534,0.0038183035900960505,-0.056105193933623454
2009-03-31,0.004510183579349736,0.0033284777074547023,0.00861243329492023,0.009222739474321173,0.007120123422259539,0.06728817668440712
2009-04-01,-0.002503057843619594,0.008273170679265363,0.014732461059509205,0.01918057807071971,0.009085954486659276,-0.005369005119321368
2009-04-02,0.03787019993878804,-0.024802424742532025,0.031667345578458406,0.028818560438758745,-0.012297176684089806,0.0699591899626486
2009-04-03,0.015325981656295617,-0.013719889999443957,0.01840668424586056,0.00989929578109372,-0.02067445124687861,0.08259359640383979
2009-04-06,-0.012434431610937935,-0.026844140979648934,-0.002476167388761219,-0.007863716188430736,-0.004285222469783356,-0.01144122574196782
2009-04-07,-0.017966171036847722,0.017092460393572928,-0.026693574319272884,-0.023601664882329842,0.002533974123672955,-0.07773780193992064
2009-04-08,0.0073224738726311855,-0.0014998243891666263,0.01672802999903933,0.010719911347448097,0.008818621674081761,0.014660343907842321
2009-04-09,0.014486136916343817,-0.003469851444995342,0.030515369233515166,0.03897393023904261,-0.012621311846222838,0.12579403281451418
2009-04-13,0.004305116004227116,0.018026778317546288,-0.0015188979472440245,0.00023282711088778996,0.009141827257130863,0.003034933901917114
2009-04-14,-0.018304828314965604,-0.005820210516414015,-0.012236590594829622,-0.017393998158199864,0.0052143913180540125,-0.08866558392760293
2009-04-15,-0.006339843033010162,0.0014867876173525474,-0.0027738681618441063,0.010613570780479087,-0.001734906728962038,0.08326365464343777
2009-04-16,-0.004412991428223378,-0.01950327199584212,0.025595343688618932,0.01455665813231466,-0.007942675940801891,0.032964423298565304
2009-04-17,-0.007398093440276643,-0.006899358971821812,0.0021037706973667802,0.006682351175118839,-0.011049472948362116,0.017855000803324028
2009-04-20,-0.03834990028462615,0.020097043306539497,-0.03264958284347719,-0.04281916533742436,0.015028788990397501,-0.10865515105969648
2009-04-21,0.0035941592483794693,-0.0006902618757465007,0.013860943227443911,0.019348706966537677,-0.00992902568929388,0.08488680049149222
2009-04-22,0.0015367711263540862,0.005623448263974318,0.0030546432117293243,-0.006131665194173408,-0.006083639268822161,-0.035550125265840116
2009-04-23,0.013218092241564783,0.016120292274093728,0.009711689710626192,0.009769706799175104,-9.851592183185431e-05,0.04408053032737147
2009-04-24,0.01503789607141437,0.010307038892937825,0.017365867412058034,0.014998071636063592,-0.01009154830450587,0.04628241805406219
2009-04-27,-0.025190203588466797,-0.007944976286971439,0.001186304572830199,-0.009507601601808524,0.004266959348655952,-0.06175590507080653
2009-04-28,-0.0071685598662800665,-0.014256884624757049,-0.007439378928910223,-0.003150354842809122,-0.016472287030594224,0.013184031360451876
2009-04-29,0.02286106979190583,0.0065879591407682625,0.013646445644335259,0.02104627894595623,-0.008896386030760262,0.04262787406843138
2009-04-30,0.0035096895690260865,-0.012073098777590552,0.009967363902290582,0.0003427887412321695,-0.0039685618351432694,-0.004402706325688399
2009-05-01,0.02958788245725197,-0.003673517006708593,0.0026220708151414307,0.005362359249227566,-0.00690574563709756,-0.03332554954501887
2009-05-04,0.01924996849575944,0.01925001041079355,0.01959174506293282,0.03345388179113673,0.0032890323938765675,0.07921552624884853
2009-05-05,-0.014402461290228707,-0.004409520299832437,-0.0008565206812551907,-0.0034170339331041077,-0.0012326813352530053,-0.038041932919192334
2009-05-06,0.026248006192638673,0.014511767224199446,0.00028550435692142884,0.017186134313949886,-0.0023657038947666464,0.037439394834697826
2009-05-07,0.0018825539404696556,-0.001117426334235283,-0.023686851451584,-0.013989331230980895,-0.024716031644989478,-0.0589319462492095
2009-05-08,0.024612236315945335,0.00601942401720823,0.0005847638815477119,0.02306470627346613,0.0024262329283928352,0.06463873268011833
2009-05-11,-0.008291209376090958,-0.0032281533701707943,0.0034994274559205785,-0.018890981729384748,0.014117844749844899,-0.038777404937543114
2009-05-12,0.010124275596901988,0.011198016123960208,-0.012302503482183536,-0.0029637966837183782,0.003629038094683068,-0.002806425281323577
2009-05-13,-0.011512782333834792,0.00429066507915099,-0.02718629482397672,-0.025495394292333273,0.01080694174357788,-0.06781121951556601
2009-05-14,0.0064636128329933484,-0.0006588794462203396,0.011143444896599686,0.00853377481622708,0.003881827417721695,0.023444467394192703
2009-05-15,-0.025636554583652327,0.005696195347550059,-0.0005992145685289607,-0.008195503328765952,-0.00030561350209623583,-0.03419383800942288
2009-05-18,0.026096483410223303,-0.013083606100380507,0.025737039539567963,0.028010960017537556,-0.01562651060497,0.07731104657761279
2009-05-19,0.0,0.0066181410226482384,0.004662171802492399,-0.0012063637914172531,-0.005296591423153529,-0.019252904134270832
2009-05-20,0.01597119028026528,0.014082443543520284,-0.0034947828035956086,-0.006716731484636362,0.010464457032317576,-0.007998097014381589
2009-05-21,-0.008181812223659435,0.017195463853182602,-0.01854884253071276,-0.014467719275822688,-0.02547096062454912,0.0028867769733635917
2009-05-22,0.014499483211361408,0.0031915245362350575,-0.00327423038744179,-0.002131590799481664,-0.011164291444791807,-0.024972695374244847
2009-05-26,0.002246824964569516,-0.0041509226973230895,0.03659148664682599,0.02528959288667565,-0.015189118325134032,0.057741605797606343
2009-05-27,0.004478057707208993,-0.0033118473677440363,-0.006922737347283103,-0.018014480877123873,-0.017853888098588566,-0.036941318343432616
2009-05-28,0.018154376222937696,0.00841819599030913,0.011511308203937531,0.013843504247487814,0.014373147360841276,0.013735852227310108
2009-05-29,0.019122485467534478,0.020584628713310238,0.01222827027388007,0.017553419724129604,0.025489885317368177,0.032461795782124714
2009-06-01,0.027178106275763003,-0.004897561923661975,0.02814672345767244,0.023919924145101135,-0.030009819198187238,0.05001815620470573
2009-06-02,0.004180487360538443,0.006559420055802789,0.0013737592117073483,0.0008434387649769448,0.005364173462095501,-0.02096023949133441
2009-06-03,-0.03394468863517286,-0.020444145546900216,-0.003023525194905119,-0.012731882196127309,0.00934770273945773,-0.0017914851136944243
2009-06-04,0.03602858469772796,0.019094155718942574,0.011222175098636988,0.009352532041213557,-0.02087896831716307,0.03147754210094389
2009-06-05,-0.005426962211868336,-0.02653629688685033,0.0010878159599392312,0.00021157174486674535,-0.007650773954944956,-0.002609639012217002
2009-06-08,-0.0025147490879131595,-0.0016019817445123152,-0.002995113827479745,-0.004133524195238714,-0.002563790950890432,-0.01846191542981801
2009-06-09,0.009605500808711032,0.0028817381951284915,0.007606684429619204,0.005084824031746038,-0.00011078797961783238,0.0
2009-06-10,-0.003747685571484638,0.000319663052502861,-0.0035247567623750697,-0.002538630023755317,-0.015861991273261822,-0.01760430974702487
2009-06-11,0.009136405779891721,-0.0017061601941357196,0.0,0.004438847657484146,0.011050979530559335,-0.02068228384395354
2009-06-12,-0.014155110806970406,-0.016463478535408527,-0.004627650654540627,0.00273855756574104,0.008932758102876193,0.03562085897614997
2009-06-15,-0.01947580052733988,-0.011676890623095737,-0.020676002336653454,-0.023195205107743533,0.008961429751646488,-0.048611731723325224
2009-06-16,-0.0038552444069033243,0.009069633678898903,-0.009796745142959917,-0.01365591114934972,0.017255637014518044,-0.018539917069030576
2009-06-17,0.0029999142218359864,0.004558268927150166,0.009518037620519504,-0.0009823441896941176,-0.005645855013505674,-0.01921277889242745
2009-06-18,0.0012828175001562414,-0.008045247432850289,-0.0019519592535965913,0.007291915371648194,-0.015250823722732676,0.006766830054023565
2009-06-19,-0.008583592423747621,0.003160603275712326,0.01067554073553012,0.0036786257544649814,0.013615389644670017,0.009905713227484902
2009-06-22,-0.034199040247736345,-0.014909293845661864,-0.030321831549267042,-0.030445685701673497,0.009659908950585994,-0.0535551360609392
2009-06-23,0.017245561434946044,0.0041882267254900185,-0.002283085965824938,0.0007839276283618801,0.011705147492062196,0.0073527745949202306
2009-06-24,-0.00043834920037921776,0.005812362620937428,0.016716933870009942,0.008581052789362609,-0.010085695176183407,0.021596489004678254
2009-06-25,0.008733624901198223,0.009360110088058704,0.019477361614248068,0.021515274911499738,0.018165965568792686,0.013162129489692198
2009-06-26,-0.008295275700819005,-0.00021664835655421655,0.0022025639579164036,-0.0026098052698717566,0.0016930395399521458,0.008463709613952819
2009-06-29,0.00959891236858157,-0.0027125280833750764,0.0021964525446787064,0.009320482553099474,0.0014797452063062266,-0.0006486242404348808
2009-06-30,-0.017963376184905844,-0.009387696981969285,-0.001921882095926808,-0.00812310190324883,-0.0016916024206778957,0.005821507433536155
2009-07-01,-0.003986741211251754,0.013183162944147675,0.0005490966244021678,0.004123487479646748,-0.0019850101769538497,0.017263608415789555
2009-07-02,-0.022442553993946124,-0.012415748613801902,-0.02222306733675916,-0.027672510879229506,0.0023356552686975007,-0.054383446027847615
2009-07-06,-0.030417108111921554,-0.005384309013823696,-0.005351208395508067,-0.00011108291246841873,-0.0019110771888701805,0.02478987608593819
2009-07-07,-0.016037978061615554,-0.000551088914828135,-0.025165976645687316,-0.019566720773130264,0.00667192243441761,-0.0396251375969654
2009-07-08,-0.012440489164702306,-0.016002146946953566,0.00519938500029804,-0.0006813441371598117,0.018300940464232696,-0.009556183152796827
2009-07-09,0.006239536206468443,0.0026849271616820047,0.001727180460824762,0.0019297391239643247,-0.011988684747361589,-0.019042159930381164
2009-07-10,-0.007685016647692944,0.0007817264709171212,0.00430478685911595,-0.002384343995596616,0.009186696721041443,-0.0013988847861572395
2009-07-13,0.0052898750375542924,0.006786482027610674,0.019005307412397254,0.024037709755209136,-0.005627047985772293,0.03710475234464372
2009-07-14,0.0,0.006850801569758147,0.003646139195841336,0.005644245802938208,-0.01675585926315737,0.012068566937251557
2009-07-15,0.02603686380951764,0.015624467984359569,0.033041877633022576,0.02882704948285575,-0.02605384379561393,0.036320306072259
2009-07-16,0.0023338666131693664,-0.0028226541932028226,0.0118477247844897,-0.0016096846516289176,0.01073939637128074,0.011501988738863211
2009-07-17,0.014808239969818171,-0.0005437774128029815,0.005338846695617239,0.01089488286700746,-0.015550148434815725,-0.027046887772441686
2009-07-20,0.016401277083854193,0.014578288320425514,0.00953856216477389,0.01056786321346781,0.005246442361010573,0.03464121239714313
2009-07-21,-0.003621631368403655,-0.0016093724740917636,0.006833879022768219,0.004614682154957528,0.01975591600442428,-0.0028415734835278705
2009-07-22,0.005427387676466111,0.003323208166329472,0.00834588987645013,-0.00020954257386840425,-0.009020289980672835,0.0012645193483131756
2009-07-23,0.020536408497144443,-0.0019282309216244187,0.021838104253452784,0.021842553839003465,-0.018505910682132587,0.039013929972396166
2009-07-24,0.0008835859913998156,0.0016071308030829456,-0.0076528753669506955,0.004087505238608458,0.004822604378183826,0.006960180555012574
2009-07-27,0.003965561361233494,0.0032064522765002934,0.0076528753669506955,0.0029529077649703694,-0.011547786688969275,0.014371395901925155
2009-07-28,-0.011054802240177075,-0.01722137573946192,-0.0068854323474409895,-0.004688061712703195,0.008810489806945654,-0.0008915220305487637
2009-07-29,-0.026127549364636682,-0.00992865800844811,0.006631139529013286,-0.0024546105274350083,0.005467739224704005,-0.012575473135655546
2009-07-30,0.030564185988863457,0.0045947548185409914,0.00582953816460785,0.010390763578301154,0.014076618613096947,0.03522632290050476
2009-07-31,0.01972452836454508,0.01870623520537773,-0.0030375447632922103,0.0014180949653095354,0.019275390707872653,-0.0008729745714739501
2009-08-03,0.027821055325508492,0.005555021966375584,0.014845670733964589,0.01636151902737648,-0.015270280062420483,0.017888502436373077
2009-08-04,0.0004221701263564803,0.008591912260693668,0.0,0.002585478705922739,-0.007983649863680498,0.0531792582195636
2009-08-05,0.010493256240244886,0.0010556157910928121,-0.00777284698195535,-0.002884103245988534,-0.015060916549460401,0.037518583257186044
2009-08-06,-0.02323239307493452,-0.0019009437320756106,-0.008848369705686032,-0.005192032499250487,0.0034025545143361313,-0.007602060244995101
2009-08-07,-0.004711860435084869,-0.009025795077514331,0.012616580646877651,0.013028974007799121,-0.008363313388557003,0.054288853184194075
2009-08-10,-0.00042950676222686113,-0.00878513999734043,-0.007045905271372277,-0.0020774381800068298,0.01241094188303915,-0.021668980779360414
2009-08-11,-0.015148577427634535,-0.0015076396214315224,-0.008622448286457196,-0.01255453080050195,0.011502428473360915,-0.02946746634212616
2009-08-12,0.005219737923317425,0.0017227961034524952,0.015417661914206793,0.010672154520906751,-0.010740255408950183,0.007318909112889127
2009-08-13,0.013359256451380919,0.00824994532939538,0.005502841352465815,0.0076096093092639094,0.014079643601096592,0.005194583286671328
2009-08-14,-0.028660153147463063,-0.007712133511339481,-0.011540598558710702,-0.007709605036988698,0.0038641798013339113,-0.008324743447092331
2009-08-17,-0.015091080096508946,-0.015059050463639423,-0.029447700839789093,-0.024912966338134446,0.014674463161830964,-0.05476365838305286
2009-08-18,0.01948676305730279,0.004900069179749167,0.014191754102443888,0.007902799049290365,-0.005823266335813315,0.009884375253591315
2009-08-19,0.00699308962014511,0.005092391199061019,0.006893773577855367,0.008741797121803785,0.008247989889036411,-0.007954891516305906
2009-08-20,-0.00830988578115388,-0.002813877859599856,0.011637167875301113,0.010250742174360283,0.008180582218583865,0.039157053806656794
2009-08-21,0.007438333253728668,0.014845419974691687,0.01324179599855313,0.019416491042272277,-0.020791120160692067,0.025880506273447956
2009-08-24,0.0017420515890997912,-0.014087067763647987,-0.0009923825953328524,-9.728654787455326e-05,0.017966881344666064,-0.003360838204212513
2009-08-25,-0.01446418097190616,0.004538157997111547,0.0029763837011635985,0.0019409317713012797,0.005640719796271121,0.011072898903910833
2009-08-26,-0.002652604254716806,0.0003233498147654501,-0.0017355940326919672,9.699781752470216e-05,0.004571752223241354,0.003068152687100145
2009-08-27,0.008375525126991246,0.0043015607639729225,0.0024780621313609252,0.0022267590014033445,-0.003947327924716859,0.009654567612021658
2009-08-28,-0.002197356056912181,0.007270429612602491,0.0009900097795938478,-0.00019347358813703863,0.004570335022055616,0.008810749413349583
2009-08-31,-0.02765557107953498,-0.0050195140364932556,-0.010190645828756839,-0.008938981570759452,0.0009316078536132366,-0.015915425866555033
2009-09-01,-0.015497021616288187,0.005339040892428315,-0.01891319640850453,-0.022304535155537764,-0.0024229593824083295,-0.054958945877011445
2009-09-02,0.00229403885736712,0.024095025081346755,-0.0007640955690035867,-0.0037996202521979328,0.014469078505807254,-0.0203834445175346
2009-09-03,-0.0050541204346847834,0.01311660047587715,0.006602510422555774,0.0082805380691644,-0.006175582328074469,0.019845435953727453
2009-09-04,-0.0041540937650390575,0.0007179824462602014,0.02128497324563483,0.013911785587898073,-0.0171812839656571,0.011508132233581492
2009-09-08,0.01833251271400993,-0.00102583589823535,0.00937136410822692,0.008585598743644951,-0.007061981056659228,0.034264890552647476
2009-09-09,0.004078684244634978,-0.0035987748498103045,0.008554249609790343,0.007644863273930547,-0.0011644983830265687,0.019354124432914066
2009-09-10,0.005412699231953866,0.006366128093033829,0.009446870549543629,0.010167039235834174,0.018258496730296336,0.014770277028512524
2009-09-11,-0.013131139216557841,0.010993614941951613,0.000963607753681206,-0.00019080845382646316,0.005496280761951411,-0.001741249561174829
2009-09-14,-0.005484542774317092,-0.008335920016645737,0.003846654142284134,0.004856142415571085,-0.00997734241979753,0.02919374853028689
2009-09-15,0.0231039919159568,0.009550031319132124,0.003113215684394266,0.004170415810080819,-0.005130736969062966,0.015831792283349966
2009-09-16,0.012903474781278401,0.010160563341840678,0.014484641480271065,0.015020943284905997,0.0017831918471760133,0.039888368589028556
2009-09-17,0.0004419363344587701,-0.0057215445842047075,-0.00023515902021964408,-0.0014920298019109879,0.012497724804561017,-0.0043540207752532645
2009-09-18,-0.008876954973809692,-0.006767342503088969,0.0016738223301242527,0.0006375676692300658,-0.00894085217217011,0.0013768277899042225
2009-09-21,-0.02208790528356719,-0.003146706758441198,0.0030584315280961505,-0.0025330164697097146,0.0022947633956427183,-0.01571868118203623
2009-09-22,0.01627512069864867,0.01323048705491825,0.0018779895987526274,0.0058071210885755065,0.0020815296429974595,0.0311950290522911
2009-09-23,-0.022676668296598645,-0.008463489692783988,-0.004700824781728397,-0.008347054015210631,0.003010283369662581,-0.03680317334673511
2009-09-24,-0.012927257199677022,-0.013036122562252395,-0.008992017696763721,-0.01108029990622228,0.0028982214973556353,-0.03719225041054841
2009-09-25,-0.007930998368720577,-0.005654119849773487,-0.008833774098388592,-0.005346848771647039,0.012634096850239196,0.0031873768569905536
2009-09-28,0.008859928962989816,0.0005153625568476983,0.016883800625956624,0.017745049301551852,0.00873889761163138,0.040537869897073975
2009-09-29,-0.0037211213550301103,0.0039078335092765926,-0.004490295590029447,-0.003014360201232691,-0.0009120229017689496,-0.016352831622777675
2009-09-30,0.027575519856643194,0.014469359610812305,0.0007097813739433967,-0.0038755031560935294,-0.0009113341728319568,-0.009604011202196894
2009-10-01,-0.006366614170544516,-0.009759141142056116,-0.03003226292904504,-0.025126044806135894,0.013602451895482481,-0.04591111182595853
2009-10-02,-0.010087137883057817,0.004891514407334263,-0.002930656131605147,-0.004672663992616677,-0.006944565385252233,-0.007097466548150688
2009-10-05,0.03174860084702669,0.014632653538604323,0.008039904492480154,0.01481793646106766,0.00010048829385933544,0.02710332949830363
2009-10-06,-0.012126677639509698,0.02434557750386901,0.017558455031434494,0.014222998031102385,-0.009946079841709476,-0.002727366482253135
2009-10-07,0.0018057563080624561,0.0007818787663111948,0.00285774171970532,0.002745005574414705,0.01166195117538571,-0.000744920184426956
2009-10-08,0.019652340434148208,0.012427332550376313,0.004270106103614335,0.007626560568690266,-0.010540493149860275,0.01894918015489555
2009-10-09,0.0039725633836886765,-0.007749003016846778,0.0056658807774314646,0.0060783688895060806,-0.023190676152903045,0.00849691609769776
2009-10-12,0.02006170126836837,0.006976784520625223,0.002116171504241926,0.003907772254463815,0.0015626687492371616,-0.001451366186302927
2009-10-13,0.01116392524360954,0.006736668520876954,0.00023487697507729166,-0.0020451785528150523,0.005191910891215734,-0.014140005867668837
2009-10-14,0.007656113445141166,-0.0007676245830561257,0.013529533539666794,0.01706940659879752,-0.014920882237056787,0.035929211830493024
2009-10-15,0.010118256877471588,-0.012751328965778796,-0.0023195197814707136,0.0036528044464789744,-0.00463732292345842,-0.008563691407516227
2009-10-16,0.00251350642762338,0.0031061924936279794,-0.006523919293387692,-0.007502758313697733,0.008099999630625021,-0.02662910435435739
2009-10-19,0.01412570794917789,0.010124989184004285,0.010001235513175555,0.008231627155713461,0.007826590068783723,0.02136002896280198
2009-10-20,-0.006207258920894798,-0.007801678695170011,0.00023160245700015736,-0.005297151279039625,0.0053911510581858835,-0.01866473760282883
2009-10-21,0.020949632821413378,0.0031858098477668406,-0.0018529952293921959,-0.009013411449462438,-0.0060150938398315645,-0.012805610647908416
2009-10-22,0.008097159200827875,0.0016371956316874048,0.003933073673649368,0.010112128931385023,-0.0049000357540007755,0.025931416711924893
2009-10-23,-0.003635747259925104,-0.004146385704316025,-0.004164594818663492,-0.011499185285827274,-0.007555037191246505,-0.011903488738690626
2009-10-26,-0.01837895567282155,-0.015875641589657263,-0.0032513450651023845,-0.010884733867221108,-0.013039526018312486,-0.0024471239892500662
2009-10-27,-0.0070320890894945975,-9.819975733638131e-05,-0.015234984443304178,-0.004593750378742989,0.013566425211754662,-0.014558821793982712
2009-10-28,-0.026073928146844505,-0.011057424410540584,-0.022693222371936272,-0.019067670731901742,0.0047255264646670625,-0.042916090741409896
2009-10-29,0.030629669336339482,0.0192710617040861,0.01677079047738239,0.021226973902648716,-0.010955441307452851,0.04465414719400718
2009-10-30,-0.02552962604708675,-0.001559338208545924,-0.02721410237883326,-0.02940144768365549,0.014406559782607964,-0.017521927486157107
2009-11-02,0.01723087528310918,0.013754558169896569,0.004141968230322757,0.007311781106261961,-0.004430461743951675,-0.00025250841922019873
2009-11-03,0.014067447300998737,0.023859334198798265,0.0031550477125370513,0.0031583960353662732,-0.010043982962378628,0.014543671109994882
2009-11-04,-0.0008223034212009317,0.005993644061587311,0.001695528782281741,0.002576823125055583,-0.009181637761040307,-0.02164113765814557
2009-11-05,-0.00535955917887998,-0.0011210307242874862,0.024380246227758473,0.018227684103408137,0.0,0.022388274737870972
2009-11-06,-0.017935951888433,0.004197543036965179,0.0058854521914013525,0.002617187425348888,0.0009653198093939608,-0.016554587291744305
2009-11-09,0.016280924528377927,0.007049487746250804,0.021136201991953207,0.022520730462408878,0.001177226387683028,0.0481393467330995
2009-11-10,-0.00498129886093146,0.0018468649311937924,0.002525542157401528,0.00018242952373626053,-0.0018206915867526874,-0.007499714965447435
2009-11-11,0.006636326220986533,0.011101532395072944,0.00639838416377847,0.005096800834165194,0.004172852672843064,0.01852588607619854
2009-11-12,-0.014994221017118115,-0.01276358546875933,-0.005710870706728155,-0.010220183520257109,-0.0018168089865584491,-0.010303772160668245
2009-11-13,-0.0008395306509290101,0.014040137041637202,0.008213402592669006,0.005396636426206136,0.004588186139207195,0.013397750063463665
2009-11-16,0.028567417720093857,0.017075894257764013,0.010172812026104872,0.01440075070467195,0.011644625329735092,0.023950659391857254
2009-11-17,0.004886155955234006,0.003041182751855942,0.003144409095834355,0.0011684223270016503,0.005352795663104537,-0.01755464215818492
2009-11-18,0.0008119211420662964,0.0024975374482032464,-0.0056216802207820216,-0.0006292082083323436,-0.005879198209790104,0.01801831119266506
2009-11-19,-0.01430644393815017,0.000445362297080365,-0.015679776397099054,-0.01311705926361384,0.001788717621025171,-0.023226962000711726
2009-11-20,-0.0012357852481374998,0.005682836942089153,-0.00505181859180448,-0.0035574674219729374,-0.00021020989123510248,-0.007145791192989748
2009-11-23,0.004523889290513061,0.011882360058536712,0.015985440330857692,0.01262238838911145,-0.0012628422711848941,0.012590757208323033
2009-11-24,-0.011555978380007659,0.0038424851504039736,-0.003403826283803646,0.0015326353814320015,0.0062959837427492005,-0.014984227255945282
2009-11-25,0.023790965295477307,0.016339238275087986,0.0043095133866781765,0.0035074614154719796,0.004591780032535908,0.004065541011459839
2009-11-27,-0.011414647448824589,-0.013467099128964044,-0.015281531553106742,-0.016383606587620392,0.0037407287189479277,-0.02954971951158525
2009-11-30,0.011009262890016025,0.005028201653515474,0.0011491967669567948,0.0033706457690136915,0.0023842716018718235,0.036684051701822096
2009-12-01,0.007272805072167543,0.014934599861011755,0.010277261440164054,0.012294592729411136,-0.011202593475703182,0.01458510908439381
2009-12-02,-0.006867420513358979,0.015218446148336895,0.0013618823317846918,-0.0004493577377404634,0.0008396865304129975,0.016215094810142272
2009-12-03,-0.0008109335209063318,-0.004035681973678429,-0.004091826311757529,-0.007851136524818614,-0.010439050954180296,-0.01132308774664148
2009-12-04,-0.00814663328483256,-0.042596218074724135,0.00522622883022672,0.005691589325304669,-0.010656878934383052,0.02908742919352658
2009-12-07,-0.009038623703339077,-0.005642255891681103,-0.004771355978217429,-0.0015322663036547723,0.0012847851052448789,-0.02121674434030396
2009-12-08,-0.00995458225251955,-0.019281180066479386,-0.006167854059223377,-0.01115971032681351,0.0014961929221790626,-0.0057814509614901866
2009-12-09,-0.012584074718332783,-0.0009919349177227588,0.010032090939624538,0.003733727094445527,-0.004604275127045199,-0.002089233891732434
2009-12-10,-0.005502672847536694,-0.00018042626976999543,0.004978754057434642,0.005619683004080223,-0.01155008659764789,-0.003958222279969448
2009-12-11,0.005080514962983784,-0.013627902417121085,-0.003845008666552463,0.004239299288405718,-0.00010829101586562473,0.0159706165725928
2009-12-14,0.005474863527394014,0.008380429619065488,0.00947261806701416,0.0068169966887206,0.0011939159308260727,0.017977471011277668
2009-12-15,-0.004630535516484624,-0.0002721594910166658,-0.005627609400461697,-0.004659760905075139,-0.00445695196733098,-0.009972965394961175
2009-12-16,0.017151488807404913,0.01244377898373461,0.0013530722865024991,0.0015259916082586145,-0.001199319797758669,0.007262793362199371
2009-12-17,-0.015465253544697966,-0.038830074748299026,-0.01224758939355075,-0.012089105316023918,0.016335923835759658,-0.0061247926432344
2009-12-18,0.004203521339483096,0.014887700748231758,0.01616671933796132,0.005642063830408439,-0.00430174919011872,0.006577470575122479
2009-12-21,-0.0096945726660147,-0.0185276263860219,0.01118323849999392,0.010110600197106301,-0.017942672791821046,0.013470709479474596
2009-12-22,0.007174542857464772,-0.007319841214939338,0.005987093905787777,0.003586963839798507,-0.005611043867953747,0.010427194679194507
2009-12-23,0.017507726453951378,0.0035728214071415465,0.007270060241853393,0.001966980616998626,0.00022067393663505186,0.011847581101740001
2009-12-24,0.005768696537021167,0.01684463566334049,0.009175986695506122,0.004723059744709879,-0.01042336742730221,0.014344255996589172
2009-12-28,0.017511997768235865,0.0017519015886229283,0.005206706690116025,0.002131289555532767,-0.0027908754707119954,0.00477970563692276
2009-12-29,-0.0020205524762189064,-0.009999174226535068,-0.004119300145825289,-0.0014204456956461442,0.006574606528584326,-0.01506712773390051
2009-12-30,-0.0012143671574631476,-0.005037332589067134,0.0030363661635339767,-0.00035526791330209306,0.006553258813763563,0.0015387582802754984
2009-12-31,-0.002839118727353984,0.0035474015655259095,-0.009138051863648577,-0.009644567600497922,-0.004772249081034907,-0.01728411923549933
2010-01-04,0.024870848735185636,0.02293873768114807,0.014538094001367519,0.016817166279258444,-0.0008905894608775,-0.004255324355943113
2010-01-05,0.0011878315540747586,-0.0009112174071557178,0.0,0.0026438364086089905,0.006438534057041423,-0.0011233247667119528
2010-01-06,0.017650911705222594,0.016364952672509148,-0.0060499844589156915,0.0007038321367680567,-0.013477116806599021,-0.0017993584797872941
2010-01-07,-0.012519646884227242,-0.006207031449164013,0.0006499423211967503,0.0042122633653907116,0.0016798454185869005,0.010747903578681939
2010-01-08,-0.0007877067687624972,0.004950755381378791,0.0081966878552997,0.0033225868891157972,-0.0004467427936125645,-0.00737688046656082
2010-01-11,-0.003157135768149022,0.013201473675457542,-0.004089661022060209,0.0013954534919582429,-0.005502898870245687,0.005816857360704031
2010-01-12,-0.021574902898955806,-0.021134489951311508,-0.012589597929535401,-0.00936984846147837,0.016971217536741356,-0.01687156420746172
2010-01-13,0.0008074233103068096,0.00945827937853938,0.012373663782631272,0.008410181711755449,-0.011692387217890676,0.019989585212378813
2010-01-14,-0.005259988343840227,0.004383402504944733,0.0008628878964334064,0.0027011162640109276,0.013904347905017822,-0.0008904385894865641
2010-01-15,-0.011424053394563316,-0.010498532177149578,-0.011708445498336495,-0.011287601774292888,0.006167965879181558,-0.00759540295663319
2010-01-19,0.006544041845703674,0.0059357674133195815,0.016010429437540274,0.012418217513068264,-0.0028588659882986533,0.020202686095089017
2010-01-20,-0.018930673533636533,-0.023406622544498212,-0.014485133878956447,-0.010220690232010554,0.010078974522708783,-0.011272043756676009
2010-01-21,-0.012541891757042567,-0.01451645533950785,-0.009408237380162277,-0.019416507114121018,0.004567875807821586,-0.029092223298154085
2010-01-22,-0.01057313921408154,-0.001864497387188635,-0.029672817579211586,-0.022544051526529607,-0.0017381086426340175,-0.025494009926194217
2010-01-25,0.004665986435084868,0.002888473340999731,0.0033908646532210263,0.00511474104023435,-0.004575570786982119,0.0070173551807499734
2010-01-26,-0.011063968548977954,0.0007439937221862536,0.0009022986696511914,-0.004199393495850856,0.0003288548011708414,-0.009367516443306023
2010-01-27,-0.014655341367800112,-0.009622184538243594,0.007861044654622784,0.004745640301909049,-0.0005468480922354857,0.008901549877797343
2010-01-28,-0.0034798532620556877,-0.0004694185510532023,-0.02606384702761666,-0.011538458669029694,-0.0005460680840769783,-0.008666413477051549
2010-01-29,-0.011393565059994781,-0.0048955498497216254,-0.017605602449302094,-0.010927881636701997,0.008703646867904702,-0.00566125910758597
2010-02-01,0.02395062703111428,0.022305058135940747,0.010923971794195797,0.015431367521792971,-0.009118893222056279,0.01805255318710275
2010-02-02,0.021286322256289125,0.007173093057516233,0.00897489405522256,0.012030247739000188,0.002848541734466359,0.013614845518867824
2010-02-03,-0.012290864827426695,-0.003948040904900196,0.005483472341724305,-0.004995274955061468,-0.01166433386377097,-0.01640724680728267
2010-02-04,-0.033828012591360146,-0.04064946190433538,-0.02936316158775165,-0.03135182588406682,0.015703743592180963,-0.03774932668412978
2010-02-05,-0.012874931766053699,0.0029657764294865885,0.008411342077517148,0.002064829209467156,0.0021769122836809984,0.018221427844692162
2010-02-08,0.0004467753612149572,-0.006132631197051985,-0.007238877886800221,-0.007245777332362202,0.0013035824563498721,-0.022100458594284778
2010-02-09,0.01770760086172274,0.013082093628457692,0.010259326303524663,0.012482192437218487,-0.010039270872512773,-0.0031624804684629026
2010-02-10,0.003941150232700696,-0.0027549621443077044,-0.0020904458965298467,-0.0019605034909160324,-0.009587289576275637,0.0019470527749492206
2010-02-11,0.011731590296163663,0.01894044377226045,0.014996366916204984,0.010411756531998329,-0.005440752447783304,0.009440161625881238
2010-02-12,-0.005631293289618089,-0.0008404197035734029,0.0020585583527048534,-0.000832891524640722,0.004110633275987929,0.011735131564958756
2010-02-16,0.02995517595909325,0.02381725974040183,0.012715839134628482,0.015612691330937345,0.0018833996673173203,0.027939559281245696
2010-02-17,-0.005071925774425168,-0.0033810306977537508,0.005625310767345848,0.004727366947504308,-0.01146441148214361,0.008988987265332149
2010-02-18,0.008859035791766168,0.006659727627097212,0.006262135758514198,0.005877608450494343,-0.004038080779070974,0.01480506989853847
2010-02-19,0.005862720723760262,-0.004648011335302016,-0.00044577292861491813,0.0020717484010495113,0.005380927727890672,0.0006781614911024469
2010-02-22,-0.0054429620092260045,-0.003660675124823598,-0.002009473512295301,0.0001799933406410048,-0.004144569694852329,0.002482008569237415
2010-02-23,-0.016508160789284076,-0.010877691236586884,-0.013048244190167146,-0.012219082373277956,0.015483009100104361,-0.007692211335519339
2010-02-24,0.008076555273606179,-0.00492450499761965,0.010138293795802777,0.009155979989575513,0.002429045095437843,0.010168320267192943
2010-02-25,-0.01707992022380944,0.008809784398268405,-0.00022381404174831587,-0.0013548408316204075,0.005607029538387209,0.0038146725909520285
2010-02-26,0.017503245722600536,0.010287614912395604,0.0035809253259135865,0.0006322782445371544,0.005140675277735873,-0.0004475363581799563
2010-03-01,-0.010208638363910616,0.0,0.014417574965754909,0.010331200651429562,-0.0004381664739607771,0.008477862552517479
2010-03-02,0.010631689300512281,0.014425256805689735,0.0030780484606296454,0.002767020006538168,-0.001314644332325976,0.0004442440456338126
2010-03-03,0.009682328893367842,0.005479471397486613,0.0010969902896635908,0.0008907830595283883,-0.002524306501191731,-0.0026684293962175865
2010-03-04,-0.008836668205296938,-0.0071922941134516805,0.0032841536566929896,0.0030227952292731786,0.005261402325932529,0.00621529489630257
2010-03-05,0.011764862211494531,-0.0001805113929824742,0.014969075227567519,0.014192210018236118,-0.013205879068334703,0.026854911003714843
2010-03-08,-0.0012539579154213776,-0.008428164684993966,0.0019364583091765475,0.00017509417395800142,-0.005220234218507258,0.010073690635949983
2010-03-09,-0.010933692943957851,-0.001457159035853195,0.005572227037480282,0.001661108196862493,0.000223034950884049,0.002343656431601282
2010-03-10,0.002955488308223675,-0.011458028889065552,0.00808860384083232,0.00444653034771747,-0.0025639750696413444,0.0088962623192681
2010-03-11,-0.0025326996603389773,0.0011977451434272979,0.00380829241857894,0.004165750792696876,0.003676358700889004,0.005886818890665335
2010-03-12,-0.005934698059757437,-0.00600326475867341,0.00021183875842112343,8.69508395373586e-05,0.006208888114771938,0.00793522017487458
2010-03-15,-0.011976114772629387,0.0037908941588105094,-0.002537580650577187,0.00025939088084570017,-0.0013274865848522666,-0.002290345453592302
2010-03-16,0.013250756240851924,0.018651124814839548,0.006331085657918845,0.00793477538896159,0.007936460018377112,0.02389394262377431
2010-03-17,0.008877666048829003,-0.007364051605517119,0.0027303853243010323,0.005909445625408516,0.004272833156413469,0.014749461158891197
2010-03-18,-0.0021066287775006742,0.006820378596121834,0.003350788842115371,-0.0005121503970606511,-0.0032851730401635137,-0.005430316505822486
2010-03-19,-0.012306320239020785,-0.01884602118244505,-0.0060671991930023594,-0.005074703052564189,0.0009868871591640627,-0.010948719563788956
2010-03-22,0.0,-0.004906724488663805,0.00901395343838951,0.005332164546550722,0.0010945725147841756,0.012560784155223992
2010-03-23,-0.004279259240265176,0.005276077362753817,0.006862795242572606,0.007008295610110515,-0.004717121085379361,-0.0028224900838029754
2010-03-24,-0.011211874665834287,-0.018824492289793326,-0.00477782721492348,-0.0048668964697871075,-0.018424459997838483,0.005436364035291685
2010-03-25,-0.005653333833113727,0.004505317583276991,-0.0014590943766612519,-0.0016272858733152873,-0.006405976801475255,0.002444781962646303
2010-03-26,0.0017430071686823645,0.01680865686452737,0.0010421004445864135,-0.0006002175019137468,0.0028147480970552863,-0.0052609197454200896
2010-03-29,0.02238564173121027,0.0014723814641710575,0.004780270844767287,0.006327647951435367,-0.003829648546715525,0.003038876969992277
2010-03-30,0.0021264337617781237,-0.007198247903796862,0.0033119638239518245,0.0006812490186902664,0.0031551567757039933,-0.0014173007729283427
2010-03-31,-0.0008499734229876488,0.009035611315004743,-0.004764792281669372,-0.0034127229594806963,0.006839011696039954,-0.011407606340441578
2010-04-01,0.019368905128369196,0.01195219915601875,0.0,0.006814530250621509,-0.002448091784714279,0.005108938757725667
2010-04-05,0.015722381606884106,0.0056974809249874525,0.0093009510701898,0.008116350645622106,-0.016779137209352868,0.021775328437606323
2010-04-06,-0.000821164729687851,0.0012617106108123721,0.002875805757026839,0.0023549879333693013,0.0015999054411093283,0.02267619722058356
2010-04-07,-0.0037046786782228835,0.013063885742511161,-0.002464495496648844,-0.005729078227948214,0.01270275817576394,-0.02227748601414259
2010-04-08,-0.0016508360581033443,0.0014213706092300882,0.0022593677254478806,0.003457842542790246,0.000450480361116945,0.0011953964844710896
2010-04-09,0.0020631660993046808,0.00874987119150461,0.005932226082086878,0.006546074756337283,0.002362985464917422,0.014038786489116273
2010-04-12,-0.0008248301685997994,-0.005559222339984515,0.0008152300250401368,0.0015882682713197482,0.005268801331466122,-0.00630277641510979
2010-04-13,0.0037060188908406566,-0.0028356216460245776,0.005082101295887043,0.0007509214439025413,0.003236255508868524,0.02420557228718856
2010-04-14,0.011442819739055476,0.003012551773768024,0.011891877415747931,0.011285561240729436,-0.007044491378107587,0.001541436023679843
2010-04-15,0.0036503103470382214,0.005470304321851138,0.004398489299536568,0.0008247920412198795,0.001121329928189141,-0.027725041957607388
2010-04-16,-0.01838664884953589,-0.021433553562709484,-0.012041232092308896,-0.016039996691754155,0.007259480890922099,-0.023233398456999677
2010-04-19,-0.012865883056090599,-0.0008093560236552833,-0.0006061686206875194,0.003763103955670921,-0.0024515686485893085,0.004447819383931684
2010-04-20,0.007905083043389993,0.002785119789124657,0.005038063525617531,0.00889135156359,0.0035634095893719575,0.016803911705399077
2010-04-21,0.004960800012700606,0.007597109309406491,0.005611687153088685,-0.0018222448507190236,0.008193062496806292,0.017305780470072918
2010-04-22,0.0024711554454266427,-0.004193637495524705,0.005581070661321519,0.002979402150984356,-0.0029817099343567577,0.015285816686983367
2010-04-23,0.006560232560214541,0.011998598472109379,0.004165956731621456,0.006506755064435765,-0.003544922631359526,0.013161385532400871
2010-04-26,-0.004916181649956108,-0.003894865830639027,-0.0021798495731903955,-0.0037836712893541957,0.0011091642273513003,0.007927704121762691
2010-04-27,-0.015311744554658446,0.01653654778371827,-0.021454682261285107,-0.023934273179907706,0.013980280285062818,-0.03248230787711126
2010-04-28,0.0033306340687082603,-0.002795491486585533,0.0006081338284835702,0.00756734084884414,-0.008562811946697835,0.0031022125875574957
2010-04-29,0.007865904130265111,-0.0002624679990343992,0.017269463025935572,0.012321008960782365,0.004180385483484095,0.04412295117812981
2010-04-30,0.007804514255292272,0.009406112146595369,-0.01990583757756914,-0.017107227440837924,0.01146267098556919,-0.03161699492876746
2010-05-03,0.004898030164547151,0.0032022420391024653,0.013915681006664737,0.012878652895095044,-0.0013078200628804382,0.03272837912502169
2010-05-04,-0.027240752496415777,-0.007458842798920173,-0.030502585328175957,-0.02379564289463154,0.01783483075281378,-0.023024263327934502
2010-05-05,-0.02285335011475098,0.0019133210932080758,-0.00517555342792253,-0.005974456577990672,0.00587564400146956,-0.013535273880121768
2010-05-06,-0.019888123240882738,0.02911415163899367,-0.03398730849930809,-0.033777483172129585,0.030419723988610592,-0.04194239140887923
2010-05-07,-0.005254018363598512,-0.0018584329204847094,-0.025224144276233318,-0.014987054528007526,-0.012580401468724745,-0.016955825070417596
2010-05-10,0.01913099718095035,-0.0059362195954255625,0.05066526253846382,0.04309876946348368,-0.02093390815077889,0.06387623132712372
2010-05-11,-0.0017239329730349695,0.025942805079309572,-0.0010472124726925713,-0.002845011561943167,-0.0025662591467057183,0.005903066307353377
2010-05-12,0.008163210146657551,0.006114187831151696,0.01868451062695753,0.013889290377462338,-0.007633992585740934,0.016009179367088677
2010-05-13,-0.008594852895686955,-0.006943357126726113,-0.01596436656856204,-0.012508518232800192,0.0065619498550058,-0.01638916074029373
2010-05-14,-0.02579366557893037,-0.0015771788582181756,-0.019413626514964477,-0.018271386252219912,0.01722192611905271,-0.03223287480045034
2010-05-17,-0.028753123001006742,-0.00842621364048668,0.003190912047434047,0.0005265665072737846,-0.0036959525060007437,0.0013725005822671221
2010-05-18,-0.001368343994803567,0.0010885264147750817,-0.013902531189663225,-0.013695242171755773,0.015222304676454357,-0.02559443959281893
2010-05-19,-0.009170319214198308,-0.024226160830335353,-0.008001117781820444,-0.005710202151850474,0.003328823814434223,-0.009287406141090582
2010-05-20,-0.02094553316046488,-0.006796610129533143,-0.03783163283388813,-0.03849057900147379,0.02086108768896988,-0.052682065771081366
2010-05-21,0.010294937632326473,-0.005366542125113227,0.010987821885314553,0.014493402335394201,0.0010159290227207407,0.033017247490845225
2010-05-24,-0.0009317368212475863,0.013962091277818445,-0.004022519955142911,-0.012914011875300169,-0.0034606368975103052,-0.02259486290750612
2010-05-25,-0.007953050658042304,0.00444069285880655,0.0008957515458121179,0.0010206031286621453,0.004883021434337387,0.008008521634241372
2010-05-26,0.010745241418803175,0.009413635235164364,-0.01124921395070233,-0.006047054072739755,-0.0028456803592886715,-0.0021012513554032886
2010-05-27,0.028854836924864458,0.0018552983674489099,0.037086256265976836,0.0329493678732975,-0.02294882405181209,0.05344684799413013
2010-05-28,-0.008615081608261743,0.0015994852276124405,-0.005903167025039124,-0.01262861658633252,0.004569452998069323,-0.012843772287128186
2010-06-01,-0.018846735161474282,0.008626934066195524,-0.009252912486295006,-0.016967325477191153,0.0070044897312842025,-0.021023290331724453
2010-06-02,0.011992896289107602,-0.0010847752867189087,0.023406232809676464,0.02570635351780659,-0.009544122345409356,0.019406230586964224
2010-06-03,0.005486947405734632,-0.015311140459368211,0.009468785459485485,0.003438438079110817,-0.0073239522089032505,-0.0028365283736788705
2010-06-04,-0.03149867693537178,0.010373302792193506,-0.03486931454356679,-0.035769423195398,0.02652702449996802,-0.05826850648713666
2010-06-07,0.001880571666597941,0.019113058305127772,-0.01835338966646738,-0.012529155961335192,0.007640585143274592,-0.005391040967321015
2010-06-08,0.007953050658042304,-0.004041391686318008,-0.0018087370823560711,0.010654943409816653,-0.004984660224903514,0.01778707159045645
2010-06-09,0.00464918983803031,-0.003643011529050888,-0.008408204200055724,-0.005360368606686983,-0.0011229570277944134,0.005929634433031961
2010-06-10,0.016559715848068368,-0.013276163318659329,0.028126526681112374,0.028812515621924994,-0.018029320844608954,0.04237454973571708
2010-06-11,0.0013677202512667463,0.008703719694755918,0.009495659536081558,0.004844066862203178,0.012602956694085066,0.011870512226049623
2010-06-14,0.0027296362847062383,-0.0034222616854409083,-0.00021987795316524839,-0.001551279786877302,-0.0051456063150379094,0.012323408617799014
2010-06-15,0.016670755224652556,0.011555051138783412,0.026465652073947687,0.0224828860871229,-0.0041364261532317315,0.022077684420196864
2010-06-16,0.002231883395230838,-0.005469896230116511,0.0040595393310516315,-0.00035703500945238886,0.005682490035460397,-0.009123224198347657
2010-06-17,0.00044567900768033297,0.01296306533767666,0.0031933236298224976,0.0016063355519166933,0.008107052678385962,0.002142397580429556
2010-06-18,-0.0017842111995678422,0.007600251453539819,0.0008299219053755635,0.001083969142334773,-0.0016371512812707323,-0.003118214836029587
2010-06-21,-0.004025975787535163,-0.02006483258108105,-0.008547436329313651,-0.0028681878847587328,-0.0028703589643059857,-0.0078385922681532
2010-06-22,-0.002243496603064443,0.008766162443343717,-0.007754958456720029,-0.0166538678190431,0.01183874838026533,-0.03015710662434179
2010-06-23,-0.01676148098266017,-0.004125418496021105,-0.004117513743944201,-0.003107823533020415,0.006773610837315758,0.002632684461523649
2010-06-24,0.002281580281580098,0.0028896292842945925,-0.015317537406186243,-0.01670927109086673,-0.005963177122351837,-0.02139627575380354
2010-06-25,0.018067224642791757,0.011964406044451259,0.00019886276870906272,0.004180669131766734,0.004046816902030237,0.024921423870561288
2010-06-28,-0.010801117122499093,-0.013697206629814218,-0.003540559258861986,-0.003157349249374164,0.009345792907690331,-0.011868314100857535
2010-06-29,-0.02798987568544975,0.0014853964638135153,-0.03933632583007096,-0.03136138165289193,0.010842466880572665,-0.03327708195849022
2010-06-30,0.003715621598353369,0.0033752134718403326,-0.015334963686244762,-0.00954579063884875,0.0067063768222341835,-0.01069771474077097
2010-07-01,-0.01541732666433715,-0.038878885924842344,-0.0028128420425188594,-0.004465950328208734,0.0015760435165095288,-0.0034473923700515385
2010-07-02,-0.0018847902372112202,0.012312786265651354,-0.0028220135225085485,-0.0054647767833300165,-0.00800478354817713,-0.019397233260206814
2010-07-06,0.002826067098885332,-0.01685142623284719,0.0030564710865834677,0.006534083316313222,0.008201569813630627,-0.02247756337234641
2010-07-07,0.022326474318057343,0.010416771036919847,0.03142592909717434,0.031010811205801403,-0.011780378394816715,0.047471260169182905
2010-07-08,0.009157722051409412,-0.004426705679849263,0.005444680188396056,0.009846182050407215,-0.006392749822410337,0.012371588035394954
2010-07-09,0.0018214825263109802,0.009763642764658798,0.00945736191496227,0.007438062460654038,-0.005728044463135795,0.01264016444667826
2010-07-12,-0.011439133404291368,-0.008655160400421025,0.0029096051636479103,0.0006481531054154388,-0.00040325624779669056,0.0031347105247965246
2010-07-13,0.015978377016419465,0.008655160400421025,0.012877334619465941,0.014975709651460889,-0.008606849977865316,0.024326168176780794
2010-07-14,-0.0018132256270484426,-0.0005070359076375652,0.005061000487515344,-9.157442736462684e-05,0.01001802314648792,-0.005923692463994268
2010-07-15,0.009482913731035936,-0.000591888512841976,0.0008772772560234898,0.000273866663573763,0.009918415806875913,-0.0032832641082114478
2010-07-16,-0.012664145430077323,-0.013282487126808462,-0.02801981503174389,-0.027920795625616,0.004872338883909144,-0.033016173837348894
2010-07-19,-0.000910638433371691,-0.00808950027487576,0.008532911384600883,0.005889394367134315,-0.006169651495702588,0.01224710360049075
2010-07-20,0.008167065073192425,0.007918090681685364,0.012002836623836277,0.011030136850296302,0.0014960867541686795,0.018505266424460487
2010-07-21,-0.0027151209172502355,-0.006881773841044492,-0.013793027897037735,-0.013082882421298514,0.016801970100294383,-0.021026831749841435
2010-07-22,0.0197405142118372,0.008680404641995487,0.024998371957024812,0.022076546796522045,-0.011632309211273117,0.03676586566427087
2010-07-23,-0.003114504455509426,-0.006610921544710102,0.006315664824545042,0.008641241873021066,-0.010666976663095795,0.012695298422864543
2010-07-26,-0.0008917579869511805,-0.004922074719322822,0.008216525986920242,0.010361676283419996,-0.0017051181749065947,0.024721631035050873
2010-07-27,-0.010762469929403995,-0.017552688498184033,-0.00043037262030942713,-8.937890658256009e-05,-0.0096845140219326,-0.00019520864909017277
2010-07-28,0.004049626228763259,0.002375791006871353,-0.008002711591816425,-0.0064752915043655435,0.0032381758345065847,-0.0019553762454247448
2010-07-29,0.014266859390404285,0.00447233732619523,-0.0074112333429088295,-0.004884478662549263,-0.0003025493750037356,-0.008454073741477774
2010-07-30,0.013192720369167965,0.010444841709822406,0.0021854763844548764,-0.00018155959187549087,0.015444751979221572,0.005905378718132681
2010-08-02,0.019040027436142637,0.0004328706471268262,0.018599268422322623,0.02232977584006246,-0.014136990436592,0.033011392932214
2010-08-03,0.0034231738241792264,0.003887163799397797,-0.004294367465774052,-0.004800406134721769,0.005756451617338065,-0.009732349020471709
2010-08-04,0.008507016123095568,0.006273952596501431,0.010062916445694459,0.006661324101892241,-0.00768139202527518,0.007070262036513508
2010-08-05,-0.004669852649569872,0.002225094038606379,-0.0023458536693676812,-0.0010627267270102436,0.0046556578650980285,-0.012646470721825676
2010-08-06,-0.008976328556379976,0.007324732365885822,-0.001495771406341273,-0.004084520964179106,0.010846919478732175,-0.0046387737782356275
2010-08-09,0.0034290429349286278,-0.0037408206861497817,0.0068203261307195895,0.0053240199195583315,-0.0037024420513267486,0.011365135024971273
2010-08-10,-0.010754987583826203,0.002806975212677365,-0.008747250034931042,-0.005413099365589424,0.0021030369891015255,-0.009816231145273857
2010-08-11,-0.02274838864324158,-0.0033182233156114904,-0.027589058650369314,-0.027789614424675868,0.01331842190899124,-0.025268268510765246
2010-08-12,-0.007550359964989095,0.012113149233667464,-0.00796119923870231,-0.006148971042319928,-0.002471094408328156,-0.012576404425617582
2010-08-13,-0.0008920550192001997,-0.00025261067028914397,-0.007130540857959833,-0.002949785893507695,0.012394939037015718,0.0
2010-08-16,-0.0031286256215752317,0.008303024914577684,0.0017876763116499994,-0.00046188703004723664,0.024719341171477893,-0.0008036273120910487
2010-08-17,0.014222473100351518,0.0001670005247422779,0.012642869041683547,0.012209919464820196,-0.00573938941972596,0.022660292386215364
2010-08-18,-0.00397958977996371,0.003917171473901249,0.003959569329357482,0.0018235149737853007,0.0026823507908337874,0.0009823259810941565
2010-08-19,-0.010242883320387808,0.0014130601122221975,-0.01526397044770178,-0.01754967569659449,0.015473277773071281,-0.02585647008622738
2010-08-20,-0.006286363654002258,-0.003494746175242369,0.0013363864201654252,-0.0032498711025610305,-0.0011304009535502146,-0.0032294353787847285
2010-08-23,-0.006779796905023172,-0.0015850050567998153,-0.009843633491159576,-0.0038199220682741952,0.00018816680957911558,-0.0052695057237746035
2010-08-24,-0.011402611681716301,0.004830540187787946,-0.018836298743573288,-0.014954395480820004,0.01590138515998074,-0.00407249070362159
2010-08-25,0.005033203603146408,0.008274083236647023,0.009576059522175218,0.003877460173641545,-0.003252944735499419,0.01578975273489336
2010-08-26,0.011345585926417101,-0.0033014352071623065,-0.012098847792555212,-0.006724700876006295,0.009358664784332227,-0.006043090282171537
2010-08-27,0.01700284230727922,0.00041329960092006957,0.012098847792555212,0.015371527567329402,-0.02872431288117383,0.01643288086547212
2010-08-30,-0.0017761880131361707,-0.0008267069892493595,-0.010493047678931777,-0.014611207368439239,0.01899266286675161,-0.0077818648011156455
2010-08-31,-0.013423035236967085,0.009630085060906346,-0.0034454585152752237,0.0,0.011022862029133051,0.007583312454086055
2010-09-01,0.019625840030407016,-0.0031997351237427196,0.02947398806521484,0.02947324617680458,-0.020894378336131503,0.03208406592645208
2010-09-02,0.007042337519666653,0.004918433276591472,0.011108696810231411,0.009268871853770122,-0.010622273774942848,0.012626704160587643
2010-09-03,0.005249322730285666,-0.003522430858827086,0.01643536953111724,0.012888168738518502,-0.012471098581548823,0.014532779355723502
2010-09-07,0.005222009089456137,0.006869477016185677,-0.006760464601432314,-0.011336549058617251,0.02025904215033325,-0.015483766495950846
2010-09-08,0.0021677249029186108,8.151368239062151e-05,0.011963373822424295,0.006998536805133959,-0.00797858047718325,0.002091237459918016
2010-09-09,-0.0056459671025153035,-0.009415892562921968,0.003883810069995608,0.004608268697245066,-0.019937051028718678,-0.011651320699595846
2010-09-10,0.01039873839302441,0.001397557033752328,0.0036545938900589547,0.005035971114991433,-0.0045836199069162475,0.0053649213034629994
2010-09-13,0.00730077492359138,-0.0009040527231114481,0.013852199503661122,0.011062026808265735,0.004874325027911297,0.01630057849579769
2010-09-14,0.0029907491511091955,0.019541363578778892,0.00422418122222501,-0.0006216264232685731,0.009582643947887881,-0.003766984233995352
2010-09-15,-0.001707931650952954,-0.0006452186217993372,0.00630272708751578,0.003810091711321739,-0.014945028996303122,0.008643085461925715
2010-09-16,-0.00514136719731173,0.005551728568144121,0.00397110466297379,-0.00026500377922200613,-0.009925999774157646,-0.005252141542698485
2010-09-17,0.003430416947063808,-0.0007223690048192566,0.0033811424995917605,0.00037324349158218695,0.004041046226840983,0.003004706094918763
2010-09-20,0.008100756332207304,0.0026462613270075153,0.017352490860808256,0.015174377288427188,0.005786090327322135,0.024084188012623464
2010-09-21,-0.01067253780395161,0.009088067711881642,-0.00020522632984487643,-0.0020157668377835947,0.013791721380179922,-0.014752227345628643
2010-09-22,0.005990663372945182,0.0015066400907297606,-0.0026661303435733252,-0.004925340403207912,0.0089293228364129,-0.013654057347549209
2010-09-23,0.0008529693488616985,0.0007921275940185879,-0.00041068818124179174,-0.008144214036611253,0.0028630168104681886,-0.024979996878923938
2010-09-24,0.015228530065893864,0.003083123365456686,0.020137064126365622,0.02041206879777846,-0.013531244674966914,0.027896330317433105
2010-09-27,-0.006739568392214235,0.00023676081451817765,-0.005452043560690623,-0.004801631904597592,0.017242815067985084,-0.01239230005466263
2010-09-28,0.0,0.008877752103090941,-0.000405220243540505,0.003494796278864065,0.006814027260118927,0.004020193471200084
2010-09-29,0.013017155565835381,0.0007818489523421235,-0.0016215502065031195,-0.0017459594878701523,-0.0041589683017777546,-0.007864128066848775
2010-09-30,0.005823607402764885,-0.00031261851296093823,-0.004473336193965949,-0.002974889015429305,-0.0006634744582765251,0.0028845566269635192
2010-10-01,0.0020717146853623802,0.00778759462161549,-0.0012235546590968482,0.00419712563505481,-0.004844208560839114,0.004979571439885255
2010-10-04,-0.003316731840520948,-0.003496890769369543,-0.010872999070766998,-0.007532148646767212,0.00257778841378542,0.009129425538719094
2010-10-05,0.02014457863781738,0.01950340225140046,0.024048703934564042,0.019932175232097116,-0.006024787713428736,0.015777458077872897
2010-10-06,0.00040686915394294587,0.006240446856903503,-0.008696815468695274,-8.599164791878167e-05,0.012487310254973849,-0.005418245841368297
2010-10-07,-0.0102229295741747,-0.010984948981022313,0.003649828014608225,-0.001207530116925426,-0.00837167069537692,0.002806436833029835
2010-10-08,0.032750069050493824,0.009846345633437892,0.006857544884983469,0.005593389536149296,-0.004403589356747339,0.0027987810372001043
2010-10-11,-0.0047846679949947735,0.004773561868528731,0.0004018623009458544,0.0009430075063630028,0.00019258853645265361,-0.00018697202886164277
2010-10-12,0.0047846679949947735,-0.0024975344847284475,0.006808460565257413,0.0030816245325819835,-0.009930884460374045,0.007057044962084369
2010-10-13,0.00476188391815624,0.015863209004852052,0.008148737877249346,0.007747004821395009,-0.0015518006180954558,0.010309337684015762
2010-10-14,-0.0015847764697629607,0.0050591035458271705,-0.001981564557212323,-0.003908731142168165,-0.015056713118754672,-0.002567501544415318
2010-10-15,-0.011164229524577518,-0.007972380291159098,0.02099979149870146,0.002041139793188762,-0.0122905339834265,-0.0012859009838765978
2010-10-18,0.009974041590492089,0.004478333523157296,-0.0036971807862502537,0.004915735826873657,0.008045623820161829,0.012788098154802086
2010-10-19,-0.029816867886798715,-0.031546911814677614,-0.009400663202783655,-0.01319106089138078,0.006016239036661375,-0.012420706048139607
2010-10-20,0.023444923327582856,0.009256897200788039,0.007254127879389394,0.009718715587961668,0.0021621024610380957,0.021635423796102504
2010-10-21,-0.012462438798788167,-0.014187944908196748,0.0019516170026219193,0.00220316520021413,-0.011945253989523508,-0.001079928048486778
2010-10-22,0.008459256379670155,0.0020061311504173673,0.006800989506259736,0.0018607997958151046,0.006730706706070677,0.0005404927579082397
2010-10-25,0.005200973823348498,0.00859634097185058,0.004829229241187782,0.0029528596166237264,0.0028560864277835663,0.0017976242664810016
2010-10-26,0.0051741531549853725,0.00022923454070244986,0.0026947736418998502,0.00016853240283332127,-0.015562624995593133,-0.007211122586759711
2010-10-27,-0.0031808970785105473,-0.010445567805728473,0.0030700026496828237,-0.0028679843189181042,-0.008829966164792147,-0.00708129789756784
2010-10-28,0.005163876570875026,0.013192407592507394,0.0021052825048069046,0.00016881767352572297,0.0027176329261742183,-0.006214834769566302
2010-10-29,-0.0023800835315386237,0.010460109173882515,-0.0022967928549446626,0.0007600500644224795,0.009303942608887006,0.00018382544840367387
2010-11-01,0.006334106675967011,-0.005292194751345569,0.0007663233174795003,0.0003372934587950738,-0.0043145632925538635,0.00857862829902789
2010-11-02,0.009035690697635879,0.004311547969696683,0.010666904255829834,0.007899558011210672,0.013057504231074546,0.006883075957416551
2010-11-03,0.004682080169528202,-0.006968127295408522,0.004536774384010567,0.00400947884904479,-0.02061152584599668,0.0
2010-11-04,0.023467023281153132,0.03333635562596715,0.012184921133836735,0.01907532842470161,0.007754042803462369,0.022841863855577405
2010-11-05,0.004173803755402439,0.0025697022239414835,0.0,0.003755394249558286,-0.017301731521947694,0.010704562242086268
2010-11-08,0.0026470307611936583,0.010213058409749287,0.0013034439405292808,-0.0018763456669645961,0.004480715101705002,-0.00542581428464306
2010-11-09,-0.006820834516596097,-0.016022601839731365,-0.005410552442441041,-0.007209966838087389,-0.02229531882226432,-0.041385205642381795
2010-11-10,0.010590133013292036,0.01209565855069794,0.005038220293478446,0.0040212808426041136,0.0013499620988515204,0.012361484805769152
2010-11-11,-0.008311462402287528,0.0030556455565671214,-0.006349067647443363,-0.00377491401656993,-0.0005189814784589686,-0.00798117627676298
2010-11-12,-0.042625502992266195,-0.02926319831605717,-0.016432584270086092,-0.011908866792434303,-0.005412138471461603,-0.00933098771176244
2010-11-15,0.0015822689266746792,-0.009545029587656906,-0.003816352068828799,-0.0014151399148154553,-0.021095800384075325,-0.009604755224061012
2010-11-16,-0.030092488643612025,-0.011010377007280248,-0.01657677818413239,-0.015701784431748855,0.024533386434830717,-0.034939053694488464
2010-11-17,-0.007769408607244177,-0.004514997714772484,0.0029114878528706534,0.0005073951890111061,-0.00552693975227303,0.007658455862181057
2010-11-18,0.02673307641103051,0.013030179764403904,0.015957132129309493,0.014611136589870455,0.00407020130693958,0.008924029167350245
2010-11-19,-0.014493098130565762,0.0008324236217625014,0.000762337533239954,0.0027468975415461117,0.00612715699979649,0.005279198367349025
2010-11-22,0.0032388491115384888,0.009635717541740085,0.008351128995046864,-0.0008310172928993609,0.004235728116981363,0.0026290848293761826
2010-11-23,-0.0024279700278642125,0.006943235453942265,-0.01600405500223001,-0.01458339073483561,0.004935892446122914,-0.007908283196725208
2010-11-24,0.01846688704188626,-0.0017127297791521556,0.019964872909500997,0.01466590305387161,-0.01801042432641875,0.01909830057973405
2010-11-26,0.00476188391815624,-0.008006268905469405,-0.0066102160807006705,-0.011715363056374883,0.013796087782674604,-0.0020416153823359373
2010-11-29,0.0019774898523348128,0.003000481613542938,-0.0007586643103070223,0.0030258536851546225,0.00851282120630703,-0.0005579120704681806
2010-11-30,-0.009527602227583643,0.014204706278409418,-0.012211528580525322,-0.0056387311506380655,0.0051970707559023666,-0.004472616567051002
2010-12-01,0.0290899196626917,-0.00029537138827784304,0.02089766837207563,0.02104478436998658,-0.02248059960736626,0.005772895665319133
2010-12-02,0.008487826534919751,-0.0013305341112292979,0.010100883050819576,0.01272737892396325,-0.002609826762562051,0.015295625670977309
2010-12-03,0.012597869169903575,0.02100571493850989,0.0026018801351481713,0.0026890310119647154,-0.007873669951139028,-0.0001826748244009302
2010-12-06,-0.0011385148959903724,0.007504135483825003,-0.0003708657844541108,-0.0010585542255086011,0.014022789185959006,0.0020095324390108082
2010-12-07,-0.006859997877976198,-0.01894037683401084,0.0005570172660838146,0.0005701994026097168,-0.021638930723970162,0.0021884789033461693
2010-12-08,0.007619208893470564,-0.012606652684668873,0.0037047865576482764,0.003656656792833779,-0.009710163535154415,-0.014863968454694731
2010-12-09,-0.0026600216855769965,0.0042937721872258194,0.0009240560044792012,0.0038859691696293552,0.004920854479404824,-0.00891358695417832
2010-12-10,-0.0015232198566050847,0.0002955059117617509,0.006628981385563559,0.005801190544027612,-0.006101310140834926,0.006507681029654044
2010-12-13,0.009859706493398068,0.004715247621071228,-0.0034932730942878187,0.0006421895597714666,0.0037502952257284505,0.0016661778820319384
2010-12-14,-0.0026450303703322575,0.0009549986110490849,0.001840343622571794,0.0008827218102220868,-0.014652677549563897,-0.009853789471577112
2010-12-15,-0.0026521307003877226,-0.010927425511095379,-0.004421592386945505,-0.004582134030783003,-0.013108174021530417,-0.009575158557451502
2010-12-16,-0.0034199560064638312,-0.006629195688780953,0.0077246436333893165,0.0057846940025330085,0.006903205989392092,0.0016965472809031823
2010-12-17,0.007584364848868486,0.0029103367256331225,0.00088081322084399,0.0010704540323054346,0.01807351914259936,0.008252239391060012
2010-12-20,0.009026039058993796,0.0067580641920992335,0.0007336718485340121,0.0024106165759905096,-0.001073592712450555,0.01188272138837565
2010-12-21,0.006344406770858235,0.0015531320483725963,0.006030137803114677,0.006320488564978355,0.0069549836989715175,0.010465144965098538
2010-12-22,0.005194868192062163,-0.001997295201813465,-0.00018228485899873803,0.0031055113591271777,-0.007169610640803903,0.007642145428872205
2010-12-23,0.0036941074495655535,-0.002891992523506026,-0.0025544478155405947,-0.0014323234138649,-0.002042088906460293,-0.0045419802665880304
2010-12-27,-0.001845306251370804,0.0026698369445323777,0.0005479937955801262,0.00039809117883038425,0.00889133917780871,0.012349067241455902
2010-12-28,0.010656046120671281,0.0161625389018063,-0.001827628959452543,0.001431992779110658,-0.019779090955212908,0.003992059898328293
2010-12-29,0.0003653867645496689,0.0035645873339973377,0.002192817917360923,0.0007146309759402669,0.01677858601503246,0.0019898159756492895
2010-12-30,-0.0121301532049638,-0.004950202442880247,-0.002375517423077067,-0.0015893389127192847,-0.0007523629950405564,0.0027073365365435365
2010-12-31,0.018685206441611424,0.012257650782176555,-0.0036659001224279564,0.00023834267034672507,0.011003858434591507,-0.0019846842667945452
2011-01-03,0.004346149142482325,-0.005203836674789741,0.015487297747639683,0.010284778037218167,-0.007571707405296557,0.01843138043468162
2011-01-04,-0.013462131031011904,-0.023832475368098294,-0.0007234043858423966,-0.0005509758568837952,0.001176896382485637,-0.019334761544381518
2011-01-05,0.010566825317761097,-0.0028240572403506192,0.008467500711047737,0.0051839582357668945,-0.022273131335462715,0.0036088277241548283
2011-01-06,-0.01350142918748487,-0.004026801058528484,0.0032243440635988385,-0.0019605614718454234,0.004363445907137553,-0.009409974758181505
2011-01-07,-0.0036805941122444175,-0.0018697884851865965,-0.0008945654307419559,-0.001964176248885785,0.005320176813101263,0.00036346364862849256
2011-01-10,0.011730431461672186,0.004034322186689643,0.0037514980464363745,-0.001259220515035686,0.005399553117104716,-0.00018168342271618343
2011-01-11,0.011234007262402645,0.0058730314038273335,0.0014255665995497324,0.0035377698858543027,-0.0056161762395614545,-0.0021842497403654626
2011-01-12,0.006465579933887522,0.004068526754664958,0.00709750780734808,0.008983957530436015,-0.007829138694091853,0.00418203624951774
2011-01-13,-0.001433250114571738,-0.010463555902437527,0.00035301715790314603,-0.0016346119891883504,0.008911528790797263,0.003260214927653493
2011-01-14,0.00465035044177009,-0.010197288500116919,0.007396266192388978,0.007218808402059018,-0.006403787133286265,0.006667835847842696
2011-01-18,-0.0010711903493039188,0.005561341914814832,0.0028026479167353457,0.0016998896542821385,-0.004692520391436084,0.008585526043479952
2011-01-19,-0.001072500405526089,0.0021711298182145455,-0.01143652405118667,-0.009853873762170728,0.007193924616678338,-0.013266168408057943
2011-01-20,-0.010064642263109214,-0.019025217431059005,-0.0071035782735764386,-0.0013265137602225252,-0.013890715205945092,0.00018011874654000337
2011-01-21,0.010064642263109214,-0.0012965579493560142,-0.007692988764688824,0.002261689466052097,0.007898060528984452,0.0007218587349244743
2011-01-24,-0.008620689251606084,-0.0051264366488759094,0.013734361544671003,0.005670660228663138,0.000438328008483424,0.005036144519827701
2011-01-25,-0.012706612344874468,-0.0019964262189162696,0.0014159205894164195,0.0005420081055014236,0.009456709576521227,0.011593324991380882
2011-01-26,0.022042510288711625,0.0081145474648876,0.005292991916167278,0.0038632537857550275,-0.01526268721294155,0.0015948784759793888
2011-01-27,-0.008614661897097253,-0.024934738182944116,0.006140044284440371,0.00246478700272057,0.004494177265939037,0.015635177577408843
2011-01-28,0.012538268674248343,0.018202729323755662,-0.02568593632975613,-0.017617470286125148,0.0052357471107669085,-0.016697877759113133
2011-01-31,0.015542585028184064,-0.0031520585138853363,0.004833413051422486,0.007488565682716164,-0.007644954645951607,0.013204952706545647
2011-02-01,0.007333551164523389,0.007135549830275423,0.01857656323261203,0.01588224860627996,-0.004962340541953658,0.002446291264682099
2011-02-02,0.009695462453323866,-0.002679474165923068,-0.0015789400692689526,-0.0019141826377992999,0.0002204147927953315,0.0
2011-02-03,-0.006568733432777751,0.013325916144527383,0.001753909975273693,0.0022198115955847086,-0.008324829911393827,0.002788165464942871
2011-02-04,-0.005565196599632394,-0.004093034478557023,0.005592582229587251,0.0028252094615917045,-0.010194097018690229,-0.00733504991774403
2011-02-07,-0.002794334746222926,0.000151811452785644,0.004694219970643232,0.006233258651133333,0.00516599405767959,0.009767854378293972
2011-02-08,0.006623692904103251,0.011026520280860375,0.00656994902047936,0.0045358956398162675,-0.009227783604765172,0.004330294164878623
2011-02-09,0.004852743483032995,-0.0005258409922781482,-0.0017247177531030111,-0.002265300228193823,0.008668615855795814,0.000690943004022504
2011-02-10,-0.005895631919444533,-0.0016546424472636545,0.0015523722620240932,0.00037779292009165744,-0.011612603657900955,0.004136507300121384
2011-02-11,-0.003484302033965214,-0.003997431521033157,0.007212610091262839,0.005952597736956555,0.014298080781217415,0.006514695911095991
2011-02-14,0.004874630638119548,0.004749808107153086,0.002393061200810287,0.0024012400660735622,0.0006704584302541505,0.00017090697543808986
2011-02-15,-0.012935018902844764,0.007642808665807799,-0.0013670070773645904,-0.0031525571950927755,0.004457965340281866,-0.0037658148471173547
2011-02-16,0.007361911041860125,0.0009699324016301247,0.0064749462198103735,0.00629543171525615,-0.003229716143818173,0.002226779618290653
2011-02-17,0.00313864496210714,0.006985145327737641,-0.000339669376192564,0.0029835996078286797,0.0015606526979130564,0.001026586481597036
2011-02-18,-0.0010449111092483143,0.0027362589093060663,-0.002211150158732078,0.002083630717902629,-0.0031236128083609316,0.00392345308480202
2011-02-22,-0.0013952566299937352,0.006477679138460424,-0.029372962612815634,-0.02027407924630431,0.014862740406572428,-0.008721303987044404
2011-02-23,0.022092733218225025,0.008911682609680227,-0.008275402388963293,-0.006162992008807322,0.0036265343248969018,-0.008452122437264897
2011-02-24,-0.008916403604771084,-0.007518549348771941,0.005289883475628088,-0.0006875698261010754,0.006342103440455382,-0.007651200412647885
2011-02-25,0.021806671720014936,0.006572791889415619,0.013798087097156131,0.010636315657928108,0.005869516883372228,0.019361048715087925
2011-02-28,0.0016836609999790753,0.002036059244667321,0.002079661712910852,0.0061773945600442914,0.0012990820699272376,0.024521653333393623
2011-03-01,0.015027852644905249,0.017069773077460937,-0.016229717414727673,-0.0168137102179724,0.002894896315733142,-0.030186602183333022
2011-03-02,0.003969696094766828,-0.0007858590263394305,0.005264276788314426,0.0021364857098413736,-0.015492178307863647,-0.009167852493501272
2011-03-03,-0.0003303061261594742,-0.013165197646375582,0.01958298420833371,0.017077669062535605,-0.009834448751767866,0.014319419597157435
2011-03-04,0.004941541558687312,0.009083177750322413,-0.005161624646930818,-0.007520479075521003,0.008293244337005845,-0.009638700428188152
2011-03-07,-0.004611235432527838,0.0026516309475601574,-0.013546363185076071,-0.007882100401032766,-0.006407030997634955,-0.0072903656297489405
2011-03-08,-0.008620838161154332,-0.0025799111915452144,0.004013602627697566,0.008712105082136823,-0.006113861496986672,0.014012603550578984
2011-03-09,0.0039879413830377075,0.0003587405497560425,-0.006815388274342915,-0.001434387256625591,0.009654233837492754,-0.0010312212605265714
2011-03-10,-0.01638552250935721,-0.011833598965568903,-0.015729266671768105,-0.018678990096096193,0.016646842465493528,-0.015423342757258762
2011-03-11,-0.005748039676011452,0.0032609684267885797,0.006215276903628109,0.006902343729842997,-0.0056636592075287595,0.010078247926561534
2011-03-14,0.0027090939619789367,0.004619608225729266,-0.003546700357006216,-0.006056185279753379,-0.00043768569005564473,-0.010078247926561534
2011-03-15,-0.03720718431016312,-0.01882799260593515,-0.01431402541121285,-0.011523574938399506,0.014860922690952627,-0.005253088888789836
2011-03-16,0.005949275907194629,-0.0002201664404459791,-0.024444983682818222,-0.018686157402775905,0.011241657585480347,-0.014857122763870745
2011-03-17,0.030581169957147214,0.005343855984730972,0.009191320060200958,0.013148540654445817,-0.0076956020460636765,0.007632858269817522
2011-03-18,0.00573655470765555,0.010169288734283022,-0.0022564030640923605,0.0036304025202067436,0.002679116841441953,0.010029353723419732
2011-03-21,0.004699618631237357,0.005549394715688827,0.01910044687229684,0.015378834303780842,-0.0059023181565613925,0.010795501336911872
2011-03-22,0.0073407361071953225,-0.0006470134817231354,-0.001803617426260118,-0.003474364091922588,0.0033312922843569126,-0.0064282031149289764
2011-03-23,0.001992681574964905,0.0092344211024189,0.005580158279212544,0.0028576202986236865,-0.0012893243036771196,-0.011042571894938291
2011-03-24,0.003312337320671155,-0.00801259922091102,0.017614041144342174,0.009518075740852616,-0.007546118368386701,0.004221205030301434
2011-03-25,0.0026419185197847916,0.0002872255603376672,0.002466384471493832,0.003051171005814979,-0.002492002850310371,0.007783393832127228
2011-03-28,-0.013614490333048845,-0.0051836059361383136,-0.005468611925537825,-0.0024403440100444485,0.0014090671799067422,-0.0012284456958804313
2011-03-29,0.005667552917627994,-0.0023847279396553844,0.009682271653720598,0.006696327699263982,-0.007722539681651597,0.004030519765688467
2011-03-30,-0.0013305886952150736,0.0033226803681456474,0.004719183975029129,0.006877600598015121,0.007938799664503726,0.014413974226726634
2011-03-31,0.015524684411097667,0.00854493007836954,0.0013936483139143085,-0.0013567131646761155,-0.002059939973589664,0.008071001251632737
2011-04-01,0.006859329107288925,-0.004730200662966588,0.000522278778087859,0.004214513421678667,0.0048501522751331905,0.0015383134921123087
2011-04-04,0.00907323916008096,0.004587159742600377,-0.0033120524562515463,0.0008259430044299521,0.0010834989049994803,-0.0006835085625542803
2011-04-05,0.0009673042768829632,0.015680244064512294,-0.0026228097822809104,-0.00015028419173468421,-0.004017113782472492,0.0010244931597647167
2011-04-06,0.0028963114045841287,0.0023204441860720237,0.0024481189686120786,0.0031475751426270904,-0.015126891870902881,0.0005123880927544455
2011-04-07,0.0019261520431617107,0.0009125601693487084,-0.0006989164266415493,-0.0025470979860644505,-0.0019902959334148207,-0.011152557609414249
2011-04-08,0.023455832017439615,0.00803728799885306,-0.004729550630888646,-0.0034564195461666003,-0.00532572943778753,-0.007273243143767871
2011-04-11,-0.018656729181786513,-0.007125452862238646,-0.003342068507771856,-0.003014914416134218,0.0008891372850454715,0.0006950857801890642
2011-04-12,-0.02063917994986486,-0.007247164730864064,-0.00689458684907196,-0.007502233673401193,0.010725557717525369,-0.0017383485094284445
2011-04-13,0.00778974223622475,0.002045736608144999,0.008478846692759667,-7.631422495890661e-05,0.006248315670111637,-0.0015662700930043627
2011-04-14,0.0025832028907353255,0.013370425768477467,-0.001760290329094083,0.0007602245149991305,-0.0007647412120039832,0.014358687724011165
2011-04-15,0.005146255611348405,0.008585564685085423,-0.001763624947684228,0.0036419615208886924,0.013470446850078588,0.012799714145617536
2011-04-18,-0.0061142568046603785,0.006048472882944189,-0.007086156019645795,-0.0112718691476843,0.002263284626202733,-0.009028250623442258
2011-04-19,0.00032269839040788284,0.0,0.0062029835034440595,0.005727995515043105,0.004297853537294394,0.007840599781748114
2011-04-20,0.015687862364177185,0.003898423967414466,0.02236268475570169,0.013540195135414379,-0.006453442314188429,0.01164647463665558
2011-04-21,0.007279726496946193,0.0016369222633993985,0.007916272168472016,0.005095738930301685,-0.0008630949422059331,0.006690815662919736
2011-04-25,-0.002842203172956914,0.0008854577994359403,0.0025681809059951988,-0.0010472504066418864,0.0037724376850851726,0.006645192523463628
2011-04-26,-0.00031633923061136215,-0.003341794989776048,0.005625748682637877,0.008568330097973309,0.009635608587578837,0.008737881706366135
2011-04-27,0.005992690346841467,0.01908165378533777,0.006777590229104291,0.00650773653738046,-0.010281594513843473,0.007359628992449796
2011-04-28,-0.007258906001469612,0.004146955091005822,-0.001520808674903673,0.0032378353460824627,0.007614291167135079,0.01327277295661089
2011-04-29,0.01039867715765963,0.016877119028976928,-0.0008462625788174805,0.0023481820994604163,0.003093727214364961,-0.005805002141092697
2011-05-02,-0.010081937183131107,-0.012946818420867423,-0.0018633427348668796,-0.0015401205014642372,0.0016029282375100706,0.0014541034085993054
2011-05-03,-0.010504673794045072,-0.00352991651100254,-0.004759529477994295,-0.0036036993066064227,0.005644822999777865,-0.008596159473134968
2011-05-04,-0.016129425950351273,-0.014448752090856054,-0.001534404267948819,-0.006652917963736904,0.004449817274053025,-0.005717664106751563
2011-05-05,-0.06934122839267154,-0.029260291794056315,-0.005475711432003649,-0.00908976644843662,0.009469356740805956,-0.0006552727830162475
2011-05-06,-0.003141931441380308,0.012674628960668066,0.003254672007767301,0.004406187918634785,-0.004408216614335103,-0.00889203888258372
2011-05-09,0.03605529547926967,0.014213726890232259,0.0037554436921851675,0.0038671829028009697,-0.0010519890545444,0.005114374685622813
2011-05-10,0.009065084119205036,0.003522009979278984,0.00848326418250922,0.008500299302475867,-0.007185985998459543,0.015673951254857155
2011-05-11,-0.03261176513886044,-0.009237945533017822,-0.007291274919905444,-0.010580815743116645,0.0057105145167772875,-0.010585714405546565
2011-05-12,0.0010355636014351965,0.00034116640407155785,0.005938800077796014,0.004749586073595324,-0.006347329847238292,0.0016358041264292744
2011-05-13,0.001723274946629605,-0.0065703572965727375,-0.01191308031644045,-0.007729238711315034,0.008980241652194465,-0.010681045641716569
2011-05-16,-0.013171840527647305,-0.0017870091740066485,-0.017442586789435666,-0.006361807526243268,0.0055587733399802275,0.0014855398939093156
2011-05-17,0.0024394745106088855,-0.004343115459450431,0.0027835391662889286,-0.00015013833855626046,0.010198502832200695,-0.00032950783126350913
2011-05-18,0.019986756642071057,0.0059241102924119105,0.00830450372588265,0.008896793889211274,-0.013341883918345232,0.0096887315205203
2011-05-19,-0.00787801425964929,0.000343263817748074,0.0029244582760723503,0.002378581078325226,-0.00041932158207202974,0.0042400305263927685
2011-05-20,0.009242027967581556,0.012553972615642728,-0.007587332871644481,-0.007976630845812238,0.0005254262453551206,-0.012280241875631592
2011-05-23,-0.01614340120801261,0.002302563183491202,-0.014823190320164326,-0.011668966753144439,0.004813452468151347,-0.010266579057780056
2011-05-24,0.01341374194878231,0.005127833323306241,-0.006167696168415393,-0.0008332246091073969,0.0037518680717401054,0.002991542100699629
2011-05-25,0.017945371721148184,-6.726457516759154e-05,0.0038815627883739268,0.00332904255417521,-0.004691214891353823,0.004635615377836633
2011-05-26,0.003684569163077356,-0.002425881288391274,0.006144256446113161,0.00459698011227605,0.008532463671571122,0.013290939471390928
2011-05-27,0.005667552917627994,0.00993560628079404,0.005062071454067674,0.003827313908169039,-0.00041477216416918594,0.00568862716263796
2011-05-31,0.005635687279549995,-0.0004008656386123022,0.016064088511672736,0.010357502914858152,0.002277852703992167,0.015758301014145992
2011-06-01,-0.012641547604739678,0.0018027330517966789,-0.022001755429226222,-0.022717174803753792,0.013424566319515385,-0.02913741455817087
2011-06-02,0.008666741369419029,-0.002738745622201222,0.0020992142190121577,-0.001062048026955864,-0.019233548637672904,-0.00725367951446243
2011-06-03,0.003974806235320649,0.004804501553226537,-0.015145971530758473,-0.009994470928432087,0.005726183955705899,0.003963230186450506
2011-06-06,-0.011637743490446883,0.0017292622165889782,-0.008196671194280913,-0.010637527170857197,-0.0076071880826900085,-0.014775642094892127
2011-06-07,0.00932106434686819,-0.00039878737524734476,-0.001790942652036609,-0.0006201677762609492,0.004592250026663081,0.010481461449948881
2011-06-08,0.008249421297795934,-0.00406356099270333,-0.007195311412805605,-0.004195950578172791,0.007779078688761487,-0.0028174520903467837
2011-06-09,0.005571047108871241,0.004993851388959136,0.0018035500556545792,0.0076022007853193685,-0.004037126226934973,-0.010847394232821106
2011-06-10,-0.010512588667558553,-0.008805874461023322,-0.01543673872500717,-0.014008141990474066,0.007646888740778124,-0.02548953885635452
2011-06-13,-0.006626887875079923,-0.009898745332088232,0.0,0.0007831345723543492,-0.005057974055183934,0.0041221634632777615
2011-06-14,0.006957194001239397,0.006072032480569867,0.012729838392629755,0.012606256833107565,-0.015221071008570064,0.014802641436080233
2011-06-15,-0.027105650592675,0.0030222458840745148,-0.019156126337148915,-0.0179451836493012,0.01801155761600981,-0.01617486854732242
2011-06-16,-0.0040787610855308465,-0.001006366607308351,-0.003875431705322452,0.002201996219862501,0.004529486488594969,0.0078645507965307
2011-06-17,-0.004437789214643217,0.006490278771680735,-0.003136921644404822,0.0029793988733972654,-0.004735882347579157,0.00949163654526286
2011-06-20,-0.005488752747704773,0.000600035605057947,0.0051921973559063694,0.0051031924391358174,0.0012374967857704533,0.012072764079555931
2011-06-21,0.0006876760336389509,0.0048538659999231015,0.021226871030888272,0.013610655684060724,-0.004441429443208023,0.0078023802841848955
2011-06-22,0.004459021853422396,0.0015245138749051534,-0.007269082047666409,-0.006043468753962777,0.0006198419089820106,-0.0029807925093190413
2011-06-23,-0.02144663013101411,-0.017706734216213604,0.009258427011654913,-0.0028795809153434604,0.0076278495281121295,-0.02044285682352598
2011-06-24,-0.01195942336010658,-0.014121089335866976,-0.017499725901669816,-0.011681315665959424,-0.004219030720010508,0.00015352989671146844
2011-06-27,-0.00035395736153542856,-0.0036302570573196746,0.01587191711021463,0.008871063621542774,-0.013808647297144816,0.004258534404492753
2011-06-28,0.017544357566993796,0.0034935800405468953,0.014732627026829537,0.012968680542315703,-0.008083746343479525,0.008294457724061122
2011-06-29,0.017925221236061883,0.006407132466265786,0.004093926793614422,0.008527674033874888,-0.006661614263969717,0.01039786444605495
2011-06-30,-0.010647583621799406,-0.008049656026432928,0.013233452384080469,0.009517147857914132,-0.001592245864682873,0.0026654977986924067
2011-07-01,0.0013804095698941588,-0.007355805010162975,0.014961813956021253,0.014668156337749316,-0.0016009776843617374,0.016993227841921144
2011-07-05,0.013358605207434149,0.018458359922485457,0.004995427321802026,-0.000822046016160094,0.0022396878946961962,0.007658949106754687
2011-07-06,-0.0003403459500073147,0.008632944574224588,0.0032591489576350163,0.0011953721710957765,0.005103285735387431,0.0074399229413941725
2011-07-07,0.02088323277557924,0.0016103488438776736,0.013608137991572455,0.010321874583345547,-0.002973534978790937,0.012490186707986517
2011-07-08,-0.0010004564471439714,0.00734810337655567,-0.0027068239625847035,-0.007117556880069209,0.014043525137774182,-0.0012743008084012963
2011-07-11,-0.007703777896894248,0.00887891039862243,-0.01829311946666934,-0.018245800195961337,0.014883339128087592,-0.01752047640066845
2011-07-12,0.00870423434403822,0.0077540665303148515,-0.007620061550503099,-0.004328544116789068,0.0034033902701846586,0.0033997349500198837
2011-07-13,0.013574147155100302,0.008927726045871331,0.004163901342987941,0.003343140250623655,0.002775082234444781,-0.009906534896326313
2011-07-14,-0.005605952438711537,0.0025916426711081186,-0.011667700940966697,-0.006926364247852312,-0.014373116922465456,-0.009346815619051707
2011-07-15,0.008889076820246533,0.0042616690244967614,0.013224751729165707,0.005787780528724085,0.0016652668591454756,0.010976954529426042
2011-07-18,-0.005587526148650657,0.008788653016896575,-0.005373278496509926,-0.008235110403422397,-0.009717565319925292,-0.00703061496815538
2011-07-19,0.006897630815187572,-0.012274058243285424,0.022511519053092233,0.016101248634212695,0.020576176740458862,0.015953425154923817
2011-07-20,0.003267956164344721,0.008755048684884414,-0.004257010041470277,-0.0006027919510520618,-0.011899636450589668,0.0072408266084869055
2011-07-21,-0.0049059848022001695,-0.007656478889253471,0.006633017147822606,0.013775840958484054,-0.007732271486107223,0.007984724064027837
2011-07-22,0.008163296206220583,0.008297158381419756,0.010287649917643638,0.0006689516610718371,0.007524274414458354,0.004919008746060438
2011-07-25,-0.004889991408146166,0.007784134589571501,-0.002015328289568963,-0.005588392854542157,-0.010991978424224946,-0.00938261467320789
2011-07-26,0.007812564121240761,0.0027292577237112425,0.002518781324939212,-0.003743170077698643,0.006818985755975504,0.002234183324737238
2011-07-27,-0.006832621545357576,-0.0036830230779658635,-0.026165452723447835,-0.020688048102120327,0.00010504494893925909,-0.028457651379951265
2011-07-28,-0.0032700934706717533,0.0008267138480819725,0.0017199803293261873,-0.002913550786237451,0.003756535196573374,0.0009836442630408726
2011-07-29,-0.008222437772769986,0.006146757162874827,-0.003270668308271496,-0.006858208461127724,0.019593202896704298,0.0001636392281509913
2011-08-01,0.0,-0.00360743453355461,-0.004666167963576662,-0.004261734496004976,0.010042993480918305,-0.015186759226115676
2011-08-02,0.0,0.023807683707061322,-0.02561528583433592,-0.025879928422555487,0.029584412929830606,-0.03245693322896859
2011-08-03,-0.014972773444822618,-0.00018574519969138947,0.009550860611061918,0.0054045011060148695,0.0019666479107600665,-0.008281339307675939
2011-08-04,-0.038617502244828295,-0.005277422552616429,-0.04758540794593946,-0.04797420645350847,0.03496245755283134,-0.05009031476750714
2011-08-05,0.0041725199019957415,0.006886100677145457,-0.006295957491202486,-0.00149783511514201,-0.02927750829121223,-0.02527166149032567
2011-08-08,-0.03783379043606816,0.032660154649896356,-0.062077011605797594,-0.0673404858170894,0.031079632562579285,-0.09087404047919279
2011-08-09,0.009682680261085874,0.008876271378883693,0.047104088891694484,0.04545047946254055,0.0030270190314363177,0.08713063387524889
2011-08-10,0.0042735641683671055,0.03479474038575514,-0.0417813704217358,-0.04518346304820309,0.02931984705492674,-0.023334056475368126
2011-08-11,0.02144569888127501,-0.022182601344646002,0.04310024886165609,0.043905363146056864,-0.051766386174148415,0.05052575408270643
2011-08-12,-0.0013923428899582646,-0.00457854037976535,0.008812160879732911,0.006710837700554251,0.019609155360163832,-0.0001827154412521459
2011-08-15,0.01211712758518857,0.01070906924245385,0.014639992025839543,0.020944224834249958,-0.010187815297161507,0.035852666301716685
2011-08-16,0.0,0.012264385531167932,-0.008498334322357248,-0.008575910193425962,0.016420576381244167,-0.0029980681746013538
2011-08-17,0.008566082092129612,0.002870760456120891,-0.005954866318432117,0.0006683496194614946,0.017357224830848672,0.002821634232522907
2011-08-18,-0.02487167125505163,0.01874311163551834,-0.05033101159281683,-0.044075383666729806,0.02032962520853321,-0.04558118817840073
2011-08-19,0.017681096661140483,0.012469732629723396,-0.01822181388542976,-0.016465165593700704,0.008036729801050413,-0.01935626991453754
2011-08-22,0.0017168440723565048,0.025458112015236622,0.003591422724640303,0.0007985753889574454,-0.002521648177329361,0.0011270800155243066
2011-08-23,0.010239009652674103,-0.03820924283947136,0.04039960037746804,0.03238027390945497,-0.013888633431301756,0.024294008385717714
2011-08-24,-0.010239009652674103,-0.03447040239609578,0.007811329083399432,0.013986489610537944,-0.028843290067893435,0.013105702393263918
2011-08-25,0.004449863867607817,0.004127831942993154,-0.016456262250720943,-0.015361180200492264,0.010762680185252727,-0.01880167772797403
2011-08-26,0.011207343650338597,0.029216271136055738,0.02477268338823846,0.014429144971881414,0.009818429276096552,0.012088077942760123
2011-08-29,0.003371526203659325,-0.020378675540845492,0.02747546210878893,0.028331239055401802,-0.013923076388538291,0.033652867635300066
2011-08-30,0.013373644721935918,0.02952143126148865,0.006570240083628054,0.0026331275746347416,0.015949075784125633,0.0028120889285734307
2011-08-31,0.001659227675446573,-0.007735058209084933,0.0016360934807071459,0.004428167657889226,-0.01557505235972112,0.011171916421548023
2011-09-01,-0.006987212184478064,0.0008436339994108977,-0.009122452056986141,-0.010528302965718161,0.020976417133707237,-0.014512605901775277
2011-09-02,-0.005356524054089373,0.029743880060709493,-0.023740272030748688,-0.02588226459932752,0.031969275501122496,-0.02388264454282174
2011-09-06,-0.0033625326375932296,-0.001857276970475219,0.00018764497300205463,-0.0073239303832233205,0.010345291564251902,-0.004338442766675499
2011-09-07,0.009052926330854305,-0.03233790382183166,0.02501771199413927,0.0278172350223711,-0.019272646922062542,0.03698883430785749
2011-09-08,-0.006697981983010859,0.026360554098634026,-0.004586164595586251,-0.010446175154963377,0.00892735535781064,-0.0077114327604856925
2011-09-09,-0.015918986672216473,-0.006123991593192102,-0.022497254534856737,-0.02655918599758955,0.010609711886063522,-0.03181680611873139
2011-09-12,-0.002392777898597487,-0.022554605449326637,0.012705053659565202,0.0064489537325442825,0.0010547556231994548,0.0032637033564650864
2011-09-13,-0.003084854514325386,0.010529052886616874,0.013279653574864714,0.00912966923670755,-0.01433414126215471,0.0023505260443430487
2011-09-14,-0.004817597555639264,-0.007477120273184923,0.014189870434055507,0.013748908909307467,0.008430175291755937,0.0064811049817432576
2011-09-15,0.0041308661792869295,-0.015984031396099496,0.014703409926299926,0.017110273886268068,-0.015405777321458203,0.016372824523052998
2011-09-16,-0.0044759089559884835,0.00930295164559336,0.009124674879126715,0.005900927535824607,0.007242459170359261,0.009662301897261472
2011-09-19,-0.017052798711510775,-0.015572543748898049,0.00035311505674950894,-0.010006919387869573,0.018887211999153664,-0.02209530839564877
2011-09-20,-0.0017564928436106797,0.01415132181765344,-0.00442584881885022,-0.0011642019408837356,0.004187841973889661,-0.0005364189901659877
2011-09-21,-0.014878129933516782,-0.012537030407862915,-0.01754134910992189,-0.02990095552350347,0.03254817782243791,-0.05419630951042986
2011-09-22,-0.035971242727486086,-0.02650162857784988,-0.033042404920108126,-0.03285852070294659,0.03689759534973991,-0.024655137162590712
2011-09-23,-0.017917500182508483,-0.056271494776759745,0.010581950055748468,0.006007131443243274,-0.01877530693701246,0.007338968159713577
2011-09-26,0.0033839495675151987,-0.013989774992148263,0.011566997376680987,0.023501814750445327,-0.016185682760904818,0.013867549993258343
2011-09-27,0.016750999211054385,0.019170336530176968,0.010351421453365539,0.011121722369499487,-0.015426622671237844,0.009897303790043388
2011-09-28,-0.027317155167620122,-0.027838335971409833,-0.014925540675965632,-0.020630268013413833,-0.0003420940114589044,-0.025706442343926383
2011-09-29,0.011691768411188797,0.009429196621174363,-0.01199112858503204,0.007872503764309258,0.006897778186700343,0.015426467025601909
2011-09-30,-0.03510474876424707,0.002280217713431121,-0.026137046653620377,-0.02530666351858013,0.02480845169687651,-0.0269580717309732
2011-10-03,-0.0050612548256832035,0.018181236292018177,-0.02605586787839531,-0.02887065641899067,0.027147947707582,-0.04832822019709804
2011-10-04,-0.001953538882944361,-0.02084198016777883,0.020324044429858024,0.021686466606657184,-0.01276149412653016,0.0386491949864447
2011-10-05,0.013980722663667677,0.01147920072312214,0.025351299193536736,0.018345637523625946,-0.007224841622520017,-0.008571635728988891
2011-10-06,0.02061146024042282,0.00643852038239956,0.01667338445695732,0.017929789622233905,-0.018629645813676987,0.027058092721026217
2011-10-07,-0.004543712722900661,-0.008196078194995238,-0.006635902703036933,-0.006718583268541245,-0.007415552802319425,-0.028260219228287475
2011-10-10,0.022143883790864738,0.02536970694062113,0.03399985764723157,0.03289847575648164,-0.014224235003405639,0.048704629563425694
2011-10-11,0.007396520266693241,-0.0071918319117338925,0.006770411913031182,0.001002939269132419,-0.003351378271719163,-0.020054997507980232
2011-10-12,0.0018405511334047553,0.00713052198207631,0.004958951083523733,0.008733770425159548,-0.014653545723373185,0.016229206049392708
2011-10-13,0.0022043314622717247,-0.005897495052749946,0.009145328209168468,-0.0019892526981912795,0.00990769773007294,-0.006537171067706904
2011-10-14,0.022497260437776223,0.006754651748948959,0.018387612493255823,0.016949457014126423,-0.014635205656543526,0.022884635969420142
2011-10-17,-0.014456332163143237,-0.004784984318898289,-0.015590351052958251,-0.019275839645906956,0.01714074360960538,-0.021920684428418546
2011-10-18,0.005445736275758506,-0.004807990522259331,0.01231942907619743,0.019357430085487515,-0.0062305571870471255,0.03465934124605363
2011-10-19,-0.019744822821599506,-0.012247215797120958,-0.01950301276900701,-0.011899603345668197,-0.0003479649449706912,-0.01160833472438716
2011-10-20,-0.0014780207587596905,-0.013222651084731751,-0.004935349278408996,0.004366089524701522,-0.007145066803619038,0.005633998293093079
2011-10-21,0.005164041453138424,0.011031029647083912,0.01246802220414267,0.018809183625687176,-0.010638566996430399,0.032426966728368534
2011-10-24,0.015696641540051015,0.00935927440880402,0.020555560873765533,0.012186283533563547,0.0016770829698309342,0.024533593529759035
2011-10-25,0.003254407398816106,0.027986224133307758,-0.01985767217611656,-0.019635415234457554,0.025098199228280826,-0.016408436124686787
2011-10-26,-0.00579296490386616,0.01087129005583698,-0.0012213033011048147,0.010107463196383115,-0.01762514948113747,0.007345998405202447
2011-10-27,0.02616171503236897,0.012761764976101375,0.02721480001919696,0.03424218996689188,-0.034484886764245104,0.046389941341571816
2011-10-28,-0.004253870218279054,0.0004127255759716064,0.0015282019110798295,-0.0002334300949318191,0.010462716010217754,0.0020425483314796544
2011-10-31,-0.015393204752391032,-0.013532963163571665,-0.01693946036521865,-0.02440080083480556,0.038889382537242945,-0.011288057623193293
2011-11-01,-0.01197615672687613,0.00023905679353752873,-0.026402721720323097,-0.028284839377014315,0.03292536616112596,-0.03269184092758559
2011-11-02,0.0061873830731058455,0.009986961282971052,0.00846866588607842,0.016179800784695608,-0.012552548911637373,0.019010911463023916
2011-11-03,0.012261247728400537,0.015611583405325646,0.020519099236814498,0.018063049884670335,-0.013828342127671256,0.013680929464561675
2011-11-04,0.0032207155825019207,-0.005079236179331481,-0.005177161614347003,-0.006117480396810926,0.0012027372804492842,-0.008116635690844198
2011-11-07,0.014541790014808154,0.023885642975553623,0.007068557499913197,0.006196770977064503,0.006333070326968837,0.00017352340139442646
2011-11-08,0.004917515145751672,-0.008321169193389544,0.011444037546694208,0.012749172084568272,-0.012879361677317291,0.01291876311232798
2011-11-09,-0.022321623836524918,-0.008449074737466589,-0.03578891199756118,-0.03760818473113137,0.020528179558358062,-0.046772238914227326
2011-11-10,-0.001075495374982527,-0.005419481906887569,-0.0005277776903693798,0.009374893584946697,-0.015011999479911609,-0.00017956022516285586
2011-11-11,0.009637829146206478,0.016343494900231015,0.0186690806710037,0.018647242972978262,-0.006120970606535714,0.026550000886697678
2011-11-14,-0.010714320442665848,-0.0043784478152666395,-0.006242748596329228,-0.009519389427336655,0.015954741783554383,-0.01868839844178538
2011-11-15,0.007155539824962087,0.0009233822403347247,0.011071236348036084,0.004929875049842991,-0.0013621572276978355,0.007446464148492815
2011-11-16,-0.0024985261908501144,-0.010728818833075415,-0.016652857648950636,-0.015990120178553724,0.009076884176609568,-0.009584537451666542
2011-11-17,-0.02350510672074968,-0.026049069788271595,-0.023718045117362863,-0.016004231115823053,0.007989837612132789,-0.01854045098098478
2011-11-18,-0.0014645734152112233,0.0031070114130358206,-0.007731308040848539,-0.0010652008740610341,-0.000250979004325913,0.006338781688094652
2011-11-21,-0.007355631932865148,-0.024886493203201354,-0.019319120490224773,-0.019202893389979714,0.005931696198453906,-0.02560084698894549
2011-11-22,0.006622498708334756,0.011009493958958672,0.0033070493947895407,-0.003935820742567486,0.011100273620364476,-0.004640618524961226
2011-11-23,-0.015149035146055478,-0.002907833444255381,-0.02281897735576166,-0.022312639914623844,0.009755594552314228,-0.030608717385711692
2011-11-25,-0.008224462773333663,-0.00871350577932617,-0.007723769693292137,-0.00188906351525997,-0.014627889647527148,0.004402761075947392
2011-11-28,0.012311341311680213,0.01957466978116784,0.03420436807845961,0.028555574765633196,-0.0004967412198624288,0.022103884438161803
2011-11-29,0.012893941580656598,0.0014992056580318547,-0.006232940001542175,0.0028356161532832047,-0.008233061960040367,-0.001496181831152743
2011-11-30,0.011645054782439601,0.019287858882639952,0.036295302829256304,0.04032553547605744,-0.015738934123203485,0.045541412631133316
2011-12-01,-0.0036245644004320177,-0.0029432561018172265,0.006892729622766769,-0.00016004081391240987,-0.005030539946198509,-0.008258640076903134
2011-12-02,0.00867678953098272,0.0011194724078151808,-0.0028223104753570816,-0.0008805243082132819,0.01392038586762201,-0.0009016488458111205
2011-12-05,-0.005414205268699845,-0.014830905352806845,0.010890914347750247,0.010833390347896987,-0.0020260737191293288,0.00844446724240644
2011-12-06,0.005414205268699845,0.005126600507155743,-0.0027992944011243637,0.0003168085762554895,-0.009588785260620902,-0.0016111721523284217
2011-12-07,-0.00867678953098272,0.00722795533288334,0.0,0.0037153724035157154,0.003574731089309502,0.010872636673082692
2011-12-08,-0.012790277920443405,-0.02039547275827136,-0.016961574620287134,-0.02218064139853748,0.012412691452363234,-0.022952716977768794
2011-12-09,0.0036711357900185426,0.0025272182778426355,0.015909825188334725,0.01680064831718653,-0.02077477374729675,0.021710953390367216
2011-12-12,-0.012908207190116538,-0.02685985286476722,-0.01128744354699096,-0.014705264660488382,0.01107777236756835,-0.017908895005195102
2011-12-13,0.004074850470749514,-0.022095571965698113,-0.011057651466575447,-0.009382838767819202,0.009277713678873312,-0.011815177973135249
2011-12-14,-0.03613484738779338,-0.03572036229643505,-0.01572571425071656,-0.010702879039627966,0.018714506857676838,0.005833891357805765
2011-12-15,-0.004995305842620201,-0.0036694724115005073,-0.0027367421760411403,0.00360751970942097,-0.003715441578172829,0.01658630236747971
2011-12-16,0.008056903807145854,0.018858628346003492,0.005135368477200419,0.0014818221701222711,0.011593684065597465,0.01102413025057114
2011-12-19,-0.0045960057591560854,-0.002321836715305281,-0.00989187243349443,-0.01074941279622621,0.012592295122451524,-0.008702599761885033
2011-12-20,0.0227714103599177,0.013532357682449536,0.02920830497114224,0.029811392388487512,-0.025262234372813275,0.02987434597782368
2011-12-21,0.00710415887376481,0.0011460365099758008,-0.014406753382627091,0.0019345685411380487,-0.014006823161845539,-0.00034635903444835137
2011-12-22,0.0011172294278418704,-0.007152076380172012,0.008489248629055979,0.008820020728430578,0.004188971204469816,0.01427204355565248
2011-12-23,0.004826370672384783,0.0017288576765004393,0.008596090601685535,0.00890087739443235,-0.011182231750448857,0.004340963006498555
2011-12-27,0.004434485781280806,-0.008996872529867694,0.0037232168072391936,0.0007907946391094711,0.004739173236971261,0.0044590525724985675
2011-12-28,-0.011869585239915992,-0.02536584226278027,-0.01162504393001429,-0.013210413642804397,0.01832004708398749,-0.012050338219860457
2011-12-29,0.002980609598288275,-0.004579113105256383,0.007169371282293557,0.010281219963671262,0.001821970268566453,0.008793462261518226
2011-12-30,-0.001489110239879743,0.010915393959511022,-0.0028613978271669893,-0.004927689247042899,0.0032212846210279977,-0.004300740458873076
2012-01-03,0.029370749198965207,0.025528278105769076,0.01898410399216477,0.015809880931800357,-0.015124151132113184,0.008412922890027819
2012-01-04,0.007568959970992051,0.005053962921992117,0.004208848629941642,0.0015674425291338778,-0.011960377033857661,-0.017245041266608307
2012-01-05,-0.013738542554962763,0.006804643552456469,0.008191688221475424,0.0026591877589403623,-0.0017813379804536567,0.009349096295947934
2012-01-06,0.004358942566242252,-0.0036827893483133423,0.0034657490900489307,-0.002580830107588916,0.007863034838600846,-0.0032799251359896253
2012-01-09,0.0010867937095162539,-0.0044628506016808345,-0.0032918387708140706,0.0024243592311785633,-0.0017697583014424367,-0.0034638376468763
2012-01-10,0.00721491161682275,0.013581470383932981,0.007262620279504972,0.008633476393078432,-0.0016890753632639033,0.011042517379245442
2012-01-11,-0.002879753600603774,0.006471693519725541,0.002065192156333495,0.0005417713348148112,0.012931271816935208,0.007010427816846576
2012-01-12,-0.014158837965076998,0.004436855940286755,0.003946933258953678,0.002396661036867087,-0.0014190963649980404,-0.00735376509451946
2012-01-13,-0.002196180273786652,-0.007007977486654937,-0.0036028766514921706,-0.005187036564226588,0.009893716935473584,0.0022289507881585457
2012-01-17,0.006938047858617846,0.007755890232572504,0.009068306082557598,0.0038731902918893724,0.004621935673076116,0.008187005584145535
2012-01-18,0.00036395565527458373,0.0068302412862033535,0.01319826035804006,0.010995612897286122,-0.012178847219503908,0.006940412134548879
2012-01-19,0.004355696121582486,-0.002354284429157971,0.00619990946817639,0.005262778410671132,-0.01384898084098296,0.0038721734935540653
2012-01-20,-0.007270316343243266,0.0052584864346112425,-0.0015045930174197863,0.003720234480465656,-0.011390034875397248,0.006198378309695052
2012-01-23,0.011607041267089002,0.00670295103252716,0.0003347182425059714,-0.002579765828548908,-0.00634573456040588,0.004831208242524809
2012-01-24,0.00180150710208693,-0.007073309078254653,-0.0018416508393386266,-0.0011404686519167484,0.0018050276715513291,0.0076161869697433104
2012-01-25,0.008245240870237147,0.02685667465367203,0.012488759182293308,0.008332573495552609,-0.0024071339433477945,0.012782656688274052
2012-01-26,0.0028521143814672634,0.005094596396547857,-0.003480895800151984,-0.005142741728979772,0.013169022502406591,0.006978197713437773
2012-01-27,0.00355372167485557,0.01011189273071711,0.002984417266724826,-0.00045529125293786166,0.003138614381109406,0.00032291721414035024
2012-01-30,-0.010340752321213564,-0.005578663971878228,0.0008276131190085856,-0.0034194764489132723,0.01170290286111264,-0.007463853833636236
2012-01-31,-0.0025120570958243604,0.007588812095341346,0.0013223013079062262,-0.0003807061576903692,0.011484525562369896,0.00487408272105716
2012-02-01,0.003228803310614925,0.0014754923655564411,0.008062509270633011,0.008719261673131307,-0.011521260634993702,0.009838183067088835
2012-02-02,0.002503969367711356,0.00874909717897765,0.0031091288390880933,0.0015837313594104785,-0.0004188752359439718,0.0022443613940024143
2012-02-03,0.011720931400933221,-0.020137109848909596,0.013629862931269443,0.013921134896801135,-0.021723944659820305,0.013834969183720514
2012-02-06,0.004931213607124896,-0.0027477869553917955,-0.0008063337321422281,-0.0006688856746617233,0.009902187325534051,-0.003163906651138859
2012-02-07,-0.0007028247252374165,0.014961121796296162,0.0020950473523324575,0.002525706837261943,-0.012478780776787879,-0.0025376863052417598
2012-02-08,0.004560463982813179,-0.007096404464512318,0.005297291287921446,0.00296341238922615,0.0007740271800420473,0.0017451430541477464
2012-02-09,0.005236534838588991,-0.002852704427427355,0.007178695466847351,0.0012562299998775117,-0.007505410683916303,-0.00731970309622243
2012-02-10,-0.009445405765363901,-0.005251264443437265,-0.007018564729023069,-0.0074146826085552675,0.012904751801747771,-0.009306741387648643
2012-02-13,0.002457379753813438,0.002211237260991261,0.009241652682579371,0.0074146826085552675,0.001281683316647353,0.010104888829340464
2012-02-14,-0.0003507299677507625,-0.0023309301516363234,0.0025343520012359733,-0.0012562299998775117,0.005278797881779873,-0.010266437277564044
2012-02-15,0.0035013821486864494,0.0059064426447283935,-0.006985274626295279,-0.004671490854303961,-0.0017853009589359203,-0.005983751656721825
2012-02-16,0.0045335059829554325,-0.0006545512723761249,0.013607745031118057,0.011012710731254316,-0.008028526767884792,0.010488258629784308
2012-02-17,-0.0017410432615889704,-0.003876515274363612,-0.0031481822403396365,0.002642117256597132,-0.0002569017487843439,0.0008025515772680514
2012-02-21,0.015563110515452117,0.021693069581143476,0.002834142332288181,0.00043997480912949527,-0.011127334724917226,-0.01567976936740001
2012-02-22,0.009222931871024187,0.011164193939316114,-0.004569743476765531,-0.0032294943320465563,0.012498176545000739,-0.008508020672929995
2012-02-23,0.0030555297104033485,0.0004624917963242936,0.006611139465833027,0.004401072294302644,0.0,0.012410145882610024
2012-02-24,0.006083116457619386,-0.004576451404741277,0.0034453138980889975,0.0021934731456250134,0.00648932136259095,0.001297514796905208
2012-02-27,-0.008119149638277534,-0.003082017911286705,0.001406501406346905,0.0016783961133972625,0.008812040657135256,-0.001622019429160293
2012-02-28,-0.00033969115104692804,0.010371242371298273,0.010097147421867625,0.002912138871137948,-0.0032955303822879145,-0.005861482685878716
2012-02-29,-0.0037446999729020547,-0.05448687444865641,-0.004492383401743183,-0.003933329816269371,-0.006112669932400117,-0.004090440750858182
2012-03-01,0.015567128533443775,0.014022637552039363,0.007886995777018235,0.005167573393150882,-0.00945874450029649,0.006048088237517124
2012-03-02,-0.010124972475265004,-0.0016218911795986557,-0.0007705399891033693,-0.003053354195065694,0.009348535121735502,-0.0014674621187400483
2012-03-05,-0.004760341556069303,-0.004156772524682495,-0.010382043441651057,-0.004086844637906317,-0.007970290281947179,0.010068252116230081
2012-03-06,-0.01649503760681892,-0.01796909643202138,-0.009861714643117914,-0.014733209130501912,0.012058971415926933,-0.01333763729499493
2012-03-07,0.004494321932106082,0.005699815813343889,0.007678559327616519,0.006951501234198965,-0.006139841598934659,0.005388619204827805
2012-03-08,0.008244506930608075,0.010033186704287544,0.010713556783889189,0.009899882378936908,-0.010058301744954257,-0.005225111834003204
2012-03-09,0.0027331586410541675,0.00663336021743266,0.004161217332644185,0.0038602365676911887,0.001985293502349883,0.004899554548475127
2012-03-12,-0.0013656455512980337,-0.007904687473264893,0.0004611428774587978,7.266467653277431e-05,-0.00017269481693826805,0.007304558487578383
2012-03-13,0.004431507836848869,-0.016923177406092726,0.018430514491877048,0.017865565509017856,-0.01775009999049626,0.020014789974831526
2012-03-14,-0.006825768499166163,-0.016963750001679045,0.0034650114861491943,-0.0010716258983443083,-0.025518205101871416,-0.002698453145129953
2012-03-15,0.0006846927119177337,0.009418404028558314,0.002853451498605608,0.005772668238511081,0.0015296809736078387,-0.0014316032632044617
2012-03-16,0.012245050177047023,0.0013648567003103906,-0.0007065071583127747,0.0013839161884101614,0.0019765812263816684,0.0057142641360075075
2012-03-19,-0.001691712609029672,0.0017962362702599322,0.007040714524888969,0.00391256653661376,-0.012007551408747652,0.006939916161309068
2012-03-20,-0.012266065170910778,-0.00907622449399792,0.0017895150692321948,-0.0029153403612527384,0.003988690352459301,-0.0014155089912790686
2012-03-21,-0.0024026334893201273,0.0004994807381013544,0.00014955458394361187,-0.0016389800886038586,0.011243645200713637,-0.0014180487360344607
2012-03-22,-0.007935092018716894,-0.004002753243232071,-0.0020881420830844988,-0.007229675585255002,0.0032161381881152806,-0.013807977414742822
2012-03-23,0.009651936091073399,0.01220813304647983,-0.0005971561405884174,0.003227314008178439,0.009407135425925084,0.006213623485680664
2012-03-26,0.004449863867607817,0.017611569127534032,0.017327134481407214,0.013937875832897184,-0.00513655636847421,0.011651523789813822
2012-03-27,-0.004106910370736738,-0.007080901307620735,0.0014669870973680332,-0.00311213451935366,0.007165971052929265,0.00015824919076345978
2012-03-28,-0.00964861047539678,-0.01065451794932315,-0.003965706887559151,-0.004970902276455469,-0.00141104322188923,-0.001583619964651728
2012-03-29,-0.013947218922974791,-0.0014250489249674203,-0.003834708430886735,-0.001710163003463272,0.007474593117565931,0.0004753493694620303
2012-03-30,0.011173309399814535,0.0051947943274397446,-0.0019226912369179061,0.00412763801033833,-0.01705445300187769,0.008203266832356615
2012-04-02,0.012765355918649579,0.005045278224364402,0.010309210907244015,0.007288213673190214,0.0055248319170209115,0.0070450116974796195
2012-04-03,-0.004466449520441618,-0.018895974885956512,-0.0002924721056389856,-0.004097741197172766,-0.017480798578223933,-0.0039075794936342945
2012-04-04,-0.015617280630018993,-0.016903541070223405,-0.013724412962210941,-0.009960119211386953,0.013651876510856198,-0.011024137508263365
2012-04-05,0.0038401316910361416,0.00697258675422141,0.006221185464596601,-0.0005005216843727567,0.0071996311201614205,-0.0038076088299807687
2012-04-09,-0.004539996356656584,0.006673391569320231,-0.007559246144544396,-0.011294386690457792,0.02311248512295805,-0.01070699281825549
2012-04-10,-0.013389747526922235,0.010796815836105367,-0.01619978238971509,-0.016927441540510735,0.011273067772986423,-0.021764717195212224
2012-04-11,0.002480016454776024,-0.00018622949457292037,0.004827494207655825,0.008061799078199705,-0.01205246389168213,0.012726605463056373
2012-04-12,0.013007620948628063,0.010068896893171697,0.011372288182059265,0.012980691011450496,-0.004166019951673761,0.013686609494307334
2012-04-13,-0.01018078174549153,-0.011435703837607392,-0.015292760710726938,-0.011959385090654528,0.016048031619636305,-0.004166689725352946
2012-04-16,-0.00992909683353993,-0.0024275594635376763,-0.011242975125196786,-0.0006568315240844669,-0.001457001939815683,0.013557807398688393
2012-04-17,0.004622241175627373,-0.0013096363661055932,0.02011741940462919,0.014703753569914824,-0.0005997203005181362,0.00851858626673474
2012-04-18,-0.009624006106423,-0.005883121540853686,-0.0025490653341240233,-0.0033849413383499893,0.0029117897190289455,-0.006777399764545944
2012-04-19,0.00035805938981692265,0.0007529342193191013,-0.011323751572202667,-0.006441821458191832,0.0009402912867848556,0.0
2012-04-20,0.003930617105253109,0.0006897239210807982,-0.0027364151218796096,0.0016685886056633237,0.0001707264967603095,0.012104148943355764
2012-04-23,-0.0017847071273586756,-0.0029502294460597156,-0.009177567183055402,-0.008444185501133461,0.007234630221335969,-0.010365671009625377
2012-04-24,0.0,0.001444833119036204,-0.005392193340868268,0.0037943264243631702,-0.0070636429190704675,0.014886729145269673
2012-04-25,0.005700015095258859,0.002006723784330866,0.02622502080136524,0.013598447762703358,-0.005137911162750974,0.011444723248813737
2012-04-26,0.00212915704722505,0.008794715591677438,0.005851975123494668,0.006944855898439073,0.00599154029748572,0.0024574148889491276
2012-04-27,0.0031853792487654964,0.0021711872276650723,0.0059664467525282205,0.0016394947711972918,0.0008529975580282567,0.006879053883037667
2012-04-30,0.0038793268187355956,0.003093487493850411,-0.007164006930012512,-0.003710929684665132,0.00025594072270873625,-0.002592978667988355
2012-05-01,0.0,-0.0034653347638569088,0.001646162925482919,0.006201268073541932,-0.005200143283436098,0.010785861979566214
2012-05-02,-0.013109171082626325,-0.004535505137662987,0.0028370227097287426,-0.0029886215931078652,0.007017819472908471,-0.0015118517173062784
2012-05-03,-0.011117254417293942,-0.010138997417698192,-0.010643731212539365,-0.007654863549348079,-0.0002554758685251457,-0.003486997359649635
2012-05-04,-0.0178283906217116,0.0031403115630244116,-0.025182727150794726,-0.016289846377738115,0.007817701076150207,-0.00884679579900327
2012-05-07,-0.002204975842185153,-0.002448592564865848,0.0009271260275527382,0.000729243888052622,0.00016941227501643397,0.007023014061537047
2012-05-08,-0.0036860206943787333,-0.019551224600228956,-0.00371320489175897,-0.004019300054593167,0.005317334245722449,-0.0018275231882483034
2012-05-09,-0.007784850641311625,-0.00985609662085185,-0.003104312586106772,-0.005949517145463545,0.0006728215235201063,-0.0032055314390948553
2012-05-10,0.0003718808120378725,0.0019402609012093563,-0.0020233660849742208,0.0020604290958470273,-0.002948204202528615,0.0007638661929374457
2012-05-11,-0.007468163489877888,-0.007848817296009614,-0.0001555755394591074,-0.0030186589756207027,0.008234904964247391,0.0021369747910884307
2012-05-14,-0.01320520607836917,-0.014628459435203744,-0.009392532104163465,-0.011123294084108615,0.013878636819594448,-0.012734691219463912
2012-05-15,0.0018970334001782163,-0.010562401311462466,-0.003308931583521968,-0.005758074643417821,0.0040344816005060125,-0.005264381193511358
2012-05-16,-0.0011378223846838509,-0.0018716500642463885,-0.0068082999971386116,-0.003831775147082439,0.0028735181993697623,-0.011082596866899053
2012-05-17,-0.0022796218835492432,0.022101053281684102,-0.021357855130671233,-0.014942175978485572,0.017548368012230142,-0.029629376959088294
2012-05-18,-0.0007610302424185811,0.01138779161955572,-0.01306959997887791,-0.00859553845915606,0.00024181448983018328,-0.012200366753288616
2012-05-21,0.013235253402824831,0.0006467713402269482,0.02757200141325722,0.01704218310773431,-0.0020965473714342764,0.021534284142816773
2012-05-22,-0.014377842819039088,-0.016757749444190395,-0.0011202858359187218,0.0017411525196866506,-0.011196157676499396,0.0019201998662654596
2012-05-23,-0.011113413770224678,-0.003029351796368651,0.001919791227662948,0.0005293983681378123,0.006911619011495951,0.0014378947841291456
2012-05-24,0.0003852363436074313,-0.0013859452168922815,-0.00657543257485127,0.0019636443120889524,-0.003815798909374557,0.0044595272757299576
2012-05-25,0.003460898047989769,0.008352766698997982,-0.0012878510144380684,-0.0032494742151865097,0.003734745596834621,-0.003980902295717126
2012-05-29,-0.004231606171257951,-0.010931873240010326,0.012647419010229477,0.012039161641859586,-0.0030844452873868278,0.014101730751576724
2012-05-30,-0.01867764492447277,0.005875957660694375,-0.008466984616073425,-0.014616385817385336,0.025045543898497336,-0.02404420819515396
2012-05-31,-0.00867841200671382,-0.0019109059027897501,-0.0043415324510851505,-0.002203564710224981,0.011507780114528465,0.007546092242910252
2012-06-01,-0.020817362850368504,0.03804809984180757,-0.026947114722107646,-0.025499161652839497,0.02346326463503079,-0.024776448992715583
2012-06-04,0.005647417516073006,-0.001143464145896722,0.0075858273066518045,-0.0004683732182249045,-0.007933473836929217,-0.006910027383059347
2012-06-05,-0.003626865039854099,-0.001144870256241326,0.004098885831038235,0.007543830686874919,-0.01346630148865291,0.02042714397656642
2012-06-06,0.018400493159814957,0.0004454100462343291,0.022647285232678005,0.022219772085213307,-0.020186476069691928,0.021918948452311682
2012-06-07,-0.00676081543301521,-0.017388437571983495,-0.004006708605206022,0.0006059943706953064,0.0015174520668947977,-0.007146402161295029
2012-06-08,0.0031872336406775226,0.0014875385514176998,0.009589184237538184,0.007920354482613412,-0.0002391321081329778,0.014085151334327861
2012-06-11,-0.01846688704188626,0.004063373582424035,-0.01700368699649868,-0.01277884633448867,0.004542000774970134,-0.022729834513142144
2012-06-12,0.004850332201898233,0.007055420696368664,0.012060709362124555,0.011425132106463565,-0.009184632705788509,0.009441028906359339
2012-06-13,-0.007690694471450321,0.004209384361180568,-0.006896962287480157,-0.006414939916732365,0.00982046665662839,-0.005109668347941909
2012-06-14,0.011714910167075043,0.0040016878921314,0.0036950982976140523,0.01054458676863046,-0.001272251697633564,0.014461867733476907
2012-06-15,-0.0016077071832598655,0.0005703370916343431,0.012347724660788373,0.010175213916800097,0.0055535218292064314,0.0061347427686606615
2012-06-18,0.0008039953274678879,0.0005700119926439484,0.009322879314598076,0.0019364567223600915,0.005365768600149146,0.008276499165494222
2012-06-19,0.008405175775709761,-0.00488743251355217,0.010326911645443637,0.009626145151679921,-0.01314936368242936,0.004035514077141755
2012-06-20,-0.01647601181744074,-0.0076007291017896605,0.0007778724247105018,-0.001622621701913296,0.00493172070379444,-0.0004647139578977111
2012-06-21,-0.02170891205396286,-0.025651569647767936,-0.025202043626753934,-0.022694352696911224,0.005301567148751296,-0.01640530684617625
2012-06-22,0.009888770080272558,0.004070084458850154,0.010473369855909631,0.0076718361543841596,-0.013427784372424867,0.00015784344236369208
2012-06-25,0.01019800042912955,0.007310705795067207,-0.019446398048803104,-0.016164797891624616,0.014453220000229194,-0.005110990298472284
2012-06-26,0.006875570282713017,-0.007441769628189654,0.006257748756643977,0.00501378175003353,-0.003950039831379648,0.0033465481030492406
2012-06-27,0.005627170387604075,0.0013750646525156895,0.006059703330360655,0.008976112267158776,0.0015821914709945872,0.003969317762451574
2012-06-28,-0.01088059912575634,-0.01171527648442705,-0.011191393208619616,-0.0028577803283535985,0.0024467186466043955,0.010873787704168691
2012-06-29,0.04244129359925042,0.02703926037894977,0.031025459007274492,0.0246213541254372,-0.01309291693853254,0.02522756773201973
2012-07-02,-0.001943579129079609,-0.0006446184566977209,0.0029563900096905016,0.003007930343076559,0.010265157959956639,0.010943904711692376
2012-07-03,0.027630220339335043,0.015165930436317865,0.008356994012213903,0.006571103500096598,-0.007714822116966502,0.005878513648030825
2012-07-05,0.0037779277879446127,-0.011368929003809924,0.0006161273461096073,-0.0045225242821755884,0.0050970477071006215,-0.006181164949192741
2012-07-06,-0.02327015314527614,-0.012734817475435811,-0.01255323639874284,-0.009548931841996122,0.009250642350902005,0.0024170428082470607
2012-07-09,0.017598066778258925,0.0021445114458558123,-0.0018734454783633225,-0.001255246821433964,0.008776083441934368,0.0010551705157522129
2012-07-10,-0.01297737144802813,-0.012345429133628905,-0.00989265489759461,-0.008758464449818426,0.0020261009827526877,-0.010756666662892211
2012-07-11,0.011079361073909944,0.005505759456807979,-0.005538267986274548,0.00014878467527879025,0.0012449890542729491,0.0010656541714970658
2012-07-12,0.0022770266001814754,-0.0026180337806911425,-0.009406183212249175,-0.0048564861336961584,0.007050924659083968,0.003038800978327316
2012-07-13,0.012057427790219233,0.010106714486149748,0.015102332628269544,0.016638736887383487,-0.0026282980688954183,0.012212246348047628
2012-07-16,0.012283760277151945,0.0004540770166103769,-0.0028439849163524045,-0.002360582358991614,0.004634826830664629,0.0019463982391059176
2012-07-17,0.001109297246638885,-0.004810237265714612,0.005208068958729939,0.006844062065640699,-0.007891633102770967,0.009526955754097344
2012-07-18,0.008830024477654685,-0.0027404308099869823,0.013446013879911511,0.007379888056589401,0.0005433927138485117,-0.005943963082516213
2012-07-19,0.012015485197340414,0.002153848840419137,0.01096611786004864,0.0026164522926928058,-0.0025648725799332084,-0.010486712877774362
2012-07-20,0.0,0.0018888999802886275,-0.01329859029611935,-0.009189971927720642,0.012144187357541192,-0.005284936415556274
2012-07-23,-0.021215083112074762,-0.004173461525684985,-0.012215809531084254,-0.010163616898874572,0.005597736706095979,-0.007293711272231107
2012-07-24,-0.005932497543987836,0.0031969069033825903,-0.007910634131124361,-0.008623966646341685,0.007844412374831577,-0.003361207893814999
2012-07-25,0.007410222330489713,0.013907490755906693,-0.006693183449350215,0.00022373641576312053,0.0025759540835652572,-0.0004594176806422823
2012-07-26,0.0018439450094418497,0.007041420048144786,0.013184120195594673,0.016363036242593942,-0.00919859202609885,0.008840742569273807
2012-07-27,0.010264119770083457,0.00489956132478131,0.023394572310953876,0.018264661458537113,-0.01904156977178051,0.009514692415448334
2012-07-30,0.005817915599725332,-0.00069848315538934,-0.0007708484357742407,0.0,0.007444305861120881,0.00464851996053639
2012-07-31,-0.01203715277413231,-0.005988723225470061,-0.00030883775003420766,-0.007018806507990583,0.002006485003055225,-0.0014977323774956197
2012-08-01,0.001466804327746818,-0.00866421414888574,-0.002936095670145633,-0.0008719879870531244,-0.005011672884320362,-0.0048058292650075
2012-08-02,-0.008463783282287363,-0.006531497290067634,-0.0035663494822069097,-0.006928665024028113,0.0056529576315602625,0.0028565268680131872
2012-08-03,0.016856367782950077,0.009170809124330326,0.01877278061297538,0.01963905112580644,-0.016269750979859943,0.007776100716511802
2012-08-06,0.0057972446799579025,0.004810013989643203,0.00759309396260921,0.0019363019597697928,0.0003929397648549937,-0.0010429619474581209
2012-08-07,0.007557982576169131,-0.00012799457656331725,0.008286256023359861,0.005000812709906377,-0.012949201448550163,-0.011850681018551246
2012-08-08,0.002864368303287179,0.0012789166070783509,-0.00045040755155678625,0.0012104768922656106,-0.005339748865280214,-0.006813376378885572
2012-08-09,0.008189459088903117,0.003253965059812458,0.002997905041490334,0.0008543420140139091,-0.0007189214086000817,-0.0031959111793993245
2012-08-10,-0.005333432822169026,0.0012094547976166936,0.0005982724033595233,0.001634398281450622,0.005024574873964127,0.0013711297307832382
2012-08-13,-0.00787400715588138,-0.007599660994753066,0.0023901585782768464,-0.0004973771746739075,-0.0016724420895046777,-0.0007613263623094113
2012-08-14,0.0010774265377482273,-0.005528431293767788,0.00044771991667591493,0.00014198496454920218,-0.013639048569134893,-0.002134721262272876
2012-08-15,0.008577634327525008,0.0032179200395558993,0.00253206292491015,0.0011361206772049215,-0.014156006261795362,0.004568604467066084
2012-08-16,0.003906883955536955,0.005957880902347057,0.011831252660291725,0.007351569602796815,-0.00855713065927688,0.007569132152624558
2012-08-17,0.0014169236894683301,0.0010214739315967947,0.00440026498690127,0.0013367079561499295,0.00486351065267332,0.00030193012674972763
2012-08-20,0.004591225170164304,0.0034396702075536467,0.0014632800822971248,7.02567741717175e-05,0.00205315301688902,-0.0028689034227018517
2012-08-21,0.009119613348902877,0.00993400774254738,-0.0039542722300076605,-0.0030284578345218804,0.004422723740082901,0.0021144092902614098
2012-08-22,0.0052238476520809485,0.010708631507447386,0.004100124224691193,0.0004235380181478732,0.016369717134193884,-0.000603603454485846
2012-08-23,-0.004874630638119548,0.008373997600347849,-0.008216811796306622,-0.00821351665875003,0.004170739590144024,-0.003023595256091305
2012-08-24,-0.004547858272308414,0.0004940519516534181,0.006168914051346341,0.006024540725348082,-0.0009602026937765018,0.003325442525474731
2012-08-27,-0.004568635816475375,-0.0037732430064041367,0.001609586134861729,0.0002118220199864851,0.005830989812933396,0.0030138727665818266
2012-08-28,0.000704220933787969,0.0017337390057781121,0.0,-0.0009893225282011642,0.002387168089645897,0.0034548013141968426
2012-08-29,0.001758266798073116,-0.00651712616497413,0.0,0.0007775005082146791,-0.004380270089186844,-0.0002998008787558071
2012-08-30,0.0010536681183732632,-0.000435938254212509,-0.010139132519842775,-0.007234107345887253,0.005174253041462684,-0.002252426898404991
2012-08-31,0.010474968876668989,0.02278842769888989,0.006624128407960228,0.0047579216345132735,0.014034487877357726,0.0031515600276295075
2012-09-04,0.00034724115996498384,0.0015819565772519084,-0.0010277333551611534,-0.000921634875388655,-0.0010042787262101172,0.00701919252061689
2012-09-05,-0.0048729341294393436,-0.0010340836860329716,-0.001028347986739675,-0.0008506236360705799,-0.004723808396940754,-0.0017876711996276384
2012-09-06,-0.0003489376686451884,0.0035237086061066236,0.02195636359865194,0.020093205275212966,-0.01679107064929397,0.00890489658456195
2012-09-07,0.011107298600647741,0.021301036576637067,-0.001439283849645534,0.0038873621521178237,-0.00466531056213082,0.0008860160475423484
2012-09-10,0.0013797777081845375,-0.006850824577862014,-0.012901512325433906,-0.005697566693237732,0.0024160976677505275,-0.007854462508965376
2012-09-11,0.0020661811237339123,0.0036397345213226018,-0.001606170359690573,0.0027834965026984904,-0.006293384857315232,0.0029711370203311382
2012-09-12,0.005146697887061347,0.0001191368766439993,0.002918285337663029,0.0033304723445439777,-0.01254278942021525,0.002074713589436339
2012-09-13,0.00682126581101361,0.019987101882922964,0.013460427576448275,0.015120501602560843,-0.003941696894306901,0.01221218916183231
2012-09-14,0.010481818327233938,0.002856260822614587,0.008873472163415386,0.004424835050114595,-0.026937503574522736,0.005541847188085036
2012-09-17,-0.027968905562605784,-0.008182448737127146,0.0004272582227482502,-0.0034020463798150047,0.011931931791782091,-0.002912815398637747
2012-09-18,-0.0072905046379596605,0.007716671888582383,0.0008543977027031247,-0.0008176430440514082,0.004998851288369188,-0.009526092891748217
2012-09-19,-0.014742268117009516,0.00011648676464570684,0.0018477066890820737,0.0005455674637016017,0.006544147087502061,-0.005611505792605165
2012-09-20,0.0056418077775397535,-0.00157340591988131,-0.0009944053449419954,6.80921349838215e-05,0.0024741865712671895,-0.014918604565431703
2012-09-21,0.00665835385929503,0.0028535993614635657,0.0002849242873814717,-0.0004182398106893359,0.0011525165079904198,0.00015007703482350365
2012-09-24,-0.010533739763036731,-0.005306001406337302,-0.005861818241225336,-0.0015094914587940877,0.007784939033563809,-0.0037179294852283107
2012-09-25,0.001058500534261153,-0.0016382823469838215,-0.014151922883352874,-0.010698738360853,0.009829608252158728,-0.014858312274684149
2012-09-26,-0.0070772854057508106,-0.005637496337022263,-0.008177202729636512,-0.005636864914962736,0.01069348030578432,-0.00015462407295219194
2012-09-27,0.012352413617332303,0.014789097981363852,0.013688627887453286,0.009377333317708292,-0.007143045707285189,0.004312646908709805
2012-09-28,0.0059450361857966705,-0.002614514773052079,-0.008278195341647532,-0.0046427960533517165,0.0005632103716122216,-0.0015384526220314498
2012-10-01,0.0013937197935045553,0.002324330786665385,-0.0014597436015471033,0.0026360459524079616,0.003704513494308337,-0.007415466608186705
2012-10-02,-0.005236534838588991,-0.001103325893474505,0.0029171720628999864,0.001038361518772568,-0.0013678051540599867,0.007569357439310753
2012-10-03,-0.01729948874323517,0.0017996437460308101,0.006387073913406205,0.004074615520336167,0.0003219942890462235,0.001999138728530081
2012-10-04,0.021491112472575846,0.006936025341043539,0.003466515305273532,0.007142431877615429,-0.012549416473055075,-0.00030790078209097516
2012-10-05,-0.00524210283441473,-0.005718789264474999,-0.005349416793875683,6.832580979665437e-05,-0.013038402582296271,0.0012286025371972542
2012-10-08,-0.0028071601525017087,-0.003307468523918722,-0.00917525172518463,-0.003427203925660649,0.00838392863102655,-0.0021503351266400905
2012-10-09,0.007351838669419131,-0.006180042594964519,-0.016076093247295198,-0.009936776782183188,-0.0018023929639818803,-0.003697590474798673
2012-10-10,-0.0017455341141534575,-0.0008776828487819799,-0.005067506213957351,-0.006400359692961821,0.007027718697273144,0.004005165978555603
2012-10-11,0.011464396970941593,0.0028057709614905946,-0.0031430591692327425,0.0005583552031369621,0.006896923835310709,-0.0007689638031016521
2012-10-12,-0.013913338066874115,-0.007381893897354885,-0.00044955865867191136,-0.0032841247077328717,0.0025041304600792458,-0.0035450122310263232
2012-10-15,-0.004915630257406267,-0.01010611973949782,0.007320923810314461,0.008294200152305642,-0.002261518100056925,0.006617022081222501
2012-10-16,0.0007037253556405609,0.006335646333618605,0.014044385495680878,0.010081627272726656,-0.013921057870548204,0.0061164561651319005
2012-10-17,0.00035171671719513853,0.0007080193841471072,-0.0005871709677682801,0.004525065820044638,-0.009307677776844159,-0.0027478169909964656
2012-10-18,-0.00035171671719513853,-0.004433548655383923,-0.01167175748547944,-0.0026026465694899414,-0.006141427840015368,0.010189267853254247
2012-10-19,-0.01524043946410547,-0.010841136052605727,-0.024217124188429473,-0.016804658864074895,0.013479665395120577,-0.008356517581690426
2012-10-22,-0.004653679840746605,0.003646697239813257,0.0051631258761446475,0.00013912295347395798,-0.006427231168274261,-0.005047737629426674
2012-10-23,-0.012274362911256276,-0.012912759766492421,-0.009588275614455632,-0.013973557644279211,0.014199520476199545,-0.010172665677479209
2012-10-24,-0.002910379013498332,-0.003451467757775717,-0.0035235038487773096,-0.002831922069119308,-0.009910480885414685,-0.0007751271484477407
2012-10-25,0.002546870315387917,0.007011656174181979,0.0,0.0029030022737881467,-0.005116487093788535,-0.0027947448802834174
2012-10-26,0.002177763945722777,-0.0005423202272236693,0.0029115489237883097,-0.0005658398683223709,0.01461952730927596,-0.00874458935808331
2012-10-31,-0.00072533990803203,0.00540937230887284,-0.0061399045806806996,0.0,0.005854666753545068,0.009677004903610786
2012-11-01,0.001812691097121455,-0.004565910521291627,0.014065344907787214,0.010416118223140813,-0.008221631484764735,0.004803661892034405
2012-11-02,-0.017169386558898214,-0.021116195671156746,-0.010683617985628224,-0.008931616131723885,-0.0007351676563986942,0.006625177316854192
2012-11-05,0.008438856770672576,0.0038669883407536076,0.006576472110803699,0.002046465704207634,0.005626882806061495,-0.006625177316854192
2012-11-06,0.017744455861428587,0.01863318155834115,0.0018278218786251799,0.007794473700476701,-0.009478688574786176,0.00431879071340413
2012-11-07,-0.018841181958106024,0.001141876000917641,-0.023867679419859122,-0.02292450421372738,0.01798311137116304,-0.004473371444110974
2012-11-08,0.0014620618001992547,0.008969205970755567,-0.015864829366622146,-0.012096638821611272,0.014729383249075134,-0.011976291925265503
2012-11-09,0.008002984030624383,-0.0010124664362507474,0.00426581429031625,0.0008690852442825303,0.0011122118642958867,-0.002663489991121093
2012-11-12,-0.004721365634509311,-0.0022072390699001687,-0.00015744359250646767,0.0007957011141623838,0.0016652051059606876,-0.002356068523709176
2012-11-13,-0.0018216911002260083,-0.0020923088878497254,-0.006962253874517543,-0.0034775468471854865,0.0033231732753504772,-0.0007866260068762898
2012-11-14,0.002913147792562132,0.00023930879407796368,-0.011819134213653548,-0.013590642105063111,0.0009474154317201666,-0.0189060600892903
2012-11-15,-0.0040079551739746755,-0.006301992859589767,-0.0033798631554580183,-0.0016934694074377532,-0.0019751272816010967,-0.004661678503044886
2012-11-16,0.004371646184005318,-0.0012651232479692354,0.004343424189809042,0.0049249772116057855,-0.0008700812564317317,0.00610438907568156
2012-11-19,0.018725752820077712,0.011925176433462248,0.02347810633270253,0.020037120701095645,-0.005634362592685349,0.012256416971559325
2012-11-20,-0.006801527108529548,-0.0028634257792106155,0.0003136233671341415,0.0004315454577250577,-0.01007731809544854,0.007407948658288976
2012-11-21,0.004300974082928732,0.0010150660402494793,0.0020353527200160926,0.0018654529621393579,-0.0005629246251395159,-0.0017291324860484458
2012-11-23,0.0035702959686103597,0.012160205973812843,0.015058906289574736,0.01353347720791298,-0.0009658028887740144,0.00736677240068806
2012-11-26,-0.001426605213780352,-0.0010618685408747552,0.004305293427478318,-0.0021249099790470183,0.004738888881520964,0.002027525581204337
2012-11-27,-0.0014284820625989347,-0.0042585145282361125,-0.0033811405802044447,-0.0051177719677699685,0.003918513298983406,-0.005625878349767799
2012-11-28,-0.0032218683791711555,-0.012885721450134113,0.00858376965281149,0.008020706192530369,-0.0014382114376063626,-0.0012544935640357302
2012-11-29,0.006789455614864881,0.003775449497570804,0.005934633637768805,0.004654795637967446,0.00016017127825751487,0.005477304803748861
2012-11-30,0.0007119926645482444,-0.006782066259329866,-0.0016702546309828037,0.00021081398201516777,-0.002720946350803999,0.0020261582961884628
2012-12-03,0.002487869657294528,0.00048167758860007126,-0.001977908901941383,-0.004936469543486588,0.0009232177557061405,0.0040411689306258936
2012-12-04,-0.008914127211952838,-0.010346525202362677,-0.0006091490080342155,-0.0014153085579540203,0.005758927635550748,0.0015498631630905813
2012-12-05,-0.0010751907247548154,-0.0018262807650328838,-0.011185243596895766,0.001768942592407896,-0.0004781566299509876,-0.0031021321311563987
2012-12-06,-0.009004105225932868,0.0023127323829195134,0.006450615190529696,0.0033861129907499787,0.002151682095514751,0.009277675133350538
2012-12-07,-0.0010860068953819635,0.004004152985563891,-0.005988597166648013,0.0030239785926742258,-0.00927902492748256,0.003687669555244355
2012-12-10,-0.002175476551578015,0.0038675379164638812,0.002922111667308158,0.00042147238347922666,0.004410071621280487,-0.00046031701499771316
2012-12-11,-0.0018166424446746099,-0.0009051692074031337,0.012968163995337179,0.006784940385965221,-0.007630024145417913,0.0024515010206047627
2012-12-12,0.004716145753485446,0.0007242193101495431,-0.0021244224704597414,0.00048815947889657707,-0.011677857944653702,-0.00275876707468381
2012-12-13,-0.00908922084193664,-0.008481356697993547,-0.007930275078612326,-0.006150629089862747,0.0007337500852520051,-0.007702895376496155
2012-12-14,0.006189717533125805,-0.0014611280186986875,-0.009538575048566145,-0.0037234203055396264,0.007471500235833872,-0.00015434601270669646
2012-12-17,-0.0007261298851237719,0.0018869503829597178,0.013206548421101694,0.011684139477032396,-0.015081381691866014,0.005245116130000227
2012-12-18,0.00253939638262235,-0.014455725078867054,0.01514080990468969,0.011067116390125697,-0.010236481801412012,0.010256843399674587
2012-12-19,0.003616617452895543,-0.0024091149465750306,-0.004367625484486659,-0.007456601843498056,0.0033137559938163363,-0.001371809775270627
2012-12-20,-0.004704280947319006,-0.012196073797179352,0.0,0.005735657747443668,0.00016522473090407885,0.013030255874082908
2012-12-21,-0.0018152415863093019,0.003749339567436394,-0.010572767994375454,-0.009118534899739572,0.010856494433370223,-0.0016571937801987957
2012-12-24,-0.0032756465495484832,0.0018070937392540287,-0.001995681783910186,-0.0030863604336550665,-0.0018010525564822188,0.0013267702688177785
2012-12-26,0.010155990347549881,0.0009956669468955681,-0.008798520541869692,-0.004223726282801543,0.0035899457437595927,-0.004735949837111342
2012-12-27,0.0,0.002360719739152195,-0.001551868375854859,-0.0013411414746045125,0.0033498494021246827,0.003669158993447219
2012-12-28,-0.0028912019059563754,-0.003854592163680337,-0.009673345002677358,-0.01086710076639541,0.005692365376380515,-0.006582982664497639
2012-12-31,0.005414205268699845,0.009176719889400609,0.020945348009946407,0.016853348122774392,-0.017424447247421426,0.01054162253087787
2013-01-02,0.003593226136900718,0.0070727801089134346,0.03128790120101055,0.02530699063438746,-0.01345838313745329,0.012384899199375798
2013-01-03,-0.008283846890766888,-0.012146779740191072,-0.005222337808765687,-0.0022613238510098554,-0.01364179636081353,-0.00015006143535511995
2013-01-04,-0.004349217708768283,-0.004725755022232825,-0.0032961748365227805,0.0043820834526790975,0.0038923078863355443,0.004643415363896342
2013-01-07,0.001814255247612362,-0.0063151476395502115,0.00030027616863392836,-0.0027368636487832276,0.0004231863533936675,0.0022388363784169307
2013-01-08,0.0025349624611559207,0.007062780803268609,-0.0019525430383779963,-0.0028815239467601117,0.006562669101015217,-0.0019399311239891581
2013-01-09,-0.0014476112720664958,-0.0004360197219952511,0.003750967413180817,0.0025391602999738083,-0.0009232844319919664,0.002834180729188507
2013-01-10,0.003615228663189196,0.009241174883853454,0.00597282930127907,0.007918477093721066,-0.0027735743392396373,0.0010420225699516728
2013-01-11,-0.0043398617855356925,-0.005695893235337479,0.0013393347304235803,-6.832548224355861e-05,0.00888315363084935,-0.0005950031567154568
2013-01-14,0.00650303449385925,0.002975797243476741,-0.004470189886592202,-0.0006800472276395908,-0.00275730885475145,0.002824715791634791
2013-01-15,-0.004330790099446258,0.006294400919113485,-0.0049406746885471975,0.0006800472276395908,0.0045919794783699786,0.004740342358509508
2013-01-16,0.0010845182730792047,0.0005534660222785703,0.004044386817100509,-0.00013607698437567706,0.002079405273412327,-0.001183342631509543
2013-01-17,0.004325700199578897,0.004294560017826576,0.004771728415928322,0.006439236858072128,-0.010023655188640568,0.003102270285800568
2013-01-18,0.00645415075576139,-0.00159300219743308,-0.0022340858377871697,0.0022276512778862667,0.00769387813221023,0.004268139827918738
2013-01-22,0.0028550872763792867,0.003550021116017099,0.001638855565224695,0.005379261350616282,0.0019140937783488354,0.0051270303848118814
2013-01-23,0.001068519500771803,-0.0028144380313381845,0.006084426339027615,0.0016074830419539055,-0.0014978921513781884,-0.0002919718350882228
2013-01-24,-0.0007122462502135996,-0.011028103746167695,-0.013854962847895003,0.00026823077975546283,-0.0035029022796626563,0.002044013533251565
2013-01-25,-0.002139868131253664,-0.004781604983568499,0.005087256943173912,0.005606123592209578,-0.013799742831179351,0.005672152786750928
2013-01-28,-0.00035703658086871926,-0.0022434148172019164,0.002236354256035966,-0.0011990899307505742,-0.0036493756314870396,0.0026076491693154402
2013-01-29,0.00569798540606925,0.0043576526233159996,0.00014927253171137522,0.003924286297259272,-0.005543054523044155,0.0028885253378971854
2013-01-30,0.011299564255661476,0.00742621717699965,-0.0020868812906194023,-0.003924286297259272,-0.0017116599093336404,-0.009565195013947925
2013-01-31,-0.0003511434342113873,-0.006122691411325043,-0.0022404413355854302,-0.002468536213963368,0.00487041871522198,-0.005988479850039141
2013-02-01,0.0038563653717837987,0.0015496671610710777,0.011744776331964246,0.010234946182563931,-0.013069466483591974,0.005843183643416516
2013-02-04,-0.0035052219375724114,0.0034008569302850233,-0.01759425624606159,-0.011304165653479359,0.012728144353514992,-0.0023333303324624133
2013-02-05,0.0038549351680035038,-0.0002469026145641706,0.01463351961502024,0.010046912926677365,-0.008927382752606405,-0.0023387874987559343
2013-02-06,-0.0014001404638630532,0.0026514131006232233,-0.003266256537500567,0.0007279754536648753,0.008157913806179806,0.003506228363360009
2013-02-07,-0.0038601881845705677,-0.003392675486915131,0.0008913141474149455,-0.0013236563933265444,-0.002225576006568808,-0.004237864333954011
2013-02-08,0.0038601881845705677,-0.0016696396112383383,0.010200568575069013,0.005549038910539927,0.003849032284970022,0.009182942471383182
2013-02-11,-0.003508595128532299,-0.011641494508639383,0.00029464701491566103,-0.0001980462794870519,-0.0007688118576414382,0.0014499432108858734
2013-02-12,0.0017557176040225997,0.0011890388683575281,-0.0041253588338001634,0.0016459654517699818,-0.002480930759274358,0.007505606537714815
2013-02-13,0.0003509321820400757,-0.005267437597442637,0.003537170374817933,0.0008548022470185046,-0.008171246100284968,-0.0005750696715942638
2013-02-14,-0.001403992795882214,-0.004410825853454092,-0.0002945692912073028,0.0009200601130538999,0.009027565954317751,-0.004181366729737235
2013-02-15,-0.004223924028725623,-0.016491485732013977,-0.0029477048362434033,-0.0011825756964904954,-0.0029142937081259035,0.00043302240412845805
2013-02-19,-0.003887633160073012,-0.002764428009122355,0.007206208172780393,0.007466260656160628,-0.004990880521188679,0.007912113014028055
2013-02-20,-0.011395982507952152,-0.025362374765629525,-0.015506321654963351,-0.012541527540372854,0.0030141085381956145,-0.006468771670375073
2013-02-21,-0.011527512900149084,0.007761616845874286,-0.010773502867746032,-0.006097705857285085,0.005832171360727223,-0.007527241255492978
2013-02-22,0.0,0.0022906918469711712,0.010029283725840443,0.00972527901892839,0.0006835052356333193,0.009976347745135339
2013-02-25,-0.004721365634509311,0.008916105586720846,-0.012439254306308989,-0.01920989460390654,0.01946225765414411,-0.01917297996497558
2013-02-26,-0.0018216911002260083,0.012107340694240243,0.0037628868577437302,0.0068221789147324685,-0.005798784439940974,0.0068692077107117555
2013-02-27,-0.006219237174406977,-0.01061816244744751,0.010164632921687122,0.012519456841591392,-0.002954369951325475,0.007255583534110155
2013-02-28,-0.004413532738399173,-0.01020919415626853,-0.002084332257238586,-0.001976547890883751,0.0018577247002955488,-0.0010127597348366102
2013-03-01,-0.007027870123970548,-0.0036668293712533995,0.004164265800277178,0.0032925004610353525,0.0054314632484571135,0.0033240368621898497
2013-03-04,-0.0037188354779917887,-0.0009188120822605228,0.004441945823190352,0.005310392286555832,-0.005312894568955784,0.0074731474226408245
2013-03-05,0.00927141073524318,0.0005251531495993333,0.014667570124956342,0.008919625088370964,-0.0028787445585498617,0.007843659929949176
2013-03-06,-0.005552575257251391,0.005562599618897934,-0.0024782682376969234,0.0013599017441183747,-0.009114799078083102,-0.002987115652624439
2013-03-07,0.006659250403515671,-0.003530294522698263,0.002623843019234684,0.0018102682893132993,-0.0077312031133009995,-0.004713422524470712
2013-03-08,0.0029455748225193368,0.0001310037451860424,0.0011644562535479963,0.004255265082440118,-0.010489100217243141,0.001716238216703747
2013-03-11,0.0007350192897250807,0.0018318537547603597,0.002903490335332215,0.0037884767198015368,0.0009580174924019857,0.000857108992789346
2013-03-12,0.002201821897759526,0.00781302833234676,-0.0036310389849694147,-0.0022457655558936196,0.007199778746607599,-0.003719736887933589
2013-03-13,-0.005145146146826374,-0.0034432307449767663,-0.0013106743431707812,0.0014121052970175185,-0.0010372965472882356,0.0010032679255864707
2013-03-14,0.00734213067399514,0.0001300775293699985,0.003345672827802737,0.005309504411594723,-0.0030328983719813962,0.006280473398402986
2013-03-15,0.002192168365256375,0.0020801316122227576,-0.002784135357421391,-0.0013204084051157139,0.0046757528337080245,0.002273558886959126
2013-03-18,-0.005856578178219163,0.008921158533619078,-0.0021918251459691618,-0.005534195714194112,0.007572833465570916,-0.0055520235001247364
2013-03-19,-0.007369017295323577,0.004494947099121127,-0.0019032468426338767,-0.0023255993280333342,0.00675023312702816,-0.0048653940300282805
2013-03-20,0.007001886406637237,-0.004559370369457305,0.007010155669133766,0.006960819666170792,-0.011219017394749287,0.003150930815873032
2013-03-21,-0.004416615486584785,0.0056479509395988,-0.011416918876363091,-0.008578957222370676,0.009599544860729559,-0.003007635731599123
2013-03-22,0.001842669145874165,-0.004490045653721353,0.009669198829891812,0.008000828181241815,0.0007671126189681132,0.005247595822675866
2013-03-25,0.0007361013872118072,-0.0019949010771060927,-0.0036515255883573516,-0.004186523257840413,-0.0009371790879679764,0.0001436417601183848
2013-03-26,0.00915587985569033,-0.003355302290943385,0.005399245634828631,0.007970979667770273,0.0011936334301889673,0.008588440139224662
2013-03-27,0.005090888135857785,0.004127968876901811,0.001309159567386864,0.0,0.008483579196965074,0.001851648336081535
2013-03-28,-0.009475229953030961,-0.00587460886592428,0.0024677585541086344,0.0030687401151689997,-0.005081618989898118,0.0034082101704018264
2013-04-01,0.0,0.0014234036058695665,-0.006837994821955462,-0.003965336243816786,0.007503420470062139,0.0029731997774287144
2013-04-02,-0.0047715380385171535,-0.014588376987558327,0.00785272590062025,0.004921878685793857,-0.004062752161003935,0.0031049198961592417
2013-04-03,-0.01706903588647002,-0.011215297746717923,-0.00916737425216585,-0.010190420223557872,0.00894995917302488,-0.003529265783879243
2013-04-04,-0.0011234203981449475,-0.0029234122040566746,0.0002925353345295534,0.0040501252917719555,0.011865044646627076,0.016132978136587983
2013-04-05,-0.0007496205001054079,0.016628587367167214,-0.008364987430393711,-0.004501187694956776,0.019983185957282323,0.00541252820876581
2013-04-08,0.002995116300843037,-0.004262680775851457,0.005291242184533473,0.006744114669599455,-0.007682377038985777,0.00799540097899909
2013-04-09,0.006335033658886768,0.007725031383894354,0.00672022926366278,0.003451611960690215,-0.0024652674204546088,0.00013743982695313406
2013-04-10,-0.002231299641019202,-0.017034818641169736,0.019322660216563037,0.012174137864553458,-0.013830480980543847,0.006159314826518436
2013-04-11,-0.004103734017867566,0.0019880924290127666,-0.00042822970593903165,0.0032719629545585605,0.0019160302721106248,0.005849627893158793
2013-04-12,-0.012413223854834676,-0.048144932178247224,-0.0007147932916451438,-0.002453284212383444,0.014789507271819602,0.0024386066539214823
2013-04-15,-0.0303576986141616,-0.09190507457983799,-0.01992830756373376,-0.023446798553949044,0.008655884189337826,-0.020920660162996096
2013-04-16,0.010479406272593028,0.01128333874421461,0.013185775253547583,0.014655173624695372,-0.008245628665626725,0.01644559276753199
2013-04-17,-0.014780328439225165,0.0005269098319828913,-0.019771017978937877,-0.014719300821505854,0.006618170751977459,-0.010659336356267701
2013-04-18,0.01052425011574476,0.010704956398210008,-0.013897808533042344,-0.006273348464239881,0.0024404640802293542,-0.0015119583235385647
2013-04-19,-0.0023291788103345645,0.008674096350889116,0.013604023545728872,0.008656115630189198,-0.0021152284277548006,0.015292695037280701
2013-04-22,0.0031041929133630575,0.017778517935289173,0.010227938289425254,0.004428129429943084,0.0007329671704052743,-0.001356644075537261
2013-04-23,-0.006218315718709899,-0.0074240752826577605,0.009548954462140102,0.010255972092132026,-0.0035047275700179625,0.00554811853003212
2013-04-24,0.010856960025515061,0.010826556137055299,-0.0004321127635140698,0.0006340585000019772,0.0025277985772120815,0.0021564310481920757
2013-04-25,0.013027095391554333,0.0232868363089338,0.005315653541804188,0.0040450911073453,-0.004325228339000731,-0.003371448312639913
2013-04-26,-0.005726219854166548,-0.005096643006130996,-0.0031573215634974616,-0.0017677256464514457,0.009118403879990744,-0.00324760370182009
2013-04-29,0.013310584703035033,0.009816111845741382,0.009157481588702332,0.006676385292253784,-0.003653607695129679,0.008502339639541834
2013-04-30,-0.007584364848868486,0.003297447184859692,0.00723790626720433,0.002382342940096649,0.0005695219292931597,0.011624250920001966
2013-05-01,-0.018053215390900323,-0.011695241331580064,-0.004677432513695123,-0.008806229045074332,0.010220506669373464,-0.008001711111332188
2013-05-02,0.012709638705839854,0.005723773264219467,0.01256446342499018,0.009244646085744712,-0.001291166334502769,0.006539541649181135
2013-05-03,0.011037193548721458,0.0011971282175666786,0.011715655109091117,0.010089820481226752,-0.02385886140652982,0.0039829519504954725
2013-05-06,0.0011349800821749412,0.00042216128304417566,0.003875266857563453,0.002537238131406383,-0.002484224914329758,0.005154378863438502
2013-05-07,-0.0034086409393720984,-0.012529729074763907,-0.0005531782725078926,0.00505642126435113,-0.003904519142753138,0.005520958752869731
2013-05-08,0.00454216390559159,0.01470823959319656,0.004825634474618035,0.004540287863472159,0.0015807190095475931,0.0005244536827766488
2013-05-09,-0.0003777550631869353,-0.011649859087373926,-0.0013769140328561136,-0.002819922245928197,-0.002579355850059528,-0.006572705498148146
2013-05-10,-0.004543712722900661,-0.00863021254118923,0.00604247334522956,0.0032482249840590782,-0.010804540830231524,0.003685906636068381
2013-05-13,-0.004564538329075329,-0.008416504259273871,0.0012309621508972413,0.0007953507565456874,-0.0076928960457776085,0.004719376890137905
2013-05-14,-0.0034371073662415874,-0.0044888226191428515,0.005181668174333964,0.010281245849344423,-0.010921549437268752,0.0036551960740971445
2013-05-15,-0.0022979568414727147,-0.023345595911786532,0.002038321931227216,0.005371609130410349,0.006669535224443024,0.009855472137580978
2013-05-16,-0.0011509183840199277,-0.004019122278807075,-0.001086302666189809,-0.00470648852341693,0.010343526940147285,-0.005175277043729665
2013-05-17,0.004977918016807692,-0.02277960146905933,0.009601851782387705,0.0096300998287564,-0.012732749235767393,0.005562034151223916
2013-05-20,0.006472602904001867,0.030431648851024562,-0.0014814223076839994,-6.004499480294356e-05,-0.001196377901876211,0.002318573223986764
2013-05-21,-0.005708785137534367,-0.01671673431161569,0.0010774072681538627,0.0014374538670764991,0.007837614410322047,0.0056465122679676405
2013-05-22,-0.004590817399255265,-0.007099209752431612,-0.008790204874232543,-0.0074451319354498224,-0.014962207201718591,-0.024612893528191293
2013-05-23,0.004590817399255265,0.020034420891586358,-0.0023118822971932573,-0.0028972357773788815,0.004726872578118879,-0.018932042721004017
2013-05-24,-0.00382415846308648,-0.00633460492114768,-0.0005449204502898652,-0.0008464515703110465,0.0013704520298913891,-0.0025427098432029283
2013-05-28,0.009153324491980808,-0.002020498451057229,0.006517570668316708,0.0059712511349161446,-0.025669358741919446,-0.008612541623500114
2013-05-29,-0.006474896053013435,0.009988129408434077,-0.004748271449957819,-0.006515959101120572,0.011182105721277757,-0.021447252065215583
2013-05-30,0.0,0.013773982178960864,0.005289307453796077,0.0036851647080862193,-0.002435639582238913,-0.009434257240688915
2013-05-31,-0.011916310862217117,-0.020546128336998315,-0.009240681715612986,-0.014455883627322308,-0.0034017571239530753,-0.013472053141686313
2013-06-03,0.012298223119868723,0.019155238706458633,0.0017732767475973077,0.005490708528631316,0.005284855284349632,0.005635534791167629
2013-06-04,0.003812581218424871,-0.009420830883637876,-0.005191929092686287,-0.0048177620953682165,-0.009277282815759236,-0.014006253692838477
2013-06-05,-0.0045766378868208335,0.0021422615389319333,-0.013098994740935233,-0.014100102461581443,0.01371056125420722,-0.008297469029363569
2013-06-06,0.0038152320713389365,0.0074250993255775555,0.0048462279035881295,0.009012426258511397,-0.0006070234583450684,0.015961702290527846
2013-06-07,0.002282223285561269,-0.024092192496150133,0.013581096576987584,0.012640514965784,-0.018040145037448774,0.0001412455304157234
2013-06-10,-0.0038066042570363834,0.004939787449919741,0.0004083947557278478,0.0,-0.004784259323280082,-0.0086604513616102
2013-06-11,-0.008810530694570051,-0.005164893663560655,-0.009992289726744374,-0.010368844671222455,0.011828607576370942,-0.014940611832176653
2013-06-12,0.001153573722723067,0.007476670343019798,-0.011623013155225514,-0.00831211462824033,-0.014406220407503945,-0.013698974918517237
2013-06-13,0.006512101279998905,-0.0038060756896864945,0.012585312560755568,0.015094228912346352,0.015546234015260119,0.025640394473379402
2013-06-14,0.0041912974338735864,0.005145905283358232,-0.006619012613118258,-0.006292456535232027,-0.0023694806061218543,0.0037121814890501703
2013-06-17,0.0022786706110045074,-0.004921623736294123,0.00963800078336341,0.0076918174300262265,-0.005285236107985369,0.0028455041400632375
2013-06-18,0.0018951331443979313,-0.012335615865618266,0.00818849305887781,0.007874583785633327,0.0005297532642440927,0.0051019580098112804
2013-06-19,0.001513507794974167,-0.01172370719121929,-0.011207481229122962,-0.013912999489288147,-0.010381985244836578,-0.031156297460957383
2013-06-20,-0.033054647224225686,-0.05501208351122244,-0.024063843842474952,-0.025090280012302735,-0.016548875530266294,-0.04245164181082428
2013-06-21,-0.0062720316318847225,0.011663149049637056,-0.0053248282923785695,0.003205028991525083,-0.01710369005627843,0.013451359609075286
2013-06-24,-0.00433491043540668,-0.00899678918866087,-0.009987893611653753,-0.012716644375944774,0.004142677462110278,-0.00454166726557359
2013-06-25,0.0007894835928232702,-0.00371867107297863,0.007286693535963451,0.009568376789847122,-0.008951102950668144,0.01660920920377329
2013-06-26,-0.0027661915903536283,-0.042943536802465765,0.008929815907595895,0.009852171737573023,0.006467718577744641,0.015010380195997097
2013-06-27,-0.0003958466425908469,-0.019981847694739763,0.004223797944360896,0.005852819447264679,0.010170107677630824,0.01986405239932898
2013-06-28,-0.005159867687754005,0.0269746040479939,0.0014038384864880626,-0.004105864138818305,0.006814915412485689,-0.006237978528773169
2013-07-01,0.006346848634589453,0.016816885336968568,0.006154719391295416,0.005842633544210329,0.0020126044574988455,-0.0021854936211482823
2013-07-02,0.003946399120514421,-0.008955978266061315,0.0004187717698309612,-0.0009303869315520075,-0.0006341060337087256,0.015196788145341422
2013-07-03,0.009017887746174846,0.005731107587480189,0.004034163974699467,0.000434862476729414,-0.0029953550787569228,-0.006629284547531977
2013-07-05,-0.0023446520761929435,-0.02219244107344842,0.007606778612081477,0.010730717325382777,-0.03468256805448622,-0.004782195775257847
2013-07-08,0.0050731933627767845,0.011953053151682269,0.0009635221297443763,0.005687856137115865,0.00964730529435709,0.0010156324907728553
2013-07-09,0.006208750424877785,0.009245063039677426,0.006038045245500001,0.007172373398268483,0.0010236149140609996,0.014123713404075477
2013-07-10,0.0030898920692616905,0.0027320810310946797,0.0057300179830725995,0.0003625706192647016,-0.007851719420141734,0.0004290796005723685
2013-07-11,0.005000984398991992,0.026837949821574725,0.019666677307685454,0.013529128306711158,0.011662897913594428,0.023886379733980778
2013-07-12,0.003830103546132335,-0.0008857802448476448,0.004392123836045592,0.0004176633003760699,-0.000835461166192708,-0.006164210111564206
2013-07-15,-0.002679453553781297,0.0004027469930765193,0.002255689010794981,0.0038134951717525567,0.0052769696785990305,0.0042070992260327955
2013-07-16,0.001149241146044755,0.00570121659360634,-0.0013260543114288481,-0.003753291508421519,0.003412263545731875,0.0006998243726514808
2013-07-17,-0.0007660716204864748,-0.01265074444459735,0.002517743327055122,0.0025636951378844586,0.001838215867173254,0.0036286212567953058
2013-07-18,0.00420563348637204,0.005579624197673105,-0.002517743327055122,0.005462424551202716,-0.012571881979952515,0.008463748555292305
2013-07-19,0.0007627717851734772,0.008831130466870896,-0.010402927066575529,0.0017752800609658337,0.015690411644317948,-0.0006906118331873046
2013-07-22,-0.0007627717851734772,0.029377940831470717,0.002944827375252146,0.001948400221132296,0.0014640374069623263,0.003036421612379492
2013-07-23,0.0015249621929811497,0.006729945073880472,-0.0073790781276246165,-0.002125910222003924,-0.00421498631813666,-0.001102917890559496
2013-07-24,-0.008032164766238026,-0.017341725231021954,0.003226599492706761,-0.0036727895684567358,-0.012753534479166717,-0.019648042897176143
2013-07-25,-0.0011526873160927487,0.009291457084115606,0.006288819790829514,0.002430575548348024,-0.0003722996068402651,0.001546451868354115
2013-07-26,-0.006170439583185416,0.0008545396647843262,0.005321758535411725,0.0010643349424217519,0.006122243998409438,0.0008427005631603812
2013-07-29,-0.00038687593715280855,-0.0024100890856848523,-0.0018593449243722304,-0.003079020225616347,-0.007332613467215587,-0.007468917613945081
2013-07-30,-0.0034891609486256137,-0.002728136915658652,0.00530285201366798,0.0,-0.0003724802399451832,-0.0029743226270926293
2013-07-31,0.006965928955040113,-0.0012495787031889805,0.0018492963145471109,0.0007113763705932641,0.003628070955740803,-0.016448606835265167
2013-08-01,0.0023114083504180982,-0.010606207573641058,0.010111057250977495,0.011491588099345584,-0.019456954920138436,-0.0039019847493384496
2013-08-02,-0.0038552045262916224,-0.001976519588740011,0.005602750990926886,0.0016979068561688848,0.010950228012004182,-0.004934473083908486
2013-08-05,-0.005033904874351958,-0.005236889446046611,0.0006484176204022418,-0.001463118514103634,-0.007727423210919682,-0.0007275812604636833
2013-08-06,-0.0081855776280646,-0.013858480621278702,-0.00598958447850606,-0.005698957482865197,0.0029290715387100263,-0.003500602615003068
2013-08-07,-0.006675768221134248,0.0014509135479645607,-0.0018308620707303547,-0.003245560447789231,0.007423932042857295,-0.0026335173247566956
2013-08-08,0.005108993486185653,0.021593596772190082,0.004960789712856517,0.0036580381274422535,0.0027112414189964795,0.00043916666507470836
2013-08-09,0.007031410919099201,0.0,-0.0040453279175576284,-0.002889799175338048,0.0015860044286437613,0.00874810007092286
2013-08-12,0.011994694373190118,0.017735565654739993,0.0023508991561529413,-0.0011824536078375303,-0.006828775172964541,-0.007138595210339993
2013-08-13,-0.0003846435286325445,-0.01082275526153964,0.005592176739785515,0.0029526751119384187,-0.014561238915159258,-0.01383799694096588
2013-08-14,0.008047554029569692,0.009815472951498982,-0.003767611121284986,-0.005142807643664149,0.0015219040782525894,-0.003861472995323023
2013-08-15,0.009496729957402472,0.02063828989949723,-0.017070289315020304,-0.01408467670011948,-0.013596080498496477,-0.01847309387801843
2013-08-16,0.0003779553496547905,0.006735556363017814,-0.00039696040346814954,-0.0033111315742448966,-0.003477196295280649,-0.02486307366480034
2013-08-19,-0.0011344655886391664,-0.004308614943246525,-0.0017236365293484823,-0.006412790232284138,-0.00874337404234371,-0.01329707067946595
2013-08-20,-0.0018936121961998786,0.0033275569963091556,0.00436957150661943,0.00490446409672618,0.007678893607264925,0.022423861304866843
2013-08-21,-0.0011378223846838509,-0.0028730521644417806,-0.0034413413424561057,-0.006179298518973475,-0.011003024972885633,-0.002312655066985414
2013-08-22,0.00037930388049600694,0.005587376516652753,0.009763768218562063,0.00907382825991121,0.010131754186965658,0.006001381487570345
2013-08-23,0.007935128798016944,0.01561420093950705,0.00667432224661102,0.003366396058543053,0.010796542725073799,0.01037871655088951
2013-08-26,0.005629680511422208,0.004068828031624783,0.0005215494406911603,-0.0037278690477027254,0.0049740466941177175,-0.0028890736163544872
2013-08-27,0.009683441086594247,0.009551895301497915,-0.020678983580478594,-0.0162152022948181,0.012515417858569577,-0.004884847800206593
2013-08-28,0.0014814724682854497,-0.00029249824790511525,0.003851749120079795,0.003544702915117881,-0.008136237172024607,-0.006139659630182148
2013-08-29,-0.01041677965567711,-0.006163432755339038,0.007002125696236483,0.001585346798450793,0.007948242615264611,0.0015384031696874523
2013-08-30,-0.0029961535654590143,-0.009242551987357572,-0.006471330033464895,-0.003172745814286948,-0.0011318093284726771,-0.008491103676512957
2013-09-03,0.005237455430785687,0.013282390492897811,0.005681175467473487,0.004511841050929277,-0.014204692962620946,-0.008719687303683
2013-09-04,-0.008619116275951466,-0.012985238492023932,0.010615263330153724,0.008238818004256743,-0.002209416394979513,0.008564851265240758
2013-09-05,-0.0022607253458724053,-0.018437205979178195,0.0016928834765597145,0.0012661465180459075,-0.014042338665581688,-0.010600471238781495
2013-09-06,0.0056423861910381845,0.014642627040753808,0.0011707863201371183,0.000481669129220208,0.004962041194128908,0.015395906885013577
2013-09-09,-0.0063970984854702095,-0.001790571518921702,0.011631449430024254,0.009530948725226196,0.00048513950036177533,0.020619040770093022
2013-09-10,-0.009101342959476177,-0.0163376349454607,0.0048701576803917845,0.0073697941753207985,-0.007007794960724567,-0.0007557753836922032
2013-09-11,0.0015227260377184137,-0.0003037393323612747,-0.0019196954885813966,0.0031335716642173495,0.008848420312877359,0.007986134747579143
2013-09-12,0.004932586621242407,-0.031077790087025825,-0.000640210734697888,-0.002659862913010791,-0.0013560387132791618,-0.006474573441916487
2013-09-13,-0.0030325838463332033,0.0011742263444238787,0.000640210734697888,0.002246635773993866,0.003870371840033471,0.002866073417696402
2013-09-16,-0.012607580894958392,-0.010776072852725527,-0.002693758168666349,0.005770592460186741,-0.006685756322693415,0.00989211555955416
2013-09-17,-0.010434855153222955,0.00039535918570798856,0.006657342086193729,0.004452364574436984,0.008229594078104974,-0.0005965909335818864
2013-09-18,0.021522688426312886,0.04263532751336552,0.011922961095529594,0.011508255912718646,0.012267097954857142,0.033314098552417626
2013-09-19,-0.0038094184070258663,-0.001971448259468822,0.0023928158800901045,-0.0016775047713366575,-0.005923344564129351,-0.0008663374558346426
2013-09-20,-0.009202633831264961,-0.029188479494947295,-0.003437520106547076,-0.007015448914136968,0.005256481944794444,-0.016459476589473443
2013-09-23,-0.00734577726543284,-0.003209239412731435,-0.002027654791968203,-0.004638598669590266,0.007311246902602875,-0.006870650450530036
2013-09-24,-0.00038825233351547084,0.000862040000545683,0.0,-0.002356489790662941,0.010728900749338521,-0.00764015566927112
2013-09-25,0.0015515810508794914,0.008812610259893106,-0.0034313006678949876,-0.002894573974329795,0.0020578127759627307,0.003303030752999536
2013-09-26,0.007722171878396633,-0.007794819989308088,0.007734923064906418,0.00383797027071342,-0.0070314359690488715,0.006126084250882791
2013-09-27,-0.005012553596509317,0.009191529856392044,-0.0012636798968275187,-0.004607402362253765,0.00244312095496646,-0.004179512933770724
2013-09-30,-0.004261199332766807,-0.006144359705341884,-0.002406032885792442,-0.005342477659795897,-0.0015027209641154116,-0.010678048695814901
2013-10-01,-0.006621253836609942,-0.028407152018487203,0.010090829547358737,0.007884749908652289,-0.0030388972224253408,0.014410598062458924
2013-10-02,0.009722186880420924,0.019631079706306842,-0.00037654233073780574,-0.000945235539340672,0.0015107861109919796,0.0014892599305356136
2013-10-03,-0.0015493519929314914,0.0009440116150258859,-0.011744665423391254,-0.009263428765658333,-0.00160447526137375,-0.017564108010911905
2013-10-04,0.0030960456869095765,-0.005123983685185962,0.008601499667637569,0.007548111943023628,-0.0007579693356998263,-0.0019703834265665243
2013-10-07,0.006931058711428406,0.00873437207458938,-0.008347490261047419,-0.008682521881640426,0.004060304398750603,0.004541519413918227
2013-10-08,0.0034475542250596014,-0.0018820415130882395,-0.019492627697000664,-0.01171520942806037,0.00028226911515361053,-0.010935157871591272
2013-10-09,-0.007292210075328764,-0.010177208307516672,-0.003112885417272615,0.0007248862613788987,-0.008038981646495635,0.00015227574381171394
2013-10-10,0.012631797085250085,-0.01469795600294077,0.020953512715341738,0.021329397773922842,0.0016134909251634966,0.025180605564508074
2013-10-11,-0.0053395870099213205,-0.013529579748560394,0.007855588186310491,0.006422305747478596,-0.0002842954951178811,0.009926412045129673
2013-10-14,-0.0003824368018463531,0.001874289402112872,0.007043478084374222,0.003986006599849823,-0.008092593612673227,0.0005897454345995534
2013-10-15,-0.0034488752254926425,0.007300498898775487,-0.003893151331961775,-0.007280710158759085,-0.000669099781653415,-0.0036907820904032995
2013-10-16,0.007648172999541902,-0.0015368016784753635,0.01125968076616779,0.013869507574850282,0.012453303495117751,0.018607706892800113
2013-10-17,-0.0053474865108955605,0.030923704639582716,0.005707029548880804,0.006661224752448014,0.009028764566766156,0.014983546886705223
2013-10-18,0.005728406931104324,-0.0044834283018238,0.016075029791108086,0.006731817943403939,0.002150618642572155,-0.0010013129200885373
2013-10-21,-0.0022873576364754733,0.0010243461627261752,0.0021887210546545077,5.700516061057925e-05,-0.003181931124911941,-0.006030397380679897
2013-10-22,-0.001145730024119107,0.01841494752561257,0.0014565589041248828,0.0057747446837925764,0.011091329960430052,0.009174541773401046
2013-10-23,-0.015402681072578694,-0.005038137227834305,-0.006082697804922432,-0.004800513227489311,0.003885506622563817,0.0018533291626225967
2013-10-24,0.00038801414055633643,0.00935844621349613,0.004383309720785711,0.0033171114469965346,-0.003885506622563817,-0.00028463941430434403
2013-10-25,0.0030983560698052415,0.0043018411406920976,0.0071421051742150965,0.004556844593729181,0.0037007525910546235,0.012177921384481039
2013-10-28,0.0038594070550712622,0.0007661546853192647,0.00024171337248191094,0.0015903517658690802,-0.0034231621429867687,-0.007204156634558867
2013-10-29,-0.0027001247245963533,-0.006069186843828511,0.001686489471472541,0.005319996856263387,0.001296890539668638,-0.0058289850538737475
2013-10-30,0.0030852127183118583,-0.0013108546592706105,-0.0009635347305110287,-0.0049796510861730425,-0.006033132792770957,-0.008449083156830905
2013-10-31,-0.008507345497478447,-0.0144558996030284,-0.002292327079940648,-0.002840083623091516,0.002138719943000744,-0.005913148944047819
2013-11-01,-0.012505057563680033,-0.006203647298539394,0.0002414215295472033,0.0023859411283222443,-0.010883047716595762,0.005194080916613775
2013-11-04,-0.00433491043540668,-0.0011034001172998131,0.0014481225429410216,0.0035123743066876045,0.0009409011156016334,0.0018690502011118326
2013-11-05,-0.002768468690852899,-0.0019733992654948906,0.0010849721124825962,-0.00317145267931096,-0.012020234725324208,-0.01651013156693404
2013-11-06,0.0007917606933225407,0.005044142185376188,-0.00024091260746761378,0.00509287195356567,0.0004764227946782995,-0.0014614029977502163
2013-11-07,-0.007148605785192608,-0.008209655231932622,-0.01897436561369492,-0.012723933810712573,0.00843440643701765,-0.012508212084151094
2013-11-08,0.005564457016783209,-0.015013896979636954,0.013416373790000158,0.013400579305448801,-0.02435949402882187,-0.013567577985258872
2013-11-11,0.004350340358763027,-0.0033044239634358874,-0.0015757827361895238,0.00016938353192585964,-0.003778662074360284,0.0010505574793859829
2013-11-12,-0.006731189204495003,-0.011529892263514085,0.0015757827361895238,-0.0020320372645468154,0.004648709717256949,-0.004508744659234232
2013-11-13,0.004360776866604521,0.0032613280708257975,0.012042549392920598,0.007992033708287494,0.0036644449129434875,0.0064560957868642355
2013-11-14,0.004341754172295875,0.011492504258155734,0.0031078700958024896,0.004977223769207839,0.006141991706622996,0.0070091341061542245
2013-11-15,-0.0015767446506504967,0.00040229335990016324,0.0019072108788869002,0.004341191376858511,0.0020073061112242385,0.0037081887744765396
2013-11-18,-0.006728703859721907,-0.01148785517697437,-0.009814162588702935,-0.0035050686756381566,0.005996927376771488,-0.006237812517983166
2013-11-19,-0.0015898154751337046,0.0004067148534696585,-0.0028914205662182724,-0.00217575563037542,-0.007621212593607041,-0.0070268541871079115
2013-11-20,0.0007952236766892717,-0.023286477860624544,-0.0024155448810505575,-0.0031331606150164504,-0.017170809761518413,-0.012227327958982848
2013-11-21,0.0126383200426341,-0.001499627884855137,0.010106047061282375,0.008036048234078663,0.001652498623277765,0.0077161585233653796
2013-11-22,0.0031349559361646406,-0.0001667995702190339,0.00537209586259646,0.004990509007812172,0.009281772619561757,-0.003926459578751373
2013-11-25,-0.0011744349724485126,0.004492901489941303,0.0023788906029009738,-0.0009961533089102304,0.0028828833747764904,-0.004701931978616791
2013-11-26,-0.00039163769621364253,-0.005327125906488206,0.00521248463575219,0.0002763022516818481,0.003735802420466783,-0.0035024251118307426
2013-11-27,0.0,-0.0030090344685493875,0.006947491153485252,0.0024323764413640703,-0.0017230506378229649,0.008506940401359131
2013-11-29,-0.0003921448876602618,0.010326523179381653,0.005966520723437618,-0.0006626461912739856,0.0002880227042965089,-0.009269794369479278
2013-12-02,-0.0011767383798422237,-0.02618913427270897,-0.0029201229828457187,-0.0026000199434772497,-0.007808395576004656,-0.0058185436058990625
2013-12-03,0.005869805434134623,0.003226607638787904,-0.0008194619543182569,-0.004329728947024769,0.003670659956666711,-0.001998238846808942
2013-12-04,0.0019488822655051585,0.01681277006313131,0.0009360349306177795,-0.00011135741913470554,-0.009591455515889358,0.0036861155341640917
2013-12-05,-0.0011688559320739422,-0.013934549467759183,-0.001287212113317615,-0.0044054446441563755,-0.0028274550197302517,0.0035197702859841584
2013-12-06,0.003502652386215832,0.0021110414726726034,0.007235045009330143,0.011115063122890234,0.004771978172631641,0.007154525092352149
2013-12-09,-0.003502652386215832,0.009820854927032663,0.004061429851576648,0.002539020545038184,0.0023302324404435026,0.004841593439435243
2013-12-10,0.0031141228053468417,0.01738884972238619,-0.0006950242445551424,-0.0035897718188619976,0.0071467810956376,-0.002569384926224938
2013-12-11,0.0,-0.007911686919718441,-0.012946848116961007,-0.011294418275427986,-0.007729119232730675,-0.023271209891739808
2013-12-12,-0.009371436559538093,-0.021493611686152825,-0.0025858686088424676,-0.003306232999507941,-0.003790375639784571,-0.005591531368322578
2013-12-13,-0.00393079774719185,0.009172415436119685,-0.0012955458524812613,-0.00011247650417001154,0.004856809682663332,0.002489205193860755
2013-12-16,0.0031457847430083064,0.0025934275495753667,0.005523789954398062,0.006212297488711549,-0.0036888958756122747,0.003412177723796983
2013-12-17,-0.004722529393658803,-0.008727091540916554,-0.001994600443897099,-0.0031855872834158916,0.004463465526789001,0.004634623756943679
2013-12-18,0.0019704760468868265,-0.008803924689540388,0.01155939613232082,0.01692916784142895,-0.005046724985889206,0.017569809010175685
2013-12-19,0.0023593156316437103,-0.024008388970940153,-0.002790088980653138,-0.0011572570361213508,-0.0009738402992640616,-0.013877455003616479
2013-12-20,0.007824893553823209,0.009707154887455438,0.010132147979512673,0.005800324972348392,0.015272021019108628,0.006123464027476544
2013-12-23,0.0,-0.0031964326223477,0.010465220079510118,0.005328448436537236,-0.005675391878685154,0.001982188287419806
2013-12-24,0.0031128233058956845,0.004575471214311122,0.000457464998958379,0.0021888753784162773,-0.008039529382059207,0.0008970156110299499
2013-12-26,0.0015528730631455545,0.005497345915553176,0.003310978074780202,0.005071201476376963,-0.0038610373829621736,0.0007726073716081139
2013-12-27,0.002711542506891984,0.0032498521874089192,-0.0025106525811580127,-5.429225893038847e-05,-0.002844593961123465,0.0021599568122989687
2013-12-30,-0.005819616014858031,-0.014881383746899957,-0.001486456751795373,-0.00016299692262933263,0.006852235560988795,0.00030807457924009185
2013-12-31,-0.0015576228610751919,0.0063064728922821445,0.006501186712267071,0.00472135818295083,-0.0063613056948916835,-0.0054066551648301875
2014-01-02,-0.01452433970221767,0.016060461656273617,-0.007875249683440444,-0.009629529885005539,0.0030387990612785742,0.0001547880717414074
2014-01-03,-0.006346848634589453,0.010872886502992785,-0.00724579783599566,-0.00016464950467032224,0.0,0.005559846791612699
2014-01-06,0.0011932074462870368,0.001758860402907736,-0.0036997324010092925,-0.0029016164146060675,0.004199786931651239,0.005069600673170971
2014-01-07,-0.0007952236766892717,-0.00570663101235791,0.00922514699970467,0.0061229532902933315,0.002531205161277583,0.004433889757591292
2014-01-08,-0.009592339144363304,-0.005908660231013663,0.00217809893294163,0.0002177944431407397,-0.002725668880832366,-0.004893893866990684
2014-01-09,-0.008064599820036822,0.002874262992047072,-0.0033265383758473988,0.0006538167747578427,0.0058322767983085555,0.0
2014-01-10,0.006456892636776956,0.015080740254614255,0.003212370576876289,0.0027191161467357006,0.011849726993521159,0.013551801886373838
2014-01-13,-0.00040237637692319694,0.006299710080651444,-0.01488695010935892,-0.013394665771579106,0.004967765087481091,-0.006677004533914399
2014-01-14,0.0,-0.00938114282687419,0.01888846103822317,0.010838398704716035,-0.004584346445092535,0.007281886039629537
2014-01-15,0.0028128783869800777,-0.0019202320624573943,0.008180435592344715,0.0053756167033407465,-0.0010538498989633993,0.00752941660548867
2014-01-16,-0.0016065066825889929,0.0010857988198340607,0.00011326259697064245,-0.0013001171058864003,0.006686021478029325,0.0017982131144744784
2014-01-17,0.0012050992611225553,0.009471650934748332,-0.005673626011298616,-0.004238348677326975,0.0041799461683025285,-0.005857374121930992
2014-01-21,0.0024058504607071818,-0.010223281251882987,0.007595415852335918,0.0029362322939379126,0.000758507101306094,0.008996954296835558
2014-01-22,0.004794226053880024,-0.00426970809094307,0.0025939525287128617,0.0006514745118044729,-0.0024665881824521563,0.004319726374435007
2014-01-23,-0.0007973532326470689,0.021579378638349134,-0.0033849650750150673,-0.008227003539584388,0.014051706725064506,-0.0023810826597174817
2014-01-24,0.00039875608784356587,0.004097023071524042,-0.019860982938909366,-0.02156709631074083,0.006440023440632103,-0.012593495705058633
2014-01-27,-0.006801479369783703,-0.010935375825425808,-0.00973164396387638,-0.004931304950972937,-0.007001942068225908,-0.007724595338349793
2014-01-28,0.004805926694124718,-8.269303790786608e-05,-0.0005823085407934414,0.005937078182035371,0.0024328717235295727,0.008327733828731976
2014-01-29,-0.0007994456785165305,0.012488900176089501,-0.010774054404758537,-0.009652006081815045,0.008191360917773949,-0.005443095020616351
2014-01-30,-0.004006481015608188,-0.022292903069312864,0.018316964689630844,0.010544968130973942,-0.002878394609502344,0.015046966858985655
2014-01-31,-0.0012050992611225553,0.0026682222466369865,-0.002662220534593196,-0.005875317368803756,0.0066723719160108885,0.0053623024780402595
2014-02-03,0.0,0.010190249127034257,-0.02321936926024648,-0.022762621453278342,0.01211085118092825,-0.01602242504774365
2014-02-04,0.007607822543062692,-0.002723800407789412,0.007329181602195867,0.006979993333924739,-0.010667744612501195,0.012003512977186492
2014-02-05,0.0019923718963901216,0.002476499971910684,-0.0025942407679622193,-0.0012549051761965302,-0.009288955510617036,-0.0020903950379338454
2014-02-06,0.003972964009095747,-0.0004123452992867982,0.012671634093633699,0.013101318825535557,-0.004301651458246347,0.007296601747539988
2014-02-07,0.011433174650772315,0.007641467858454654,0.017681053612764508,0.012319100958396945,0.0008431176360979009,0.007538209866269963
2014-02-10,-0.005503124136483795,0.006120219937764126,0.005711499753204841,0.001835258635407122,0.002805671459984005,0.0093801566880658
2014-02-11,0.005111090828445963,0.011646867732522104,0.011325108040805887,0.010883940332131914,-0.005806725564972304,0.003930962524981929
2014-02-12,0.0019588080429864263,0.0005627211416356914,0.0019121394387076052,0.0004945776082205811,-0.005179217286483961,0.0005809754305183823
2014-02-13,0.005464636184150606,0.008482745858973573,0.0073908502560433575,0.005149844089070044,0.005648884028399692,0.0037690858218573098
2014-02-14,0.0034972079179858007,0.013141446769645349,0.002006190866944202,0.005503440973403606,0.0005626018487276951,0.0038985174685728374
2014-02-18,0.014249973200205268,0.001964251246385551,0.004887456091622333,0.0011948962725361056,0.002249666834256203,0.004887679643036158
2014-02-19,0.002673400420936556,-0.008909310249907598,-0.006893646958566535,-0.006644207423470938,-0.004221323800821963,-0.0005734552504779167
2014-02-20,0.0019051563465661836,0.01047791408716403,0.0046752411077459755,0.005884086403590949,-0.0024472174432048632,-0.002155280577508023
2014-02-21,-0.0026681330115665425,-0.0001567257863737126,-0.001333540872745509,-0.0011413171833050129,0.00526324408943335,0.002442049309111738
2014-02-24,0.004189614769773975,0.010991291396995173,0.005323340046269109,0.005531058843547321,-0.002534238907657027,0.0024355629154793057
2014-02-25,-0.004571493796621695,0.0017041151320098535,-0.0011070915408817328,-0.00037845847440465263,0.008888774566772284,0.0032859120498018868
2014-02-26,-0.002676207815752285,-0.008549765062402237,-0.0008858649637675242,5.430715055787516e-05,0.005295605280567273,0.0022794732767383863
2014-02-27,-0.0030676407073713108,0.0007022460492862592,0.006466957085249803,0.005233452880489153,0.005452898495507341,-0.0027072917314705514
2014-02-28,0.003450283876477389,-0.004534400720141107,-0.0011063298462996585,0.002526322759208277,0.0005519891789962372,0.009232501464305987
2014-03-03,0.013683223849236814,0.020705563722893672,-0.007444188294040366,-0.00705730901807744,0.006653613367360478,0.0005652025388744875
2014-03-04,-0.0037821290487545234,-0.012434038231916134,0.01263364346368867,0.013958035917654321,-0.015155848198030952,0.014309784978091766
2014-03-05,-0.008371381151107471,0.00163067722850041,0.0027488797295687206,0.0009061371006513497,0.002139382143997892,-0.001254549300754082
2014-03-06,0.009128952186547412,0.009881951730484673,-0.0008785316668511456,0.0022877290980032328,-0.009898370574023652,-0.00840327564253851
2014-03-07,-0.0045540589084431815,-0.008331467261762704,-0.004958654962778475,0.00042486571740685264,-0.006307007611886739,-0.010888963254288786
2014-03-10,-0.0084034441081271,0.00030987952174754696,0.0008829895744772998,-0.0005313605937926624,0.0014151514779259244,-0.005274612290338432
2014-03-11,0.0003834634548867122,0.005637265108701328,-0.004313202392538962,-0.004955223521363905,0.0026378189940423624,0.006269440263424908
2014-03-12,-0.0026875974668088,0.014525092398289807,0.003761506423368921,0.0002673370559866939,0.006935875043834194,0.0029787368243106016
2014-03-13,-0.00462434368979725,0.0034095741251416456,-0.01423542825234314,-0.011276521601453204,0.013360160486646677,-0.004684762623319738
2014-03-14,0.0053929784039881135,0.006709152953836117,-0.006855699907960755,-0.002812338594001318,0.00018442636695947812,0.0025583037525485075
2014-03-17,-0.011203489867413818,-0.011029851819063019,0.008758258607797664,0.009003764530226555,-0.007492170648486507,0.0021264588707712306
2014-03-18,0.005037805921840555,-0.007778612345921587,0.012001575947198972,0.007112036092100205,0.003614441016858372,0.002969536841484821
2014-03-19,-0.00038657678888975866,-0.019559193839779887,-0.005427500615245329,-0.005343127751708643,-0.0078002623876081145,-0.01910216625275174
2014-03-20,-0.004651229132950796,-0.0017971931407432251,0.002773007124513782,0.005822839568596194,-0.001773989918728347,0.0017254716097854228
2014-03-21,0.0007766065890737472,0.004759503433198198,-0.012106061753765829,-0.0038865488457018316,0.010775804726538496,0.009153161608472793
2014-03-24,-0.0003882279048146309,-0.01798596218413362,-0.008802981705580137,-0.004144072854082026,0.007089280252001728,-0.006570344370038672
2014-03-25,0.006580246808038481,0.001821160116319831,0.003281961159795621,0.004734928264070071,-0.003768521466372299,0.009089223941469271
2014-03-26,-0.0007718979393516179,-0.00794222244050502,-0.012963651861319647,-0.007218529730273815,0.00779717177800876,-0.01135667757600256
2014-03-27,0.008841098792847113,-0.0065600821195666015,-0.00562431406063979,-0.0021103853855262145,0.00501304731174379,0.006341496467139773
2014-03-28,0.0003825831157113768,-0.0002408089919869738,0.00195503540087838,0.004917827812555231,-0.005652719130377015,0.00601543696319462
2014-03-31,-0.0007652262848174551,-0.007656055088047786,0.0070968514084341905,0.008161496785954014,-0.0024722990304875125,0.008389346623625116
2014-04-01,-0.012326995536733776,-0.0017813868735334637,0.01741352262844309,0.0066084026172870125,-0.008581976523686308,0.004521027447172088
2014-04-02,-0.0023281876399532386,0.007508818200658851,0.0025748012329787073,0.00334081139469955,-0.005764207569270319,0.0008457337993394987
2014-04-03,0.008125399844414627,-0.00322270283206727,-0.007969753950127334,-0.001324209825127376,0.004372734799706457,-0.0021151506182617297
2014-04-04,0.004613589320730416,0.013227188238039034,-0.026957727974721735,-0.011892538691648191,0.006660039033919318,0.0033818869650947825
2014-04-07,-0.0023041340119220877,-0.005269862274747794,-0.009539610058713066,-0.011113058065513215,0.005974953381034709,0.0032302343180354853
2014-04-08,0.01146802963583804,0.009402401345719014,0.009191967068356455,0.004114937011472364,0.002380510858864149,0.006150217606674779
2014-04-09,0.0026569927524442427,0.0018224588899720118,0.016996239579412986,0.010692904204389286,-0.004949605254470413,-0.002511554316529274
2014-04-10,0.0003790436047701462,0.005447472804124054,-0.03146208100615233,-0.021229950213969673,0.009237776449118051,-0.009545324845618097
2014-04-11,-0.004557518115421821,-0.0006300845312461334,-0.01170132747284569,-0.009049012796369382,0.00807008852550073,-0.0060829975257949975
2014-04-14,0.00909435945860837,0.00722193399791049,0.007816177435968186,0.007847840735932365,-0.0026224547974873502,0.005941980469863939
2014-04-15,0.0007540580956484355,-0.018631632703177026,0.0032977827303808382,0.00686345081407147,0.006227730897657935,0.011779683852308764
2014-04-16,0.0018830008544945542,0.00039838308299611214,0.013198656875047732,0.01042346256650184,0.001259316530111576,0.006392271958799434
2014-04-17,0.0022546935542782087,-0.006312705550471698,0.00023184920942487253,0.0013956056349213597,-0.011024631788927763,-0.005834925337084851
2014-04-21,-0.0033839495675151987,-0.004096572985582192,0.007397109315853356,0.003481468933514975,-0.0008183407736455095,0.005696514475288961
2014-04-22,-0.0003765888901998693,-0.003709375196707221,0.007914328711856378,0.00453410184458658,0.0033594761028918896,0.002214168964538299
2014-04-23,-0.000754028853708899,-0.00016156292345392842,-0.008835690838782995,-0.0023448037713933445,0.005693716201065513,-0.0040165500501432305
2014-04-24,0.006015102537237027,0.006443284399614946,0.009521025517426729,0.002025599181000537,0.0018915592998505204,0.004155084474751547
2014-04-25,-0.004131562384361853,0.006960328544120209,-0.016112739197514436,-0.008232914854383822,0.0014374979421569734,-0.0038778688891114577
2014-04-28,-0.003392964892425354,-0.004394582256213475,0.003243345658301422,0.003162206212381946,-0.0048623504214910795,0.007740329970968407
2014-04-29,0.0026400424834589487,-0.00016013969152073315,0.007947578133558508,0.004644744217070063,-0.0013550260836598937,0.000688176383774497
2014-04-30,-0.005287073244652607,-0.005138917563783707,0.0026358571500297856,0.002977947633797662,0.004149081199485316,0.0035707835492639894
2014-05-01,-0.007601747139142745,-0.0033868120568971705,0.0029708235722978316,0.0001064403428028271,0.010671339280197145,0.004241067846226798
2014-05-02,0.00266728842867181,0.01012621771606792,-0.0018271912439846716,-0.0014348603522984504,0.006140795426968104,-0.00027308886037191726
2014-05-05,-0.0022857867869570114,0.009232823210054697,0.005243737709359486,0.001912656811938085,-0.0060517774455162154,0.002046393302620242
2014-05-06,0.0007625669303519267,-0.0019032349869849696,-0.013046643336701358,-0.008741969607344302,0.004008557580449157,-0.003549248908635949
2014-05-07,0.0026640711744216894,-0.014471611157945041,-0.002883839671699917,0.005871660693461678,-0.003562346768868352,0.011963100609249988
2014-05-08,-0.0030453679613149376,0.0,-0.0009245375392801236,-0.001064868181403611,-0.004291788505758731,0.0022946538899462077
2014-05-09,-0.004968405271545517,-0.0005638997673953483,0.003693418689307393,0.0014907375780488508,-0.0032314529585661944,0.0006737248817834107
2014-05-12,0.002296284028223017,0.006745961691050795,0.01634014726898858,0.009689056009114516,-0.004052850330219293,0.0030941366111210122
2014-05-13,0.0045766378868208335,-0.0027250474989193307,0.000680089117504501,0.0008952102507429061,0.008627586465748571,-0.006468233833596848
2014-05-14,0.004555702203781653,0.009664218850403472,-0.005223776382152323,-0.0047492598281690945,0.010769608835413003,0.0004057184507462175
2014-05-15,-0.006078922060386738,-0.008300797439581231,-0.007886996090094911,-0.008818807263356376,0.007935778043750119,-0.0005407143123949965
2014-05-16,0.001142589416214257,-0.0021662996131937007,0.006519701495681041,0.0034625376458778945,-0.0028139443619021876,0.009152199169462971
2014-05-19,-0.0007616957952998327,0.0006423786190596914,0.006930467833566212,0.003662323804116241,-0.007426420456152272,-0.004027514094427254
2014-05-20,0.0019029811907591565,0.0008825820644808857,-0.0036292640481931926,-0.006324811037852207,0.0022158285855224946,-0.003099057485486334
2014-05-21,0.0018993667305085005,-0.0024088902731866924,0.00949982419160822,0.0083894241239717,-0.006127994771036427,-0.006632951042835344
2014-05-22,0.0007588061586205619,0.002248445354555706,0.0043805074210716555,0.0024288409328914184,-0.0014259410257224658,-0.0017681096969446308
2014-05-23,0.0022726284222631676,-0.0012841805482510793,0.0072580367345116414,0.004001019829249941,0.005338107211236398,0.00880634844129835
2014-05-27,-0.008358744695132536,-0.021595283572805712,0.012384145823004289,0.006127601636651825,0.005839324007693492,0.007123194533388499
2014-05-28,0.0003815016417147987,-0.005348719092920895,-0.0030815494568230406,-0.0007314319889184517,0.012273872108210071,-0.0063144522268663295
2014-05-29,0.0003812701434586785,-0.0021474734237063586,0.006372895990437222,0.005159999567545093,-0.005329392904103614,0.002019333343786567
2014-05-30,-0.007654026960332239,-0.004225901225547446,0.00010965978361365813,0.0016100411744268683,-0.0004382111782508247,0.004562775378080364
2014-06-02,-0.0011531303490639466,-0.006080086737565438,-0.0009863608695210857,0.0011413622761704545,-0.007461756029653266,0.0030746957612257653
2014-06-03,-0.0007696087406587893,0.0025865033749123967,-0.0004384092100133685,-0.0005189224750319354,-0.012380631644660411,-0.0005343218040061437
2014-06-04,-0.0026979562405080593,-0.0020853324948184593,0.0037218309134861016,0.0020209857628872285,-0.00026939937243497525,0.0020012627063894506
2014-06-05,0.0011571335275708527,0.007486945414296287,0.008378334608525329,0.006501059755685823,0.0004483535838035735,0.018225413445323024
2014-06-06,0.004231606171257951,-0.00041449870757492846,0.005726249006084316,0.00477119400305881,0.0,-0.004196617070433728
2014-06-09,0.004213861348411729,0.0003316000625028792,-0.0007546521018850783,0.001022730860881893,-0.0014354013642972063,-0.012165098104170546
2014-06-10,-0.002679453553781297,0.006114693163497442,0.0017240186105746957,0.00010248400038648242,-0.003685595581816692,-0.0074768910059215266
2014-06-11,-0.0026866523182018653,0.00016477983735452284,-0.00021573447571121562,-0.0034826657852038423,0.0017997331882044776,-0.0026845929235004284
2014-06-12,0.01411963143383499,0.010079951867739467,-0.009083745452392655,-0.007105010818868607,0.008861665290523568,-0.0025565242402381116
2014-06-13,0.0,0.0026058621978233276,0.0029287351203244327,0.003043930059865474,-0.000534751671819933,0.0025565242402381116
2014-06-16,0.0030268467334466642,-0.004401351318836788,0.0008662596510982112,0.0008235737578461411,0.002493412569054776,-0.005119685035443133
2014-06-17,0.0011327522283153257,-0.0011442534259886727,0.000540748248277545,0.0027756472280042743,-0.007947416013652564,0.0025631607952050217
2014-06-18,0.004142453127942591,0.0031843210782076525,0.005608858787228499,0.007312880003278011,0.007680741379306966,0.006981459622709796
2014-06-19,0.009723359661556241,0.03421674499309191,-0.000645121878824817,0.0011202682328814717,-0.01289435005321149,0.00826163052796991
2014-06-20,0.0018589445106997893,-0.0034722449435067304,0.0011753499113700272,0.0020283167502146426,0.007542244960902167,0.0034440974107865507
2014-06-23,-0.003721603487401026,0.0027629658487136055,0.00021579483147071699,-0.0003059622269105944,-0.0031361222657260157,-0.0041079573597326835
2014-06-24,0.0014903038463818241,0.0010243461627261752,-0.000970902816699315,-0.0060427498136466085,0.010088535213354177,0.0007369533396448524
2014-06-25,0.0014880861454651395,7.870619988992189e-05,0.006344603592041587,0.004509433742194702,0.0025724058553544538,-0.002010777616111792
2014-06-26,-0.004097535117892015,-0.002049460796069269,0.0005359464124570223,-0.0007158818203540918,0.004772785352193054,-0.0009399690021023588
2014-06-27,-0.001868226548830787,-0.000552505581640439,0.0043827116477856976,0.0019426655246332913,-0.0015001822890745586,0.007626924236018517
2014-06-30,-0.006001480806354209,0.010836302664764652,0.00170543765006137,-0.0005107465647080645,0.002470005476193471,-0.0024022283266851296
2014-07-01,-0.003014301331567548,-0.0026589235253347,0.010907987639964922,0.006671065023402534,-0.008408104394154847,0.00533067009292898
2014-07-02,-0.0018885201313478817,0.0,0.001684167194353492,0.0010141619538037716,-0.010745188329209121,-0.0023950312790499417
2014-07-03,-0.0018922643016634488,-0.004237574298798563,0.006289153448070017,0.004906119693281141,-0.003607477040709739,-0.005745207663386598
2014-07-07,-0.007986344682586743,-0.001101636895383784,-0.003034835221968457,-0.0034871872000792337,0.0072917392082620935,0.0029433100676925505
2014-07-08,-0.002676207815752285,0.0003935853683652013,-0.01212643602771113,-0.006450893167007088,0.011149464948822185,0.002934836521859552
2014-07-09,-0.0069152551119331385,0.006041340057119093,0.007398725685199281,0.004474218412832798,0.0007979881769859531,0.0015971671558085987
2014-07-10,0.0015408227129372065,0.005460634339477188,-0.003163916987836579,-0.003964824853945892,0.0002660116432293691,0.004511720360541371
2014-07-11,-0.008892372093431966,0.0018654249196528028,0.006423288956113993,0.0013741058709459963,0.0063594913804934095,0.00013243796373130223
2014-07-14,0.003876036885778422,-0.024048290991992793,0.005965268228980136,0.00502317672661956,-0.004323356519579491,0.004885886154328389
2014-07-15,-0.009327729539198248,-0.00951058070848898,-0.003449472669833753,-0.0018747154826472823,-0.0020361348609139185,0.0006586206059080446
2014-07-16,0.0015606615829448778,0.0035270773350868367,0.003971075665954338,0.0036949244698858408,0.0053023338739608405,0.0031550151678976235
2014-07-17,0.0023365227345868433,0.01682174981323037,-0.013333002744619016,-0.011431354877904809,0.012524985857520043,-0.005131285957974185
2014-07-18,-0.006634172494368595,-0.007582368755593372,0.01572866982746568,0.01016725032649024,-0.003226315074893016,0.009844217152301216
2014-07-21,0.0046874788401019,0.0016635571611116617,-0.0012493410008120875,-0.0018733885605319855,0.00496535058080827,-0.0036637906438814483
2014-07-22,-0.004296147733095168,-0.004760390518763202,0.00633408801864821,0.004348688335341855,0.0020831166146750846,0.0031412361024840685
2014-07-23,0.0027360948975667654,-0.0009547670752025894,0.006396840457398412,0.002217817677675704,-0.0013014161955275938,0.0018279483745153868
2014-07-24,-0.0011717711061121072,-0.010161340911870376,-0.0011319026203864269,5.026028959509432e-05,-0.007494750468846512,-0.001305393833118007
2014-07-25,0.003900312392695948,0.011513699150427215,-0.0039205989853314804,-0.004692881026644891,0.011740100548282228,-0.006946735290028538
2014-07-28,-0.0019482986376742062,-0.0016708368622557757,0.000310221328821747,0.00040463671950785596,-0.0013845772874496731,0.006946735290028538
2014-07-29,-0.0031248947251025783,-0.003030585975809963,-0.0017582719953042059,-0.0043068073242436,0.0036296206274037957,-0.004844383631572136
2014-07-30,-0.004312814721771474,-0.0029596079595899383,0.0039260968568477495,0.00015254073198711637,-0.013985143888236351,-0.002102351658456403
2014-07-31,-0.0051212463754390924,-0.011602760367427578,-0.02041742323525053,-0.019945760992296613,-0.0029780051373284877,-0.014974264330917642
2014-08-01,-0.007930295118979913,0.00799130762964051,-0.003690051978540332,-0.003059790211541902,0.0077104276160051555,-0.002405751939688283
2014-08-04,0.007535230331193521,-0.0031404736308626724,0.0068420895007763605,0.007194398637405897,-0.002621645087242719,0.00693506531097654
2014-08-05,-0.004752454256183203,-0.0009682492234865947,-0.007687334193438922,-0.00974366839311891,0.0032330098832886733,-0.010286583277392403
2014-08-06,0.006331599820547762,0.014426758317503285,-0.0007405734533065811,0.00031261392576009683,0.0006105289468765207,-0.00040274605842061106
2014-08-07,0.0019704760468868265,0.004050052304525487,-0.0031790233721178396,-0.005429169963475644,0.009285080688275826,0.0005369035701274782
2014-08-08,-0.004735485568532205,7.926565064675373e-05,0.00719134415272471,0.011502164399586512,-0.0021618927422863976,0.005890033846820852
2014-08-11,0.0015809287450672116,-0.001824338047458518,0.00588350632382717,0.002893649923367825,-8.657667258038515e-05,0.006253865207214382
2014-08-12,-0.006339214881588173,0.00023813280255602365,-0.0004189480315757166,-0.0013940436507864362,-0.006514244155590987,-0.0015929266970999834
2014-08-13,-0.0007952236766892717,0.0016654041582135903,0.01052886181264956,0.006746302336074095,0.006514244155590987,0.014377874038763228
2014-08-14,-0.012004961053392993,0.0008712575320020122,0.005171640953784973,0.004710605786280908,0.008018824084109255,-0.000655411188255961
2014-08-15,0.004017838977208754,-0.0065927733819828305,0.004837256206606355,-0.0002042155356205555,0.010848561028198311,-0.001048889597426772
2014-08-18,-0.008455941020574897,-0.004152731310402835,0.0076707322323299465,0.008344311359985035,-0.009989130404497004,0.009790485929631831
2014-08-19,0.0020197363529410595,-0.0022432214180039267,0.005587821629643663,0.00520545463205746,-0.0030944920412832033,0.0020762740120332523
2014-08-20,0.00282090403927171,-0.0036962603887067402,0.0,0.0026676087734038845,-0.0016365142207233063,0.004526786390176785
2014-08-21,0.00241147096551364,-0.0108459499104816,0.0020246025902048714,0.0029116094649630497,0.005587971338389508,-0.0015498838144156757
2014-08-22,-0.00160697076696259,0.0025196517444801003,0.0015153868585739971,-0.0015547513657878653,0.005557552294980894,-0.00804542341094372
2014-08-25,0.00160697076696259,-0.0036596192356670443,0.003527333982772163,0.005057458778312984,0.0037439824792002696,-0.002217296699429827
2014-08-26,0.0004014074214664376,0.0049575510486130625,0.001005432663958139,0.0006490303653947649,-0.0032324242952066484,0.0019570616419710696
2014-08-27,0.0016038395712612008,-0.00024323006176274475,0.00020136831432626678,-0.0003996186858001849,0.00848545657827593,0.000651262989642909
2014-08-28,0.0008009562028710171,0.0054989650617534025,-0.0011059264125261592,-0.0005494218810726537,0.005224779777233124,-0.00013037914796187877
2014-08-29,0.0019997234985260626,-0.0011296651673688984,0.0037149226898467447,0.002844516910948336,0.000671560337164756,0.00532622776610614
2014-09-02,-0.014487356521843964,-0.018003818664947602,0.0029020297305910603,-0.0004988579103377688,-0.017400054100913387,0.00012976641186224214
2014-09-03,0.004045470199274703,0.004101728422874373,-0.005913215202404842,-0.0005483425291510358,0.005552388645128303,0.0025874204820595104
2014-09-04,-0.004045470199274703,-0.005500142384415874,-0.0009052443017063538,-0.001447251179076403,-0.012257703793189023,-0.003754326946483477
2014-09-05,-0.0016227083839481793,0.004763039303480099,0.005018090327110869,0.004485171356384043,-0.0018988564432076416,0.010579480356499804
2014-09-08,-0.00488380022936763,-0.01095603196506545,0.0019004848946542197,-0.002588839505623497,0.0004318251544557228,-0.0010272061818978884
2014-09-09,-0.008193542188441594,0.0011589354452103962,-0.008327905478924258,-0.0063513384162945385,-0.0007775842208959105,-0.006185653674713354
2014-09-10,-0.007017575272824761,-0.005059527219948734,0.008227789761270365,0.0037553130445102667,-0.006329882138987664,-0.01589612581259603
2014-09-11,-0.004983273811796529,-0.006590779328068841,-0.0007993646608861482,0.0011490517766059583,-0.003311109882924157,0.000788164919458989
2014-09-12,-0.007941711299781495,-0.00916553798561015,-0.005113850541518694,-0.0058585911195123686,-0.01052789349293981,-0.031190592149509033
2014-09-15,0.0012581650391201293,0.002193926623932363,-0.009697062973721415,-0.0007533829932420133,0.0014981544451728723,-0.004885805496853912
2014-09-16,0.009178240445712582,0.0016002230258527206,0.008691512359321862,0.007509992224076889,-0.004059301946821137,0.009748187895477933
2014-09-17,-0.00416153874482994,-0.010915206737386995,0.001507653153041133,0.001345842264651509,-0.0025677238247112655,-0.0002695222147819365
2014-09-18,-0.009637511490690365,0.0020397581785855934,0.007507357650755608,0.0053160454825329495,0.00318665198010315,-0.008798540758816031
2014-09-19,-0.0029517494276354306,-0.005875628567548752,-0.0006196572578520687,-0.0009012152398577555,0.01264435894245075,0.00122285963980584
2014-09-22,-0.008481857579509366,-0.002051790658185837,-0.009345609537117383,-0.0077533643340563785,0.0012212710458729958,-0.007907490480062673
2014-09-23,0.0,0.006397974562940334,-0.0027296844305340073,-0.005740630558618953,0.00616886443242759,-0.007280739565136418
2014-09-24,0.00424996933948707,-0.00468780248018863,0.010673940086596723,0.007797734869515516,-0.005558741686457758,-0.0026752782228478544
2014-09-25,-0.0021227268915198216,0.0029004996819050888,-0.021257897092630706,-0.016267431602227767,0.011775680678402622,-0.004474763458919728
2014-09-26,-0.0017014894172917572,-0.002815116684032226,0.010583957006033984,0.007914015738973212,-0.0014646156890583129,0.013365001790859754
2014-09-29,0.005942446773875343,-0.0002563012510607976,-0.0013166417636085725,-0.001821027826063748,0.00798607714974331,-0.0013835623522195917
2014-09-30,-0.017503245722600536,-0.007031410399421567,0.0014179085521464074,-0.002635665659134645,-0.005660720367230532,-0.00499821262358946
2014-10-01,-0.0034512330064675467,0.004807267982801733,-0.016122539244561196,-0.01364446461455504,0.01920531393684044,0.0008345600536552311
2014-10-02,-0.003896879021382471,-0.0002569378627690355,0.0,0.00015462652039932578,-0.008750059694360601,-0.0016702422514254245
2014-10-03,-0.009590346885365086,-0.01841415564252724,0.00982681810765218,0.010949197976931835,0.004257491392878343,0.0062488012752028865
2014-10-06,0.012622748503011483,0.012313702004798976,-0.0021412817502861614,-0.0011715809206895855,0.0005941120152517243,0.0026266438102182654
2014-10-07,-0.003900353783973909,0.002840071033501701,-0.014291241400786525,-0.01555649423712957,0.013410838618878707,-0.007900720255826332
2014-10-08,-0.003915724476240889,0.009494153355036339,0.01928067754229179,0.017338194800160522,0.00025119720000787993,0.02147673172779907
2014-10-09,-0.011839621977193016,0.0014461162700847296,-0.016282031619394566,-0.02003250146609581,-0.004364906896951126,0.0
2014-10-10,-0.003535111660330159,-0.0004251418052048095,-0.025301625476621403,-0.011479966037420297,0.0098778906125494,0.0009528458388659011
2014-10-13,0.0,0.007877727689300507,-0.015795736078412226,-0.01656330851844512,0.006062233758551194,0.0009521876941596119
2014-10-14,-0.01516542775163332,0.0005904407146894997,0.00010742716260381258,0.0015459589037432053,0.006519323464678095,0.01604754418207488
2014-10-15,-0.012664145430077323,0.003367302917756554,-0.006474266512497273,-0.0067887832620510125,0.007865807268927938,-0.0038868822261171054
2014-10-16,0.009964093962733234,0.0019310980168238956,-0.006298736840977703,-0.0008586160761554495,-0.00638571685724898,0.0016100708272026587
2014-10-17,0.003598619828573124,-0.0019310980168238956,0.013095574168544566,0.011741687115930155,-0.00560072720695981,0.0012061606921847101
2014-10-20,-0.00721054261905163,0.006784273141083652,0.014835880348655905,0.009662958064321714,0.003627278344300322,0.015152141794945617
2014-10-21,0.008108203066507613,0.0018346564364613016,0.02593475724755745,0.01961709969440406,-0.008015016703706301,0.009060066290394353
2014-10-22,-0.011279142539720954,-0.0056818361839994225,-0.005174561807927525,-0.007136304695102069,0.0010780325717512085,0.0002615649471939818
2014-10-23,0.011727620187258037,-0.006894837025991585,0.014933611729333052,0.011557681177555068,-0.00890643526132795,0.007680917058725978
2014-10-24,-0.006297878767035137,-0.0014353713145327518,0.008144934500712964,0.007665739426962581,0.001003277274012504,-0.000778654549053126
2014-10-27,-0.00271113441132087,-0.0024533739338830074,0.0007097170906353867,-0.001375306476494309,0.0018356461104183097,0.00737072952512019
2014-10-28,0.008111856660834693,0.00033876114991393536,0.014985361990214052,0.011404658846809745,-0.00627314749138197,0.004370776132005094
2014-10-29,0.011602120057765397,-0.014413236564221776,-0.003700534083625584,-0.0015130771609390692,0.002263137740738941,-0.0056600213351156725
2014-10-30,-0.00846528450811146,-0.010535513585850254,0.0021017175233009056,0.006390278244913006,0.000836819356493379,0.006300822248591853
2014-10-31,-0.0013432256055465608,-0.022208494160596892,0.013703108085807436,0.011370546869362563,-0.002596643962675671,0.012484397860804464
2014-11-03,-0.009000904197107307,-0.004537191400506124,0.002954054990074617,0.0005455069800213153,0.0,0.00869744526703986
2014-11-04,-0.014572217526077402,0.0006239666286802503,-0.0033486713882213692,-0.003475741574742841,0.003105811572028827,0.001630245202771885
2014-11-05,0.002748495626366587,-0.02189178261505731,9.868925869227496e-05,0.0062961342817429156,-0.001425686919421132,-0.002132459110861351
2014-11-06,0.000914489050844125,0.0008193776453397916,0.003151613104281914,0.003995307405873838,-0.006483464651434012,-0.007688963052976838
2014-11-07,0.004560045447050243,0.027733471313512226,-0.0008854287362227709,0.0009349306369408339,0.011422297361530553,-0.0012659196943793916
2014-11-10,-0.009600064157995192,-0.0224688513596627,0.0035370207364975315,0.0031423739716878174,-0.009228218430993529,0.008201280389092958
2014-11-11,0.005040018710944949,0.014202502378614312,0.003133323649159969,0.0009799816319837618,0.0006743044024286604,-0.0039028905622560117
2014-11-12,-0.0032043254326517,-0.00483136766316683,0.0017588049809722506,-0.0010781510278174977,-0.0008430181398590975,-0.007597983357417348
2014-11-13,-0.01851067487946567,0.001523486160512455,0.004284855785375186,0.0011271840381876785,0.0023576350290142045,0.005451445171594127
2014-11-14,0.010685546493170772,0.024764713533655502,0.0031049874003894473,0.00024503804897690884,0.0048650419591895755,-0.008251872064755528
2014-11-17,-0.004167767902812702,-0.0036758151058755573,-0.003007775029844062,0.0006361454944761036,-0.002512598940008104,0.004451507120974085
2014-11-18,-0.005117395775591227,0.008729867518399992,0.00745462263963681,0.005757416711321461,0.0027640581581112045,0.004305466378624168
2014-11-19,-0.0051439298131481515,-0.011979356533504237,-0.004543687241621797,-0.001606826594371391,-0.006378138360091157,-0.009012024887844028
2014-11-20,0.00840356878579529,0.01032651427666309,0.0044471164805282015,0.001752667011780673,0.005206119847385615,0.0033096740941456204
2014-11-21,0.010635819394033241,0.004603689167084646,0.0019271575346540004,0.005336442003498476,0.006013519437431114,0.006207813868687406
2014-11-24,-0.008778062591089153,-0.002429491687805374,0.007768228389954501,0.0028021483299944805,0.0008316526222227338,0.0035298768210525466
2014-11-25,-0.004651036959003818,0.0023428067947754982,0.0015272197285591815,-0.000723321046836034,0.008285655759115329,0.0017600468486671517
2014-11-26,-0.0023338666131693664,-0.0019085074799196633,0.006465341190351026,0.0025550123890321075,0.0027188882457931385,0.00962736021036914
2014-11-28,-0.046875921264837306,-0.026841959934436943,0.004633028622454738,-0.002120939051440729,0.007868234239285954,0.002485035988742279
2014-12-01,0.020359383260916797,0.03909721071410299,-0.01138442659834027,-0.0069741145776269775,-0.00585139570327442,-0.002485035988742279
2014-12-02,-0.021339399455567065,-0.012428974377113988,0.003999189792061486,0.006442907113740404,-0.009759034226414443,0.006201766271548337
2014-12-03,-0.005899796072408314,0.010282221622139431,0.0018037263238053214,0.0038556874773307825,0.003898072711858269,-0.0009895112248576865
2014-12-04,-0.00296283506971573,-0.003875846369652436,-0.0004741038091378158,-0.0011066640958690144,0.008326752447245234,0.0025955605335314935
2014-12-05,-0.002476013638321284,-0.01259186420265479,9.453813637883002e-05,0.001635649270447459,-0.005845530800236531,-0.005074198780607997
2014-12-08,-0.01750465652825728,0.011728543111015455,-0.007142128759515032,-0.006705061406109714,0.012148672099683289,0.006308540004620333
2014-12-09,0.007038584243410195,0.020601691573212122,0.003148800630385473,-0.0006778254967301223,0.005125843664362861,0.004551358352110846
2014-12-10,-0.015652891900791666,-0.0019479434950335772,-0.015845067549454583,-0.016161673514222485,0.007278938428784798,-0.000982220392295119
2014-12-11,-0.00920257695616078,-0.0022915065517858935,0.004731824126313455,0.005057311932607611,0.004100994279788495,0.0018411064482326545
2014-12-12,-0.008251788411086647,-0.0023819558010531594,-0.010946195623507293,-0.016293413093225517,0.013471645151761358,-0.008745230408420124
2014-12-15,-0.01618383908799359,-0.026058456631024463,-0.010378191506075218,-0.006893106445116537,-0.0020612144045255576,-0.01307538000938191
2014-12-16,-0.005806379746018386,0.00488356745874885,-0.016171470761691786,-0.008051948555588773,0.01230123569420627,-0.001380019760679918
2014-12-17,0.005806379746018386,-0.005933184879209463,0.01804013501664503,0.019415039185815886,-0.0090538465644725,0.022709949874923474
2014-12-18,-0.0031629902117353836,0.007671599736507773,0.02378158323927959,0.024428245847547103,-0.017953407480606032,0.006969752037542243
2014-12-19,0.014675341193882918,-0.0033055430745703163,0.004390110348498233,0.00424570889811271,0.01335608070715022,-0.0004878082622012947
2014-12-22,-0.018378105930959343,-0.019532501975925598,0.0024897182128782447,0.004589320788305429,0.0013499376437220434,0.016580762305629104
2014-12-23,0.010018653823974155,0.0016866692377108805,-0.0035443745982313146,0.0013487359493247197,-0.02003400154520829,-0.0027991814639345414
2014-12-24,-0.013203409839317448,0.0002660527710922622,0.0008630847408745979,9.602738281611067e-05,0.005428127117476755,-0.0041524287377399105
2014-12-26,-0.0010637031826523646,0.018102473257655127,0.007069752393785045,0.003219930864892362,0.0037043595380552574,0.0035429398589275074
2014-12-29,-0.009625741835715296,-0.010153292143778359,-0.00019010020805332317,0.001342197855091598,0.007446930180403655,0.005472437895244209
2014-12-30,-0.0010754441109273039,0.01337022418073186,-0.00668808054125325,-0.005380435205754708,0.002709320827362305,-0.0007273262614737597
2014-12-31,-0.007559200863566318,-0.01416227120027358,-0.010309581690105318,-0.009972382803836055,0.0019077433450753745,-0.017015487966838716
2015-01-02,-0.011995828078221304,0.0043925221460412445,-0.0030069347252617007,-0.0005351664868094019,0.01105666844803288,0.014949558198609658
2015-01-05,-0.014364983999577419,0.014964618775983318,-0.014777303183048929,-0.018224778339140713,0.015586698642295005,0.0054581270788407465
2015-01-06,-0.009505246918184884,0.011334482171420746,-0.013499332886999227,-0.009463743832152538,0.017856580057793003,0.009870491712965723
2015-01-07,-0.006198846348093756,-0.005908836993975264,0.012808818859124216,0.01238406346651999,-0.0019760595703939288,0.015214683792685424
2015-01-08,0.003949204259248162,-0.004217399700950253,0.018958802387087026,0.017589389317552495,-0.013331853190281073,0.003767579736609239
2015-01-09,-0.0016906703532475476,0.011320872784881253,-0.006604347339619565,-0.008045753129865219,0.010892727539856928,0.00047017199638599294
2015-01-12,-0.02224200706940538,0.011025431201654001,-0.010481591279538627,-0.007864586855295563,0.00570547399268051,0.007606069143401228
2015-01-13,-0.004045249040583343,-0.0033794717396942175,-0.0002954564029433726,-0.002816407632970197,0.0,-0.0015163255486938532
2015-01-14,0.010941654624147201,-0.0016093040146012427,-0.005531517120200391,-0.0060554204523946,0.007557880183914456,0.008602507358903999
2015-01-15,-0.013841160589628032,0.024864209830663953,-0.01306032106926569,-0.009203214151816574,0.015613229521354022,0.0023119599628529386
2015-01-16,0.01898252795259525,0.012979679533520638,0.011672709427535288,0.013029321260919602,-0.012831554768801823,0.008625001441292746
2015-01-20,-0.01376949428125629,0.013618890362550928,0.00790348068889557,0.0021302163146046382,0.01320214282324983,-0.00793182908451584
2015-01-21,0.006334627075653909,0.00024156831945010282,0.005104320984950839,0.005035192851053694,-0.01162636498790981,-0.0006931723567769055
2015-01-22,-0.0011488875676688437,0.00801736013457699,0.018334550822764584,0.014761551124084171,-0.0036048362164731174,0.01762911272422496
2015-01-23,-0.00634180168903864,-0.00801736013457699,0.0022085588164308945,-0.005497505273126535,0.013822002016717683,-0.0028407127448151215
2015-01-26,-0.0034762271179169524,-0.010031679362329626,-0.0011517592580618796,0.002338517369028459,-0.0030468694205323388,0.00838553590782265
2015-01-27,0.0052097544671063645,0.011399158685806654,-0.026268415948824675,-0.013277963164816775,0.0015618330638540456,0.00033857095123845937
2015-01-28,-0.014539340841240644,-0.007909034514029578,-0.0051395530904141395,-0.012907494405722808,0.01621657931680609,-0.006678349827130781
2015-01-29,-0.004697505169021454,-0.021788035528434335,0.009565821317518264,0.009201333269304612,-0.006602374880253947,0.0035145915945937745
2015-01-30,0.023845120350111326,0.022031068542068155,-0.007783785998604742,-0.0126547684215641,0.017580961135742257,-0.020810156638892074
2015-02-02,0.01369882363052266,-0.008378450604819676,0.00866643285562052,0.012308005721358484,-0.0037818290086928386,-0.0026613860111499577
2015-02-03,0.02739899319937633,-0.011254031870982395,0.009564393088822065,0.014357691902971759,-0.021393971521108668,0.008651308060568574
2015-02-04,-0.022309827933753468,0.00436878878628022,-0.0008748066037007618,-0.0038150098958116274,0.00170776496446301,-0.00414327441519724
2015-02-05,0.013445559360278025,0.0017257602352120927,0.008614487464147835,0.01004416827065402,-0.011039208524961097,0.011922684666131111
2015-02-06,0.0027785965657032285,-0.02620456493117196,-0.006090364628637879,-0.0027688381262347406,-0.017860933810553092,-0.029490183761669453
2015-02-09,0.009939217393502453,0.00445733705254181,-0.0032048061004186223,-0.00448603169570827,-0.00160488069021536,-0.007067145169928235
2015-02-10,-0.012717813959205682,-0.005891255467082246,0.015444215942991946,0.010597096644164417,-0.007985509673494207,0.0031863229144803995
2015-02-11,-0.007821093100687015,-0.011887730385767625,0.0036329798866887586,0.0005798038839444075,0.0018483417030674687,-0.0029499900395593137
2015-02-12,0.015029347813467098,0.002303628403526048,0.011576413859983425,0.009570936312466749,-0.0033143250557143844,0.011864832733203823
2015-02-13,0.010989176064594375,0.005439474740014383,0.008548340899118934,0.004108145585053791,-0.010322095139731147,-0.006678811802610429
2015-02-17,0.000546172157509961,-0.016838734326833027,0.0009349807824365897,0.0015716572134456541,-0.015170463732165906,-0.0024720223410934494
2015-02-18,-0.012088108319632251,0.002840494303460339,0.0014007178524897412,9.556421599477005e-05,0.005922961702553131,0.00926776199566115
2015-02-19,-0.0033221790848947386,-0.00344407003588465,0.004933548489335138,-0.000714183134292945,-0.006635662444012702,-0.021719370589441844
2015-02-20,-0.0038899499566351636,-0.005708895866844976,0.006663653306473449,0.005982435642183148,0.0029282098325191797,0.009619272640543297
2015-02-23,-0.006703893474926392,0.0013003471683985524,0.0010142006948958837,-0.00014211543794218073,0.011393596285465435,0.008005255143678891
2015-02-24,0.0005604407261290412,-0.0014738237281033406,0.0007369758336883692,0.002836821375503007,0.013040388567837624,-0.019894720899054086
2015-02-25,0.015012759536340514,0.003810143280624345,-0.002489061205893428,-0.0008501755525953669,0.004309653637508681,0.00023920296132384777
2015-02-26,-0.008312672361265427,0.003192846928134152,0.005063864573677357,-0.0011817958372883908,-0.013762132207896016,-0.010941133678909587
2015-02-27,0.011068298762881845,0.0007751278516163751,-0.004417994165003769,-0.0034122485168150973,0.008372520310774512,0.007827528808356021
2015-03-02,-0.014412699473426827,-0.004140821554351248,0.008999795656944087,0.006293847554856846,-0.018801870469283166,0.005741211580951866
2015-03-03,0.00612299727624821,-0.001816994513188952,-0.004673418550246389,-0.0041125665618269025,-0.0036323670342062186,-0.001910484834230175
2015-03-04,-0.00891880956958957,-0.0031225683060647214,-0.003865165079141697,-0.004224619998043799,0.000316235098694051,-0.009604872342401372
2015-03-05,-0.003926986007981359,-0.0009560698660537881,0.0017501484380266774,0.0010936416151103856,-0.0012662023138334533,0.0028910955264600524
2015-03-06,-0.01244358507936072,-0.027684033513420303,-0.011386524109064489,-0.014164588971838477,-0.022339727566264678,-0.033764323468568946
2015-03-09,-0.002849798734795961,0.0009828943243306298,0.0028820555403026304,0.004136112922146218,0.009188368055921714,0.007931438021680837
2015-03-10,-0.013214767119437809,-0.004924161015297024,-0.018740893166526718,-0.016354623620689956,0.013072065247431652,-0.0007412264658972489
2015-03-11,0.0051917224675777085,-0.006031419233618607,-0.005786823570340438,-0.0023444264274949944,0.007258864120911923,0.0008646736540871558
2015-03-12,-0.00461345911336597,-0.00027090603074864106,0.006542761223029991,0.01263358263921699,-0.0007072052451215782,0.017253275233937604
2015-03-13,-0.020438668831322282,0.0014440077763353543,-0.004357028386794859,-0.006151483120762968,-0.003072930530271023,-0.0006065322191450839
2015-03-16,-0.0011807633915554838,-0.0006315097549611792,0.01282798171625732,0.01327248968680017,0.009581291498386157,0.010265253718933831
2015-03-17,-0.007113338223446508,-0.005429372519536457,0.0015920957033568328,-0.0029770112695706175,0.00825058016931024,-0.0003606953275370195
2015-03-18,0.026997041567307978,0.019409393965784005,0.009776799426393978,0.011949948162193635,0.01911896817139347,0.020697708693191874
2015-03-19,-0.016934803480830762,-0.0007122036244302521,0.0014815947700066445,-0.004571849963099339,-0.005108289240789432,-0.0004710821987989888
2015-03-20,0.013454412317148279,0.011334565478750669,0.006452110683233592,0.008788016216728423,0.0052600326284810706,0.02477886501539217
2015-03-23,0.011554331945936802,0.006319701703631608,-0.0019368349524127026,-0.0019503160440184075,-0.0012169771944749996,-0.001264728842259366
2015-03-24,-0.008073940782254319,0.002446901321802031,-0.0036066111255879107,-0.0056351773562468566,0.009622087265221069,-0.008550247092466101
2015-03-25,0.0028909928739939694,0.0013955838286019429,-0.023151193310139817,-0.014762268978762094,-0.008481336209917423,-0.01740275352947096
2015-03-26,0.01205197829221083,0.006515812793653986,-0.003419464667375749,-0.0023841785244060887,-0.01571234922404674,-0.005240056554145944
2015-03-27,-0.020167848260925325,-0.0036436736475300435,0.003988096407014474,0.002287375815893,0.012361158658408478,0.001312483531950459
2015-03-30,0.005224877094720526,-0.01145065238553844,0.011401998346915576,0.012125705003628973,-0.004972389642303732,0.01420795661914065
2015-03-31,-0.011648347967246675,-0.0007914897422240941,-0.010643776036070918,-0.00877791769907077,0.0021447472511670895,-0.008856475219074955
2015-04-01,0.01799753595962894,0.016924374949796928,-0.005222168296547203,-0.00354222548811034,0.013049615617293675,-0.0014239083778702089
2015-04-02,-0.0051917224675777085,-0.0027720019363934867,0.0006661575581174972,0.003590510789752699,-0.010651655889176048,0.007573043165419069
2015-04-06,0.01264383151245152,0.012156925637931693,0.008147449499226411,0.006711107147971518,-0.00560017602909646,0.010320054814302537
2015-04-07,0.005126659369971254,-0.004982843844588913,-0.001699686663697797,-0.0026498677148723004,0.00834967856202784,-0.017774805758128842
2015-04-08,-0.019507224632446363,-0.0055272563602128955,0.00790820318620078,0.00337079528173323,0.00030534317408204004,0.001542701736764407
2015-04-09,0.0,-0.0069523444531913725,0.006263416095889873,0.004413906462443329,-0.013048744832974357,-0.020969737358556007
2015-04-10,0.010374733425137617,0.011273125412459173,0.0040915548423159365,0.005442342245491005,0.0014662380578780443,-0.000726579367724689
2015-04-13,-0.00459761565592931,-0.007182773547924626,-0.002508971245548608,-0.004532903329460325,0.0013875098404563246,-0.0026704197766820315
2015-04-14,0.00459761565592931,-0.006098084431298112,-0.0028882803607297447,0.0019112159715213295,0.007062594239243047,0.0035181047890815442
2015-04-15,0.019870151258480462,0.008613598755223606,0.006232075974594409,0.004476900317031074,-0.0008414773526927988,-0.007535254652044632
2015-04-16,0.010623523768625631,-0.003471334974760154,-0.0013919152759269693,-0.0002854758874430985,-0.004989059313951216,0.002558731142435544
2015-04-17,-0.0022270955468597364,0.004942989742755088,-0.015722770772427452,-0.01156995284356288,0.011400510914621798,-0.004634762014398053
2015-04-20,-0.004469442213784536,-0.007641555546604728,0.014887091147175902,0.009095680525346594,-0.008864241128748951,0.0014657003147675596
2015-04-21,-0.007305346356391684,0.005736617532051902,0.004265833151955611,-0.0011922293950856755,-0.004538803497654342,0.0017075646851805182
2015-04-22,0.0033783603484103253,-0.013524881601083116,0.005444899173757456,0.004902131710830204,-0.015383673896069539,0.002069169166875273
2015-04-23,0.012290706095762882,0.007265135996097349,0.003766718763028365,0.002512936941255539,0.004297355965260152,0.002671891029431439
2015-04-24,-0.0005553977772798646,-0.014141033700354022,0.013479123272335691,0.0023177521639263787,0.00621726350188645,0.0020598995101512863
2015-04-27,0.0,0.019967374395762683,-0.002536348386501963,-0.004166109256384054,0.0,-0.0013321952527962644
2015-04-28,0.0016652062237421106,0.008633395454348936,-0.0019970775305946376,0.003173481897033703,-0.013887048718523864,-0.00194104434666853
2015-04-29,0.006633544281278159,-0.007073870774362057,-0.006290160568373615,-0.0041230918016657014,-0.012331162118998762,-0.020363946307613734
2015-04-30,0.007684038666806892,-0.017818629233653738,-0.015854555702571993,-0.010071163055405563,0.0017480626286507928,-0.016368136878985418
2015-05-01,-0.0010941467332572508,-0.0034429465428864603,0.0131071550909585,0.01078288771856073,-0.013553182666651509,0.007530467001628516
2015-05-04,-0.0005475535160992528,0.00897969447690894,0.0016494521922307825,0.0028436715093853593,-0.00948013203774245,0.000999452336687412
2015-05-05,0.008181191282973455,0.0028006293425999473,-0.016430215214250588,-0.01151807543137462,-0.001384536108317569,-0.02197312191533385
2015-05-06,0.0,-0.0005245000462394955,-0.006910873796241113,-0.00412497369918885,-0.017269033187198524,-0.0019173456141348133
2015-05-07,-0.015877717150794002,-0.008253646349356103,0.005979699782014514,0.003981552688768986,0.013348093771943681,0.015234469480921664
2015-05-08,0.005503494454896618,0.004837540136522378,0.012405229259723427,0.013080435865417961,0.002697126756999957,0.013888470389562979
2015-05-11,-0.004400543936748935,-0.00386815815419439,-0.0038718623042663936,-0.004784393853562996,-0.024625260563134965,-0.015148924442082379
2015-05-12,0.010419737971257614,0.008507714570104241,-0.004536048181238428,-0.0029957593298357565,0.002590340995399565,0.003023057223745962
2015-05-13,0.0010904443347565795,0.017745568671579726,0.002039602123043771,0.00019047538202698888,-0.008043301532440594,-0.009604459461746817
2015-05-14,0.005976739790111374,0.0053908250551018,0.014523511036900416,0.010373780639305608,0.002688324300945233,0.019117699264383337
2015-05-15,-0.0005417328977399549,0.002982393037475717,0.0,0.0010830455423249674,0.019851639519350428,0.010163599103127918
2015-05-18,-0.002713811038240088,-8.51064576155025e-05,0.004370605724234089,0.003101887262215719,-0.0169197239618466,-0.002593244343866097
2015-05-19,-0.021423493955663453,-0.013967043221182252,-0.0010908619051912538,-0.0003286879433659351,-0.008906433948341785,-0.0034681533779727935
2015-05-20,-0.002223507083895182,0.0016381642703535704,0.0006366125346621843,-0.0007042633612437399,0.0016869833045083382,-0.0008688466732151845
2015-05-21,0.012168463867574086,-0.0033654032062084838,0.005167839700892074,0.0029082370268529445,0.013888817906216211,-0.0047295790753234535
2015-05-22,-0.011056186382081279,-0.0007782781051668408,-0.000995263117429701,-0.002391584828255411,0.0004155133926362353,-0.001248404023589167
2015-05-26,-0.019647002111393697,-0.014727247977664781,-0.011562708120892218,-0.010809958795914731,0.01696457523781092,-0.007649524651218709
2015-05-27,-0.01369882363052266,-0.0001756301338398103,0.01598839521508122,0.009447448874905007,0.002284646481414576,0.009771041785874512
2015-05-28,0.005159050784724339,0.0011407772346867517,-0.002255452359299248,-0.0011288955563921732,-0.002448290205022019,-0.0019967336691331106
2015-05-29,0.012500085850455367,0.0007014013330435276,-0.0059792899011714695,-0.006232375104981536,0.002203162975941808,-0.01155778416386033
2015-06-01,-0.0022609601060623596,-0.0008767951003623153,0.003356492088769869,0.002034462116547786,-0.010805772674406633,0.01218221517561302
2015-06-02,0.011814346096935324,0.0040269605877938375,-0.0031748185649274063,-0.0009931768183095713,-0.014050218002244819,-0.009280429060299689
2015-06-03,-0.012946969709235479,-0.007189857367223773,0.002993720959089785,0.002646340509002698,-0.01620511656028434,-0.014466937014078418
2015-06-04,-0.009106502132092853,-0.0070646979352710915,-0.007637985107615819,-0.00848266113836793,0.012935214910219983,-0.001919476933158748
2015-06-05,0.004563713380470791,-0.005331436918291743,-0.002375808215152375,-0.0017145994768243966,-0.012254791496274287,-0.011204647598015427
2015-06-08,0.0005689223138709565,0.0029358308942226685,-0.010207525390831584,-0.006168486157174691,-0.0011064422182034406,-0.0018153118850094963
2015-06-09,0.015801648773471122,0.0022183779511246726,-0.0016650912886158054,-0.00014423926275064503,-0.00794782824763196,-0.007292347706879365
2015-06-10,0.003911750916707923,0.008473122987024517,0.013609196649556843,0.01192210383670922,-0.008791124683185103,0.007032925776706556
2015-06-11,-0.008963589370740266,-0.004580669046919006,0.0014602664644511876,0.0032182277455659047,0.02081682700428278,0.006081395815618507
2015-06-12,-0.010181083236652011,-0.00026490157397418557,-0.008241637492282905,-0.0076843300175353235,0.0,-0.00090346007539166
2015-06-15,-0.004558383738439975,0.004406069740064744,-0.004977784606933433,-0.004294833445530166,0.001609905089960506,-0.0054377357935395665
2015-06-16,0.0028514239327597224,-0.0036115754437746617,0.0054375243109481275,0.00543697894405426,0.007840698313669847,0.008017108060892397
2015-06-17,0.0028433804826781817,0.004666106837939665,0.0027534768106951546,0.0016156786715386673,-0.007756648356328277,0.008463501890072056
2015-06-18,0.0,0.012829091016651084,0.014468789803007809,0.010345417306170113,-0.00492041420686995,0.013696976206058142
2015-06-19,-0.00912721571380759,-0.0017357836863238774,-0.004956379626005258,-0.004448618154851758,0.012761240346726765,-0.0077135175194746886
2015-06-22,0.0034324112983696864,-0.012939534822472787,0.007343837735528602,0.0051100267840231695,-0.020617502713330182,-0.010334367867304906
2015-06-23,0.011921787718073507,-0.006621663748214601,0.0008130358811087035,0.0007075812987276109,-0.0060191424358668755,-0.008371899548073714
2015-06-24,-0.006795128348102253,-0.0026610185778750406,-0.0051584514845073315,-0.007289181521544563,0.008587890011941823,-0.005446747790611273
2015-06-25,0.0011359034658764422,-0.0013331015376758515,-0.0019981742802483993,-0.003045061654946224,-0.0035117283710013325,-0.0101946538574893
2015-06-26,0.004529990136362461,0.001066623365012731,-0.006658165896784141,-0.00019074451339218257,-0.011304811427539363,0.007166813526858551
2015-06-29,-0.004529990136362461,0.004520702131841858,-0.02389474671407843,-0.021193379198006568,0.026124722167063297,-0.015669066930017905
2015-06-30,0.02133706490377829,-0.006210070886036867,0.0035555506379187918,0.002091344363734038,-0.00695714902647282,-0.0004016647885363156
2015-07-01,-0.012297512936443322,-0.0034767084633964274,0.007907375555222806,0.007983366442715578,-0.013589631419185011,0.016333945282909657
2015-07-02,-0.0016888305428488515,-0.0019665798355692488,0.0002778122582247633,-0.0009159456441620861,0.0032810893057897417,0.0024995708182631304
2015-07-06,-0.03322176202709892,0.0026806862873876014,-0.002318538523679692,-0.002849998293325662,0.0183647352838463,0.006286563030951875
2015-07-07,-0.005841167237737643,-0.011668702760757377,0.0025038569690689627,0.006268775815707173,0.00935076804858248,0.015546599826998353
2015-07-08,-0.004697505169021454,0.0029749330386001915,-0.017565413592268264,-0.016919332575699997,0.008599721843679298,-0.003864279054059505
2015-07-09,0.011702809554202442,0.0024275514386138397,-0.000565992841631946,0.0018071502392125183,-0.01989873352197069,-0.004786036022152551
2015-07-10,0.004643043582065687,0.0011666795517468742,0.01516325742563307,0.012513206755642159,-0.015985755197460705,0.008264657510052675
2015-07-13,0.0005789328677945349,-0.004494793701908861,0.017404914872404476,0.010976482958251488,-0.0031069371755165776,0.0014135287533529883
2015-07-14,-0.0034784388332753657,-0.0022549958125184233,0.006551085435033244,0.004328689992128432,0.0032793760626166346,0.00205265417420053
2015-07-15,-0.01168217094401136,-0.005251204440368085,0.0010878994435215006,-0.00033207108398691787,0.010541231321699485,0.0016645377562927166
2015-07-16,-0.004711470463328649,-0.0036377042236317436,0.014034040919028712,0.007991929910966533,0.006881581803919623,0.00802797051710602
2015-07-17,-0.005327065581921975,-0.010164462693893483,0.014632431846636429,0.0008476571474789196,0.005151434446664105,-0.0035599320698369574
2015-07-20,-0.016153472649637735,-0.02752685674211186,0.00342755301071751,0.000517702250625085,-0.004220397521881303,0.0011454850019259055
2015-07-21,0.004212972368913714,-0.0031268723268027543,-0.0006143280692665343,-0.0039594948885488535,0.00539894485700998,-0.0028027471753446775
2015-07-22,-0.014519288906520877,-0.005424190670740181,-0.011389520392668828,-0.0017957407768838252,0.006206804039991631,0.004328398625368823
2015-07-23,-0.008567930045088268,-0.004494830976284447,-0.0037363802049146244,-0.005645996101705464,0.012381387857828052,-0.01252718490884508
2015-07-24,-0.008022277461765981,0.009729155735813677,-0.00985210530230951,-0.010425999198987235,0.00247419285126238,0.004235997104564682
2015-07-27,-0.019393808286732206,-0.004661992801278103,-0.008315440582362221,-0.005834730085035211,0.005339856647553098,0.0017918090651911633
2015-07-28,0.00817873772933675,0.0015246432799855825,0.008585376501006436,0.012208356021067956,-0.007319028611451728,0.0006387813656698604
2015-07-29,0.0031280562568389847,0.0014272948765041704,0.003772138920180801,0.006855433872267724,-0.003720830826894783,0.006495843627944975
2015-07-30,-0.003754815103847342,-0.008594414514632831,0.0047402296428940005,0.0002371985302032087,0.007675180246459412,-0.004963644879894424
2015-07-31,-0.01388916755174785,0.006309807471318152,-0.00116111157655574,-0.0015188002853205873,0.0073720456497508025,0.007879151179567945
2015-08-03,-0.016666947629499607,-0.007941503115089787,-0.0031307585887896394,-0.0033786049096322657,0.010471335074555554,0.006183341809516296
2015-08-04,0.005800889967654488,0.002015250319480799,-0.0018837051552837991,-0.0019563971867428975,-0.007963388092256274,-0.007323323658742886
2015-08-05,-0.003863615681466648,-0.003649612745896036,0.0076909914658847,0.00328999033985955,-0.007533872608341596,-0.006611491222325405
2015-08-06,-0.0006453654559352984,0.004416281036678349,-0.0161655189707135,-0.008221423375625925,0.008838355223895533,0.0014022520812742023
2015-08-07,-0.0038808905948695127,0.0024875838994233845,-0.0012685637351577128,-0.0019215256282958393,0.0130329258894184,0.0036872640539655777
2015-08-10,0.02116128487755553,0.010172637809865215,0.011357701092493677,0.01252063993790653,-0.012463133239895008,-0.0031780333691631135
2015-08-11,-0.013414361709430889,0.0050948398439469855,-0.012899639211357616,-0.009064389943816309,0.015755141075583623,0.006599131953333615
2015-08-12,-0.003220667117319831,0.013924787857254373,0.0034439937511194785,0.0011972653924932075,-0.005465986920268229,0.0031575366787937043
2015-08-13,-0.004526256050804811,-0.008294156742539194,-0.0016299619476196625,-0.0012449788395718642,-0.0032292148526282816,0.001133787392825436
2015-08-14,-0.00650200558546743,-9.360475673148017e-05,0.0015395197333809563,0.0036354800304669865,0.002342613573210528,0.005401184097554523
2015-08-17,-0.003921696532142249,0.0026170571520376384,0.00829063727102941,0.005571095542808102,0.00450714025067267,0.00848197842738152
2015-08-18,-0.0052527699421842655,-0.0001866751617241036,-0.005128525155520869,-0.0029007206338951264,-0.007901190569350902,0.00272891754057758
2015-08-19,-0.011254524567868796,0.013354574963244659,-0.006606868314023906,-0.007936847881937936,0.00982696379436998,-0.005963578761100763
2015-08-20,0.0026595590805746916,0.017261484729985455,-0.028084941681318476,-0.021102275800803483,0.01004863998032679,-0.0073791195217118855
2015-08-21,-0.016739715118739618,0.006228253314387366,-0.04468962056068371,-0.0305649480536081,0.0030109528229145255,-0.018753792210331355
2015-08-24,-0.025300491017255844,-0.005413696203742546,-0.03923610797417254,-0.04301906352214768,-0.00031651581747915714,-0.04794663921945963
2015-08-25,0.004146567896876618,-0.01247223689054966,-0.003765169116293876,-0.011837737886215116,-0.01619592363260214,-0.02789449734093319
2015-08-26,-0.006226200058816467,-0.013743752566773182,0.04913497980991455,0.03767529265886438,-0.019492078524858236,0.026686417861128575
2015-08-27,0.035450131805379925,0.0005571512452684502,0.025016806643353817,0.02443410355051512,0.0005741227992706044,0.019162072403440256
2015-08-28,0.025786614013525444,0.008963637985393902,-0.0001894844584384714,5.0145430944503744e-05,0.002946567727402538,-0.0014507395202834061
2015-08-31,0.02386425310595408,0.001103372201255226,-0.012480534780296537,-0.008111717189604128,-0.007711983872501271,-0.02310010862859979
2015-09-01,-0.033703561445052266,0.0034858971109343884,-0.03175167430899695,-0.03030258043120515,0.007179508410268376,-0.0192301737485705
2015-09-02,0.008532906975406984,-0.0053254574714518554,0.02781347279962354,0.018803408404866495,-0.008641384504488592,0.010274838058878188
2015-09-03,0.006514713576013076,-0.0072069646875858595,-0.004920453738838759,0.0007160397318486389,0.004864377934303832,0.002722214621706076
2015-09-04,-0.012414324458186243,-0.0032508130940547275,-0.011968103285949994,-0.015252186688867297,0.00908971742444642,-0.01879729517363815
2015-09-08,0.007206012245864368,0.0002790454421459643,0.02780089605001468,0.024820393390538875,-0.014864110295071953,0.0149841325517448
2015-09-09,-0.013140859010694061,-0.013012113659039315,-0.011297533032071705,-0.013461671844734902,0.0047868911339374876,-0.011527676711718726
2015-09-10,0.008561152848928,0.0023528316012582096,0.01082132322167606,0.005426245186449741,-0.006774667021991476,0.002205963201712624
2015-09-11,-0.0013123278898174995,-0.00207013897549313,0.0055092478124771915,0.004534433800507109,0.006280804990142386,0.018962587894256533
2015-09-14,-0.01255384385474656,0.0005650019663852035,-0.0030359636382657484,-0.003717568385567027,0.001563865943380982,0.0005402691350480104
2015-09-15,0.003319008135971302,-0.003017159470431352,0.011712792610556022,0.012422138444229347,-0.019349973448299806,0.00981149908505552
2015-09-16,0.01643149314115444,0.01322655217203117,0.005618619472574693,0.008628813918697631,-0.003781314527662616,0.010642616828536067
2015-09-17,-0.006540278201924377,0.010198550265311468,0.0003731150074957057,-0.0022501531852450185,0.012131402007752534,0.011315817665159766
2015-09-18,-0.015206883359645929,0.007352256373074795,-0.01432491334382302,-0.016476410173908995,0.015268320296854654,-0.0017023244648037839
2015-09-21,0.011262129936119969,-0.006246004616141221,0.0031278177312090705,0.005154068432712933,-0.016432898104807414,0.008482790391953543
2015-09-22,-0.0059464615157041045,-0.006841722923156546,-0.015063658129977675,-0.013064561457278856,0.013808423823014948,-0.012685539302730753
2015-09-23,-0.007984174118908172,0.00398130520726081,0.0007679458207849876,-0.0016001120522810552,-8.22819946630915e-05,0.0062545838919523256
2015-09-24,0.005994136368296932,0.020758796296513005,-0.00365429760373992,-0.0036220054613282926,0.00679335307413087,-0.009423597644422355
2015-09-25,0.005958197304756663,-0.006173422414313734,-0.008513997522927141,-0.00025902854811210574,-0.008684147697231914,0.003992993430500302
2015-09-28,-0.01395833984119621,-0.012739020432957382,-0.028881677438932662,-0.025417996947148858,0.016969366564010713,-0.015662007778999953
2015-09-29,0.006671172151079485,-0.004066501065043582,-0.005214082833234102,0.0005847478378715465,0.002827050854264712,0.010602034727277942
2015-09-30,0.007287167690116725,-0.010426483637298034,0.022761067018480574,0.018486712423666063,-0.0034746079505243443,0.008374904045264309
2015-10-01,-0.006622499203063015,-0.0012172598628676923,0.004510337427007016,0.0026056174020272493,0.004257689604128423,0.004885960367084774
2015-10-02,0.006622499203063015,0.020953802922526243,0.017359356846042395,0.01482768377387167,0.0060388682865974985,0.0072194423080014225
2015-10-05,0.013115007561237402,-0.0020205850578971507,0.01422425063751298,0.017638069303887782,-0.013660450182015893,0.016730517025373093
2015-10-06,0.019355321805158088,0.00997130322711648,-0.004750755754858282,-0.0034323540769198857,0.004303934620297767,-0.002317478356967051
2015-10-07,-0.0019186884525725922,-0.0014574940081351073,0.005982164276947088,0.008157556221403794,-0.0033281052103157904,0.011407919127444988
2015-10-08,0.00447132240834458,-0.0051178832963483245,0.003968190684255468,0.008986148952295103,-0.008409617642685774,0.008376541471041943
2015-10-09,0.004451561797719439,0.01572691239154267,0.004515722162944158,0.0005962272318837947,0.002620062754338015,-0.0016441543233001177
2015-10-12,-0.01599000686993124,0.0039607110144830315,0.0024379211032972137,0.0009433226190127542,0.007576982711087865,0.0070642967447231975
2015-10-13,-0.006468433197629686,0.00492901527809142,-0.00648232564021356,-0.006322481402455615,0.0017029747855339394,-0.007824318636115546
2015-10-14,0.0025924839254019005,0.017282274992371782,-0.0016034805147731035,-0.004805095735915366,0.008712696337341619,-0.0075027427109510825
2015-10-15,-0.0025924839254019005,-0.0045794588755319054,0.016292216530034764,0.015237659400888504,-0.004911792400476678,0.013566066515139141
2015-10-16,0.0006487879214365222,-0.007086601152338723,0.004171152778961407,0.0045361945940411985,0.000322620819561692,0.007527268491213324
2015-10-19,-0.01832515278879887,-0.004186912999915471,0.005717663616178648,0.0004921598393758941,-0.002747098621212807,0.013901226488510776
2015-10-20,0.001979681692151569,0.006318212020553382,-0.005163116937002776,-0.001279707399846508,-0.006168481352928801,-0.0003700958411094746
2015-10-21,-0.008606569567231936,-0.008910332230671614,-0.006119524375077567,-0.0062224103498804695,0.009883730601364604,-0.003705679643571713
2015-10-22,0.003319008135971302,-0.00035807819279032316,0.020163788171974062,0.016752253637638326,0.0016912042745262923,0.00874864797724717
2015-10-23,-0.005982183956724008,-0.0017026075113335537,0.027598206647407864,0.01090219527664349,-0.00856734691150507,-0.009739666418710158
2015-10-26,-0.002670136464039796,-0.0006279971024891751,0.0006205108111165814,-0.0024606387284995535,0.006634213576249159,-0.0002475809982671606
2015-10-27,-0.004690171831378098,0.002241047948968955,0.0020361041042464834,-0.0019341911965327085,0.0024962606765859263,-0.00037163191737343837
2015-10-28,0.016650371991250967,-0.008091400160860296,0.008278341541343437,0.011310353233564996,-0.004029063384019871,0.0008672412713566224
2015-10-29,-0.005962219388026657,-0.009614564390769686,-0.001580035494576748,-0.0005743033787890539,-0.016037085246322746,-0.0013634262548718468
2015-10-30,0.00991744873839151,-0.0038352540915997935,-0.0044899964826914385,-0.004319090472909792,0.007521139834531176,-0.009219888967056722
2015-11-02,-0.00527709832980916,-0.0065171345988011,0.01123109628176433,0.011761247891588944,-0.004605883955487222,0.021055652045148587
2015-11-03,0.017699540451430185,-0.014937356022442394,0.0034842479932262194,0.0028953112112191093,-0.008234538017998894,-0.010101027000867902
2015-11-04,-0.017038387544523914,-0.009485885776108205,8.662101190282101e-05,-0.0030381116174300615,0.0011576951262455282,-0.004466959202469312
2015-11-05,-0.007962832086986893,-0.003118965054795808,-0.0026986682225418335,-0.000998701372995292,-0.0026466267454949843,0.003971824571135318
2015-11-06,-0.006014088395151607,-0.014685120688171516,0.0006972276804759758,-0.0005232593124873119,-0.014764335138096385,-0.031584769218977904
2015-11-09,-0.008751262895609901,0.0028777291011321537,-0.010684945565496484,-0.009375662523884998,-0.0056460217094258525,-0.017279402854180947
2015-11-10,-0.0020304446837964285,-0.0021095148178789103,-0.0025567492078151233,0.0023041998371233774,0.002953280963790661,0.011380859037148028
2015-11-11,-0.010214605493250595,-0.003365211295873749,-0.0012369102573428492,-0.003939428230781417,-0.0021088932087307555,0.0011568432307180743
2015-11-12,-0.014478083521543006,0.00019257167853314883,-0.009769651941012647,-0.01405767023273441,0.004801633954365947,-0.006831158219251954
2015-11-13,-0.0076680874622421236,-0.002796404320480228,-0.019831366577641063,-0.011292260714899527,0.005698036798058581,-0.011446607231525796
2015-11-16,0.004886383403399641,0.0014474024653425843,0.014281913326882112,0.015092297739760951,-0.0009190050097167557,0.011446607231525796
2015-11-17,-0.015438806598941479,-0.013297966180688015,0.0006283783775566931,-0.0007292740415065779,0.0016709995216688256,0.0
2015-11-18,0.004234277509526763,0.00087907383461161,0.019012473618732706,0.01574102570864966,0.002084466969544785,0.008755885185526058
2015-11-19,0.0,0.01097148988073382,0.0007039972174407438,-0.0008626184524471725,0.0066440148376036845,0.0030723282409375052
2015-11-20,-0.0014093551014675576,-0.004548773723664468,0.006748778836865199,0.0036378407029582505,-0.003066890525006194,0.01244731084339401
2015-11-23,0.007727500787482633,-0.00808374704283299,-0.0028868204544387766,-0.0011474819108103773,0.003066890525006194,0.002143720594220966
2015-11-24,0.01596699386045053,0.006627707399357696,-0.0008764090733297536,0.0013383110492073413,-8.292383323205144e-05,-0.005303975988246279
2015-11-25,-0.0013784289781710868,-0.00467384836580198,0.0008764090733297536,-0.0001433358944318286,0.0023153725996643004,0.0040437337666872075
2015-11-27,-0.015288674428346027,-0.011879763588946268,0.0014005145450228795,0.0011461991846646313,-0.0009916219283176986,0.008665078513354185
2015-11-30,-0.006322505152640101,0.006595467871597371,-0.0025401046863127164,-0.004160223476592506,0.003960009814060861,-0.007404836291795114
2015-12-01,0.01121245962017392,0.003525964629824685,0.009948566956415661,0.009490035463721291,0.013416779451251415,0.013760666656179588
2015-12-02,-0.02112749243534351,-0.015667624313787876,-0.006184348749510349,-0.010257033835710416,0.00032592742962833654,-0.020585500982246874
2015-12-03,0.011323474913308651,0.010570606410359673,-0.01709578883585916,-0.014101703825807554,-0.027559844790590482,-0.01585069299006925
2015-12-04,-0.0014084420981390622,0.021966035488281577,0.02310623918972432,0.019314814309812967,0.008745855982375872,0.018889803453356446
2015-12-07,-0.029319284313019,-0.013063212596420293,-0.004526033342757252,-0.006076905890628481,0.009656963471131874,-0.002785572574307338
2015-12-08,-0.005092575691693302,0.0016544033114076484,8.684377598022763e-05,-0.006742026338955043,0.0004922194190104534,-0.0008878873401800824
2015-12-09,0.0007290418284116029,-0.0019466324270576152,-0.015295613757929871,-0.007810139147608197,-0.001068016436600594,-0.005599365744606288
2015-12-10,-0.0036510309244999206,-0.0008772000837344862,0.004507675847548853,0.002578148580262507,0.0013142875306932922,-0.007172188259957135
2015-12-11,-0.010294227032859204,0.005445871172153893,-0.023284728247317865,-0.019572074374748283,0.01563552615407282,-0.0018007924682987841
2015-12-14,-0.006674149145941222,-0.012884508990748778,0.007553182697772165,0.005039943118939405,-0.013012205673826216,0.004624847008724231
2015-12-15,-0.0022345397887391094,-0.002656086119114498,0.0060728226322108725,0.010443006114432052,-0.005911735523508099,0.010835386804318059
2015-12-16,-0.004484368589110499,0.012043063036934143,0.014760383035805624,0.014526225048060226,-0.002143355117666168,0.01933785502641827
2015-12-17,-0.01054228543720992,-0.022141125877213952,-0.014670871973584632,-0.015355534516265479,0.01124241377647639,-0.00498681153796543
2015-12-18,0.004531956641653512,0.015207174746720398,-0.019368856676228674,-0.017975526200937786,0.005533059647451211,-0.01169195337874429
2015-12-21,-0.004531956641653512,0.010819352064225463,0.011046733905322625,0.008215372758934691,-0.00024332663120496534,0.003912206327378875
2015-12-22,-0.004552331468201221,-0.005248854487692967,0.0065520033368136055,0.009033153710714004,-0.007250333731479763,0.004022900854066869
2015-12-23,0.018086457327258998,-0.00292800379436553,0.007397970602480264,0.012307452203391911,-0.007550239560372596,0.010226071452816843
2015-12-24,0.0,0.007206940922790395,-0.0001777332126930986,-0.0016516684569314322,0.005712989141288816,0.0
2015-12-28,-0.014291410078545841,-0.007597994957112775,-0.0005328777859707756,-0.0022879987886250674,0.0029504638233683878,0.005524727015266073
2015-12-29,0.01652936779466785,-0.000684694084735149,0.015606596855930022,0.010615805452676597,-0.01675326097208707,0.010587587403537047
2015-12-30,-0.009734282030089414,-0.007661355596265018,-0.009052288506037343,-0.007113386764316942,-0.0009992703120431656,-0.0034754620400043734
2015-12-31,0.005253346907151624,0.0003943308023188763,-0.01252621711969848,-0.010053827517734426,0.004488661857760867,-0.008741144504262
2016-01-04,-0.007513220664297382,0.013995827340626654,-0.021323324551713263,-0.014078008456276159,0.007189095799802203,-0.012113810676352976
2016-01-05,-0.00985232002669667,0.00281458831856618,-0.001737173808910697,0.0016901948188117188,-0.004042195029541951,0.01911282820369742
2016-01-06,-0.016123088022877763,0.014337487598989895,-0.009651648339068508,-0.012694303019886277,0.013384991546247171,-0.0027438264650414546
2016-01-07,-0.004654925240020091,0.014040676150810505,-0.03181448644431928,-0.02428405932605937,0.0017932451813091888,-0.019675188032581392
2016-01-08,-0.004676430564091394,-0.004437539422203152,-0.008234576772119695,-0.011037621846193169,0.004468680097660105,-0.013464739797781622
2016-01-11,-0.02772455084624159,-0.008934594646017757,0.0030722853633990965,0.000989635676846845,-0.011004259480791312,0.005664574468234207
2016-01-12,-0.006446577869658743,-0.005072983236858342,0.011530675149031389,0.008035870130393086,0.014321943323936992,-0.0066974843699880715
2016-01-13,-0.005674797026793854,0.004882048039545062,-0.03509780826684672,-0.025257030123287727,0.009809010826889342,-0.014448866848335129
2016-01-14,0.0024359479152553654,-0.016367021706295226,0.021071679956460976,0.016283485930666863,-0.009405330302048043,-0.0023626935264244864
2016-01-15,-0.021312241515774044,0.01023674024483423,-0.03152853751746498,-0.02170003665317477,0.015467483031419427,-0.006857425231279191
2016-01-19,-0.008319463228692037,-0.0009612465570265627,0.0021792218324696577,0.0013305687668614397,-0.0031065908649878793,0.005279316149569446
2016-01-20,-0.007547252754200429,0.013279386437522689,-0.0030722035430228445,-0.012898066525908192,0.010474969085631614,-0.027220358260870547
2016-01-21,0.013378136356147596,0.001138149765659513,0.0009922070477470513,0.005586532028361901,-0.006812134241843459,0.005530849328944321
2016-01-22,0.029462032428091423,-0.004655791285644639,0.028542372689082995,0.020307400488811744,-0.003822091892462076,0.027464480629061594
2016-01-25,-0.022014702932746655,0.010233193541102636,-0.014951455399790703,-0.015231666667617105,0.005410457150952119,-0.0063014603700790595
2016-01-26,0.019592340758712634,0.011341913483231991,0.00895909252585092,0.013550850824453065,0.00047552348416068924,0.020723890586704208
2016-01-27,0.012053285170716688,0.003721294829618138,-0.02523108436137189,-0.010942950317709865,-0.00023765238476336492,-0.01953966160442233
2016-01-28,0.011120070401582804,-0.010736241929349077,0.014019721584420886,0.00519548583620022,0.001426930324286424,-0.007658632193720649
2016-01-29,0.009434061097210567,0.0038408969118526315,0.020667164800546978,0.02408528948916988,0.008441201987195335,0.020337864629229596
2016-02-01,-0.018957972024737035,0.010232704202856269,0.0026851585276990164,-0.0003614539496288316,-0.0030663715626273458,0.0016870954744434563
2016-02-02,-0.017699556217197987,0.0003700683510885483,-0.02188284470446966,-0.018186790794789687,0.018381962775498195,-0.00911840777561812
2016-02-03,0.02485091250460325,0.010674654427774932,-0.004808733600539128,0.0059772668988324895,-0.008327918761634301,0.00665137940623417
2016-02-04,-0.0015847764697629607,0.012009967818587874,-9.835383511802576e-05,0.0015670647408736471,0.004834127679350431,0.0005199476740753717
2016-02-05,-0.006364341089070802,0.0157031357661932,-0.03534406605306728,-0.019233997755923937,0.001165795320535068,-0.019150361464114418
2016-02-08,-0.004799888435506716,0.013354185862516132,-0.015405746849689095,-0.01355262588674222,0.021291646718007762,-0.029022983403665492
2016-02-09,-0.02599669927522319,-0.0021986728524323595,-0.003109545719619078,5.397832717779494e-05,0.0010645093039682862,-0.018576380149822214
2016-02-10,0.0016449122156947382,0.007717958411725512,0.0038338929402970123,-0.0008631238439820166,0.008773670247838261,0.006920765949868013
2016-02-11,0.01224988054926568,0.0394021382372749,-0.0014487085423775525,-0.013093378572555103,0.006978899960634166,-0.014308949230608992
2016-02-12,0.014504685470398293,-0.005896714530816638,0.01511028080974608,0.020407408937981764,-0.01674096675022163,0.01140793116110217
2016-02-16,-0.011263120727647014,-0.030800736245396365,0.022295881526665617,0.016737018909807944,-0.010626612150643311,0.018230571638087056
2016-02-17,0.02081736285036806,0.006167287420776546,0.022395508476296122,0.01620300797876517,-0.006167958682498309,0.008521512045506885
2016-02-18,-0.005562156137838059,0.024041860433202444,-0.01148034353066496,-0.004104219387883745,0.01222149508253878,0.010050108311037143
2016-02-19,-0.008803793868989551,-0.006020275750380222,0.0029561102469868317,-0.0004683988714004883,0.0008398358123899996,0.005717212376434855
2016-02-22,0.015157934918311522,-0.017935040917057776,0.0161051424558325,0.01437516959915719,-0.0005347489364391222,0.009499853926234092
2016-02-23,-0.013551428235722529,0.014868593832169097,-0.016597153596862313,-0.012710004781174788,0.004039245197859032,-0.002629897368719103
2016-02-24,0.012759443324238617,0.0033215495905070114,0.009503760310808573,0.004565308816180114,-0.0019793267439682793,-0.0011854737874665844
2016-02-25,-0.000792791558279049,0.0026323418605178617,0.009800620916158742,0.012038524315967969,0.003575870794700897,0.020226471756620512
2016-02-26,-0.0015872919732595747,-0.0068927436472607795,-0.00125610656343067,-0.002303712691248627,-0.009691572605142085,-0.005180779424195592
2016-02-29,0.012628433315994059,0.012980023419283171,-0.009032030238828703,-0.007873681666941579,0.004361322426990277,-0.003903237313742647
2016-03-01,0.0007841781956980931,-0.007360151335801035,0.03159321705823892,0.023235124092113146,-0.017765450858737708,0.02776863236867433
2016-03-02,0.005470777580383501,0.007697256644730643,0.00037812181148044743,0.004482475843726519,0.004117981665325843,0.007201516506608385
2016-03-03,0.005441010945848923,0.017125877155555358,-0.001891806924343875,0.003911980102471624,0.0036380376016733607,0.005272833845192171
2016-03-04,0.01919450078636009,-0.0015750194994792466,0.00037846106417838143,0.003248122971493572,-0.006433020663771494,0.00012562282567341043
2016-03-07,0.018086457327258998,0.004965240864288845,-0.006170178885445132,0.0007979557592285857,-0.0003109220296586557,0.002625264449164888
2016-03-08,-0.013534125859057777,-0.004633448267751028,-0.008318602270336761,-0.010977652399699167,0.010984050523280331,-0.01029231712375589
2016-03-09,0.015026654026320418,-0.00832782948151145,0.0064127387826662385,0.004927115998877518,-0.006096133524402525,0.005536139563810494
2016-03-10,-0.0014925281672626411,0.015928644015462012,-0.001527860309974649,0.0008022471334072634,-0.004110397378606301,-0.0036454071130052057
2016-03-11,0.0037270679560017506,-0.017351282566945514,0.01733400565857046,0.016008553740372022,-0.010155936287838507,0.02216765046750968
2016-03-14,-0.008968698715690504,-0.012980634673389169,0.001688947272944219,-0.001283468988025227,0.0031359217932447336,0.0001233513208580561
2016-03-15,-0.008292495099369024,0.0007632306454699034,-0.00037483528155402013,-0.0016309844251276573,0.00093879044265055,0.0004921848743997259
2016-03-16,0.017261193815059528,0.022050755561495272,0.008869529326332781,0.005770414977311233,0.002967511756378549,0.01199124902282378
2016-03-17,0.011098990523652041,-0.003821864877364689,-0.0005577773269145325,0.006324340001076401,0.004122952329728591,0.014009746846537219
2016-03-18,-0.0007361013872113631,-0.0027507557147483652,0.0015659712984321672,0.003921737742612841,0.0020946493415712197,-0.004327034527065621
2016-03-21,0.00294107722939696,-0.0070364166993144295,0.0039040049048404413,0.0014181548529803578,-0.00770017727314265,-0.009066445559461567
2016-03-22,0.007315440737462708,0.0029378329691907012,0.0030566458903562577,-0.0005375141053063359,-0.00023498259547061195,0.0
2016-03-23,-0.021363643045657632,-0.022890088658628294,-0.008265278135816345,-0.006621394677465808,0.011261614408603293,-0.005422720459388408
2016-03-24,-0.005974672435492323,-0.0024040431975169696,0.0002796189739617816,-0.00044332594444274065,0.0003858074940819023,0.00037066812982855524
2016-03-28,0.002991840421847858,0.0023182652611009047,-0.0013993366143232322,0.0005905850774547972,0.0013112769639143096,0.00897773461254614
2016-03-29,-0.0022429774068157826,0.01835540705340133,0.01593052890125879,0.009207631170559338,0.010430791726610877,0.021438282932361385
2016-03-30,-0.003749511913078152,-0.014076410310244647,0.004858004191772736,0.004378160582549917,-0.01058506738249676,-0.0019191805529752415
2016-03-31,-0.0015038349940734719,0.004600850924386002,-0.0014639559507489963,-0.0024296525501039667,0.007068964284733248,0.0061045866992239795
2016-04-01,-0.017457638262917907,-0.006053640735366628,0.010566649141763307,0.006788641347009516,0.0026054595745987896,-0.0013136947216425554
2016-04-04,-0.013878576587613267,-0.006692995408569047,-0.0038130662128370574,-0.0032427952900748735,0.0006114880174949988,-0.0014346879346804897
2016-04-05,-0.0023318070338937957,0.012916668207256343,-0.009688165939170545,-0.01003823153274297,0.010876752199392214,-0.006603089049691313
2016-04-06,0.010835951222511575,-0.00613813693586529,0.016306150743837122,0.010861693147810492,-0.0072882879275688595,0.0024061397778663007
2016-04-07,-0.003084023224745547,0.0141798015621033,-0.01447107438840689,-0.012037888157988341,0.012268808286979294,-0.0062680601548308346
2016-04-08,0.023656220129513184,-0.0015187338768045677,-0.0007336264910318135,0.0026930573721362094,-0.00634234149746149,0.005546750238010212
2016-04-11,0.007513220664297382,0.013419630057020626,-0.00367675576131532,-0.0023498502090850693,-0.001288910065165183,-0.0020463230884324446
2016-04-12,0.02147421898641344,0.00016664672071531328,0.008344561042019194,0.00926956739046414,-0.00692654912948143,0.007203851326679889
2016-04-13,0.00511523347970444,-0.010719526565990734,0.01270338164743201,0.010050068274933821,0.003507247182780837,-0.004436218321426821
2016-04-14,-0.008049837349428213,-0.014075152256168622,8.994982882537528e-05,4.865090268690864e-05,-0.004806719049475383,-0.005542739650103101
2016-04-15,-0.0036805941122444175,0.0068927436472607795,-0.0025272157425932917,-0.0011065707659279056,0.008528813412710612,0.00746353287415058
2016-04-18,0.004414990724209922,-0.0015276274565971804,0.005318140658931547,0.007002175939067712,-0.004331577955793087,0.004785801029779435
2016-04-19,0.02106873790185837,0.015506833308651657,-0.0061321069443245335,0.003149264135668517,-0.003126361269434774,0.0004774866309285031
2016-04-20,0.01922463492312909,-0.005114248016109713,0.0008139662853929863,0.000952455990049117,-0.011061916532912441,-0.017086308756785407
2016-04-21,-0.004240421773100245,0.0037753050369175867,9.016931796068661e-05,-0.00539305656349498,-0.005966247429913807,-0.018001007845529937
2016-04-22,-0.004258238861645225,-0.012894694659209449,-0.015207844362994827,0.0,-0.002567267010468832,0.010814724886825555
2016-04-25,-0.0007114860916481724,0.0028799271415289596,0.0,-0.0017239771747741273,-0.004137602652210859,0.008277851333795994
2016-04-26,0.012729856821111163,0.003967367637515373,-0.0048751361458032605,0.0014847470740049218,-0.00454745791330069,0.0038718022754515857
2016-04-27,0.009094174096164753,0.0028603028699203392,-0.00805452983813204,0.0020560614411300193,0.009931012155951713,-0.0006038824286163091
2016-04-28,0.005555613582003183,0.018724801093336296,-0.012157473682845144,-0.009117346482917732,0.004115511889565049,-0.0020565696943988243
2016-04-29,0.00964861047539678,0.019270626438691707,-0.005282908726808699,-0.005413266031879971,0.002553399960185665,-0.009244505826373484
2016-05-02,-0.013812287127631162,-0.003321349913170124,0.009414477724784653,0.0079167128494948,-0.010119332543919946,0.015400812385321316
2016-05-03,-0.015417324633058449,-0.0022745646099542327,-0.009319802148101353,-0.00874114503832324,0.012517678982774783,0.0015635944853062966
2016-05-04,0.0007059609956909796,-0.006118222826126285,-0.006452280408868916,-0.005593723530686212,0.005470416777842324,0.014195852513060103
2016-05-05,-0.009929096833539486,-0.0011462207767793942,-0.0002855803671550916,-0.00019526984127260505,0.006662623319242833,0.0028393029507247647
2016-05-06,0.0063942175771556364,0.009052054554673283,0.005318027434424444,0.0036525067457509053,-0.004283130239964628,0.010924823559855135
2016-05-09,-0.022199124766851153,-0.020752898018182364,0.0028374987626520465,0.0008261072752100418,0.003137267824556922,0.010922885187481413
2016-05-10,0.02432166301786065,0.0027314657084138716,0.013601621717620027,0.012357227663007286,7.664350432445843e-05,-0.00011559566764507423
2016-05-11,0.023053539621958663,0.00937891993091533,-0.009078658922684113,-0.009398750261267352,0.0056388129561693034,-0.02161445098151571
2016-05-12,0.0013804095698941588,-0.007892173973086614,-0.004428507703577722,0.00029041550152797413,-0.004569594045086056,0.005770856421968951
2016-05-13,-0.0013804095698941588,0.0045291419798267896,-0.003689987137744488,-0.008752530165330619,0.009647160442495029,-0.008964670054488089
2016-05-16,0.010989362519150614,0.00073922196701659,0.012434237038886131,0.009817304589054388,-0.008655022068654539,0.00943401791041687
2016-05-17,0.0074855265594950815,0.0034423291232430486,-0.012623776887759064,-0.009377528651408618,0.001676188160562475,-0.01871856473887412
2016-05-18,-0.0074855265594950815,-0.017497993073654072,0.0035959026215310885,0.000292490716076621,-0.014337846833138101,-0.015790037871542317
2016-05-19,-0.0027360395596685017,-0.0019168712488530915,-0.005209105156720462,-0.0034706627598737327,0.004315283721187946,-0.011240456755417405
2016-05-20,0.004101141814556453,-0.001335701516612886,0.010954914724561782,0.006297205412914231,0.0007682911303161788,0.007954501857786234
2016-05-23,-0.005472012625624245,-0.0028442074994741162,-0.0013157400388372764,-0.0013632650423174297,0.00222538073265266,0.00012204716489527812
2016-05-24,0.0,-0.01749315443980759,0.01983403902930192,0.01287905826287794,-0.004455802927813224,0.01235488661472317
2016-05-25,0.011592436930231376,-0.002731772964595258,0.007165864007505185,0.006759904992526877,-0.0037810343351898368,0.0
2016-05-26,-0.0006782682464283596,-0.0034252603876989696,0.002924926660729632,0.0002870744471197284,0.005165804691578124,0.0019246018885707983
2016-05-27,0.004062344786320171,-0.008268772914245659,0.005189185971868682,0.004289661726633476,-0.001462166161738665,0.005391595255367143
2016-05-31,-0.006099684136124051,0.003798302317156832,0.001905209887364201,-0.0019046358469525515,0.0023846458248746316,-0.00011939613470257626
2016-06-01,0.010145441202807248,-0.0010344407576532433,9.041447240942801e-05,0.0020473138534224944,0.004049095213983556,0.0008362253592588687
2016-06-02,0.002016870622261635,-0.0023315434917616784,0.0020823951468695867,0.003039356443195196,0.00718171590048744,0.0051217613847001076
2016-06-03,0.006693498723448599,0.02737326438830756,-0.004713772809319394,-0.0029918301747535736,0.0141350989137905,0.004031265568046116
2016-06-06,0.011936554959953938,0.0003364248669015524,0.0036276983827967513,0.005075626672786271,-0.007458176166077912,-0.007720976428592152
2016-06-07,0.009839308339098185,-0.000841242373323503,-0.0025381254261240827,0.0015601090694481456,0.0024167389197140565,0.006063218653714841
2016-06-08,0.01682877045713882,0.014703707887444573,0.0017230547865914048,0.003254371896619368,0.005341906264352048,0.006379988003057946
2016-06-09,-0.0019273172628961888,0.005541081570940243,-0.0016322858058606116,-0.0013662766197652942,0.006432230985860876,0.002234784009389479
2016-06-10,-0.012293906277401234,0.004033075700703215,-0.011408578790591761,-0.00952270016714607,0.004834656165627393,-0.0047115288636909725
2016-06-13,0.0,0.007365624068488508,-0.008388555014643195,-0.00774171389538747,0.004441113307600553,0.00023661770137106686
2016-06-14,-0.0065316604755230045,0.0010594292626908697,0.0,-0.001968782784340206,-0.0007385054951951631,-0.0026004619443540378
2016-06-15,-0.005256294695973107,0.007384928457099704,-0.0028736387877659197,-0.0013949929420489227,0.0038365224558694067,0.00942310748205255
2016-06-16,-0.017276218331271576,-0.010566651715243403,0.0029662900304572304,0.0029796448040428913,0.004847732229343649,0.005611228481174457
2016-06-17,0.0231874544944346,0.012747298268990015,-0.011790478321454856,-0.003731214677885397,-0.006247798154408457,-0.0016332609590561376
2016-06-20,0.009126546927604284,-0.005988024654369539,0.006272081418762454,0.006419364560836804,-0.010749796861640348,0.001400101220263572
2016-06-21,-0.007817580558594273,-0.019422882992921053,0.0031675934307306974,0.0028349591654368567,-0.004632089883897628,0.0038044759381312687
2016-06-22,-0.005903554958403223,0.0004964440287160699,-0.002421526625512982,-0.0016328143504722448,0.0016455136480075794,-0.0015245805601313833
2016-06-23,0.007863760680884901,-0.00655577559374354,0.014166221032303028,0.012938845005986188,-0.011504147019217648,0.005034838263354935
2016-06-24,-0.020442538190774684,0.0478739123034746,-0.04206006820069952,-0.03657005937109403,0.026492863576131676,-0.008915897285763918
2016-06-27,-0.0020006549139837126,0.005382317127989644,-0.020047909838555533,-0.018072013530046505,0.024660431859077292,0.0007065133999342166
2016-06-28,0.015894422830662336,-0.010793760430648724,0.021676623556561303,0.017875268617563833,0.002081894934228501,0.020859909724563863
2016-06-29,0.01435110134388573,0.004140765999888885,0.017555136703742313,0.016884517788141373,-0.007702042676271503,0.012036447162319774
2016-06-30,-0.005846033724765665,0.004993905895293693,0.011503750715275984,0.013553088590238183,0.0036785534128895847,0.010315664835066407
2016-07-01,0.01230179363624595,0.01522316281806102,0.00500871835768546,0.0020983431870487124,0.013788799612357572,0.00033820415198348996
2016-07-05,-0.028722493918464487,0.00822090513695617,-0.006125664078298065,-0.007219135540916355,0.01244265985522297,0.01098803749180366
2016-07-06,0.003965462446285262,0.005852881673551913,0.008158914629583514,0.005979916376350758,0.0016147652693883074,-0.004358050662655266
2016-07-07,-0.028773969453215198,-0.003769595047874219,0.0029505807962078023,-0.0006203996644451593,-7.015607390847833e-05,-0.010357116001416422
2016-07-08,0.010131734856355212,0.005994014334570252,0.015348553050526625,0.01478059136452714,0.007338871112448686,0.016052458441589756
2016-07-11,-0.004040460178042604,-0.009468613121549119,0.005695363954759891,0.003520858289110862,-0.008812860931610267,0.006659262610271277
2016-07-12,0.018717232328617328,-0.01669038746896856,0.00503541658429274,0.007236948139797583,-0.016576601004077318,-0.0001107275727996182
2016-07-13,-0.012662685438978194,0.009159697327218552,-0.0024246656415414236,-0.00013951600968908906,0.011717230502302556,0.005516173024719961
2016-07-14,0.004016044486905734,-0.007745045230236336,0.006809978696461272,0.0055680829244835195,-0.014650277268381195,-0.008951549572910444
2016-07-15,-0.002675570124258453,-0.003855735167466179,-0.0016087631940209235,-0.0013427410427651054,-0.008633702678502608,0.00033309996082575566
2016-07-18,-0.004699618631236913,0.0015755839071678324,0.006597446043091537,0.00268368154940557,-0.000939992427896108,0.0026598713137060415
2016-07-19,-0.006074828444277536,0.0013372522657109087,-0.0036499967612115825,-0.0010173234044188462,0.005625583786529553,0.004858037602686771
2016-07-20,-0.006793614964794692,-0.014410381636322356,0.011615180244910484,0.0041541999985499345,-0.005480850226622813,0.00011011483464429261
2016-07-21,-0.00546819546882471,0.015117654201499242,-0.002294583720668264,-0.003784136928273618,0.0020237088525130176,0.001980370403600773
2016-07-22,-0.0020583068626360834,-0.007490707778721628,0.004144092993949577,0.004475213693424074,0.0017297007552992127,0.008754833525816075
2016-07-25,-0.011049844794830843,-0.006989125856946998,8.79797536352811e-05,-0.0027195505890462712,-0.0007199262910750903,-0.0018541977683819155
2016-07-26,-0.004175423852347038,0.0042152110508260066,0.0011431048270411637,0.0004613481706794431,0.0015853649076831289,-0.004924117261938754
2016-07-27,-0.009810809295910161,0.015982694972101363,0.006918811052501361,-0.0010614770807615415,0.012375134870697302,-0.00781889333926511
2016-07-28,-0.0028208586138749325,-0.002894093409240739,0.0034846294900692243,0.0011537872892413148,-0.0018498275164358091,0.009243887670897344
2016-07-29,0.008438894753823423,0.010286811942904706,0.002172142435061808,0.001613184515864674,0.008298943161626049,0.012626618214060414
2016-08-01,-0.01766203059167193,0.001859067119480251,0.005279660749876847,-0.0008293457451200581,-0.010900423074947874,0.0021613937946707296
2016-08-02,-0.001426605213780352,0.008092864929715837,-0.007625821250046627,-0.0064277541735950905,-0.01035683283777633,-0.016103151803584126
2016-08-03,0.016283523413946455,-0.004770787598633142,0.0033002545260130134,0.0029182944082997153,0.0005784086984794712,-0.005830538005803021
2016-08-04,0.00420476279034343,0.0016954476164983134,0.0028569738029897707,0.00106355984515627,0.00748577202012779,-0.004090509879604021
2016-08-05,0.004186842550628622,-0.01802544401051165,0.009550375447606285,0.008145633007815789,-0.010452700238181123,0.0006648131775115473
2016-08-08,0.005555613582003183,-0.0008627837547008355,-0.0011135406162461337,-0.0005960013880264015,0.0018821282052083887,0.001769653795632209
2016-08-09,-0.0027739095231607003,0.0040720231674322704,0.002311718890699588,0.0005960013880264015,0.009788335748498689,0.005400207879988628
2016-08-10,-0.011875878155007236,0.00467799451232942,-0.0025689846339602695,-0.002478237170833175,0.00386049071434158,-0.0010997631634843685
2016-08-11,0.015342142511033163,-0.006946906948685161,0.004278261114689208,0.004629901357291466,-0.008957711825003045,-0.011398306587939722
2016-08-12,0.0075835804388049155,-0.0021170403750341293,0.0006827119946093418,-0.0008693759388505029,0.008387318708948932,0.004220401342981184
2016-08-15,0.016349188673849824,0.003447698256792364,0.004257064872212446,0.0028798049148166527,-0.009467630165063134,-0.0009976737913852674
2016-08-16,0.008075363125519264,0.004915970173445139,-0.0055375935653732,-0.005170584013989732,-0.0026707743590668187,-0.012054131450771166
2016-08-17,0.004013433481167894,0.00023348078990270693,0.001792239556240638,0.0018789818106341727,0.005979777241343243,0.0040342946098865795
2016-08-18,0.012603884765660212,0.004735854578728826,0.00025586183433290444,0.002241304517716536,0.0015792482534662255,-0.0036971893123487476
2016-08-19,-0.0033015506715958765,-0.008868887925520319,-0.00025586183433290444,-0.0014633707048625766,-0.00524905063761949,-0.006418748486216153
2016-08-22,-0.009302334094064335,-0.0014858453674486682,0.000767319518317322,-4.5739242064968266e-05,0.008399507999429012,0.005407856104103104
2016-08-23,0.003997315198428275,-0.00015650499362607206,0.0017878012678567146,0.002011531851962012,0.001071378547933044,0.0005615844421553717
2016-08-24,-0.012040354738432235,-0.0111768641429979,-0.006485552151521468,-0.005127787563113273,-0.0023590550802978782,-0.004389014022015303
2016-08-25,0.004029606058836066,-0.000870990125855009,-0.001628209537333447,-0.0006887295359696566,-0.0038008394402755385,0.004501216664435148
2016-08-26,-0.0033566614851947563,-0.001426988513934191,0.0014567632898092597,-0.001885346938249377,-0.005837324851519554,-0.009929995631055455
2016-08-29,-0.00404333456858863,0.001981375674593444,0.001369349322575708,0.004912198704463577,0.013282079488757148,0.00981779298863561
2016-08-30,-0.009498053414124907,-0.010106354775587967,-0.0032550261003221337,-0.0016497845450862414,-0.003858821610450036,-0.0019107135232845351
2016-08-31,-0.019271028453999417,-0.0020015218438294013,-0.001029764406348832,-0.0028482408546937066,0.0014307083507700824,0.0010123201762732847
2016-09-01,-0.011181196827299456,0.004078880664930118,0.0025730908120742413,4.5981201771461144e-05,0.0011032141784728111,-0.0024762371136706207
2016-09-02,0.011181196827299456,0.01016445482850692,0.003249805127203409,0.004497983108126213,-0.008190472669763693,0.008638710281439366
2016-09-06,0.006925270002584583,0.016766351430797855,0.006213377364645112,0.003017906295789352,0.007259619095619563,0.007678294809374542
2016-09-07,0.008931719075222944,-0.003424413203932275,0.000594037236241185,-9.143946664647018e-05,-0.0007165980059333776,0.005968048323968134
2016-09-08,0.01762754034225722,-0.005315481388614707,-0.005868709827921315,-0.0022856750398574377,-0.012619928826680393,-0.01230691593917399
2016-09-09,-0.015577672156744438,-0.0066053267601926535,-0.02548646467996729,-0.024225859469414246,-0.016612280288947012,-0.040408399594308975
2016-09-12,0.0,-0.0012631537514558033,0.017779787530638025,0.014245076108680976,0.0005161344091124676,0.011778546776132437
2016-09-13,-0.013054113780287313,-0.006657679739988431,-0.008980681558675485,-0.014479602590962593,-0.011422434580791396,-0.025426726170811875
2016-09-14,-0.007636304696100105,0.003413652381389909,0.0047594166532949345,-0.00037534000661310074,0.0014910146859890006,0.0031960669040405065
2016-09-15,0.004866237350187763,-0.006440074325495537,0.01541928622773181,0.00994327805400097,-0.004329569905755726,0.0037752544954781087
2016-09-16,0.0013859147137478267,-0.002475784418470184,-0.0004774454396567762,-0.003872729816521314,0.008047409357422097,0.0004705168449392616
2016-09-19,-0.000692600003687982,0.002076861031546251,-0.004357789374217269,0.0001875122447030364,-0.0032710881171933437,0.009021183199916294
2016-09-20,0.0034587583306704417,0.0009571124160192568,0.0018823078578851238,4.6851689647908756e-05,0.003492987677669923,-0.0015172095725759505
2016-09-21,0.012354464774038565,0.014483211562644982,0.009780951517303293,0.011182717996037539,0.00805518847455211,0.012766859068197967
2016-09-22,0.005442156058178771,0.002354443530493633,0.007924462553187794,0.00628138580194193,0.00791732639655951,0.01771808720082646
2016-09-23,-0.011600193334999176,0.0006269244831305087,-0.006402245842073384,-0.005494257743784203,-0.0009499571013069641,0.0030543326002119286
2016-09-26,0.006839851778930317,-0.0007836871273143586,-0.008401534176817549,-0.008135125397921605,0.006338900347827803,0.0023691520622044493
2016-09-27,-0.00958913219518065,-0.00731797170627857,0.009837337901951848,0.006188755500610377,0.0073084880207439085,-0.01064899241241335
2016-09-28,0.023130520177894187,-0.003164070980187006,0.0016862790002862837,0.004951317258269583,-0.002165568752500846,0.008166850133348724
2016-09-29,0.0060340978799984235,-0.0011891200048346207,-0.007271427297140143,-0.009088642184363671,0.002525739110296854,-0.01341974283080738
2016-09-30,0.0033366520003479394,-0.00341663600998654,0.007440022561661763,0.007518000633774946,-0.008977087014773844,-0.006893550780042723
2016-10-03,0.00862354815952493,-0.0025502061636872853,-0.001433072255717427,-0.00240718241318838,-0.003305790315884849,-0.01885335823835721
2016-10-04,-0.0026454129059447773,-0.03532787258610437,-0.0015193206105301726,-0.005110818220586566,-0.01176379430037322,-0.013721375140713477
2016-10-05,0.005942460903518576,-0.0015718922897907106,0.003541703303235444,0.004415503543277133,-0.004670061078958732,-0.020455273910299
2016-10-06,0.0019731717595798948,-0.009316280206748573,-0.0005051608439661237,0.0006953146773094332,-0.005588569536733701,0.00036458349067913787
2016-10-07,-0.0026316379805586543,0.0006682890904556871,-0.0021922593312435623,-0.003435250931132394,0.0006718475933258361,-0.001702893631200908
2016-10-10,0.01113670559967872,0.0035015108361351466,0.0063107698629618625,0.0051948014169642676,-0.005915838381847394,0.006189186886138565
2016-10-11,-0.005880410903705613,-0.005089499061391223,-0.01436180872539694,-0.012709920968757338,-0.002256756311166619,-0.00972581204912526
2016-10-12,-0.007234596657531789,0.0015879882252560762,-0.0008513886538805693,0.0013111460501189498,0.0009786110326901465,0.011417935509762778
2016-10-13,0.006579004054447335,0.002418993710638695,-0.003583308963822418,-0.0032808849075660618,0.003753060282712717,0.007819343251392219
2016-10-14,0.0006555926030844539,-0.005597559798284024,0.0011959331899360492,0.0005162153076225806,-0.014110301856967489,-0.004443458655190469
2016-10-17,0.0013096757375965495,0.0026773752071127532,-0.002735396893174702,-0.00347811751350946,0.00636329638061639,0.002164233021090922
2016-10-18,0.0019614136353220957,0.00616410005463397,0.008862905323044679,0.006242787113452941,0.003241624791840536,0.006345570202620721
2016-10-19,0.006510399021875557,0.005713611741873237,-8.490919064030322e-05,0.0026634769681264103,0.0008271284059571116,0.002145712413146761
2016-10-20,-0.009126546927604284,-0.0030597728971404337,-0.0011888627224632131,-0.0018682470383799554,0.0010526124381451396,-0.0022653637385730008
2016-10-21,0.003921696532142249,0.0007451585177253861,0.003731281810600784,0.000467472375593303,0.0015014788504119636,-0.003707335912670473
2016-10-24,0.0006520989301450619,-0.002237080125500057,0.011946997587581443,0.0042434800549742135,-0.004360643291464683,0.00227417215332526
2016-10-25,-0.004573795462287311,0.007519794693909176,-0.0031832855479478894,-0.0033559590408973605,0.002634053809777548,-0.0017946176811935999
2016-10-26,-0.006570136247606495,-0.005613820564916772,-0.006818742918795806,-0.002009955484344239,-0.006785808530628934,-0.013138571929013132
2016-10-27,0.005915194780416577,0.0018196962666161554,-0.004572096981442897,-0.002670298565818463,-0.010954329512049554,-0.026556578515355422
2016-10-28,-0.006574826932227662,0.004699292917769604,-0.006299658634286942,-0.0029598435077273777,-0.00222018897479348,0.0023643894072939986
2016-10-31,-0.013280249700213353,0.002956643119974345,-0.0009398377743696784,4.729504224787462e-05,0.006113639785306546,0.01615247593980529
2016-11-01,0.004668201719689513,0.006457707460557849,-0.007550319984614973,-0.007271990561342534,7.616533055010422e-05,-0.02201129071660546
2016-11-02,-0.01204826210007548,0.007387264365792845,-0.008041860421770686,-0.006036674670162334,0.004341465388323584,-0.014736998675051627
2016-11-03,-0.0033727391399369644,0.005323910740822946,-0.009859144491083605,-0.0045875879198646885,-0.007705766655948132,-0.007770290461187823
2016-11-04,-0.006779874159889232,0.0007237632468992672,-0.0035134839725055045,-0.0011025463032323657,0.008921015260217047,0.007897272514906906
2016-11-07,0.004073529706002166,-0.018171976119520927,0.0234793972409717,0.021817699663199797,-0.008538378575526195,0.017356478244176632
2016-11-08,-0.001356000332433105,-0.004183952404119395,0.006511050600658486,0.004493910375374277,-0.004065668412651213,0.005223476852201259
2016-11-09,0.0047377118580560484,-0.0006579098268435501,0.004600183731607643,0.010545839041824934,-0.0433584154550779,-0.01524869104289861
2016-11-10,-0.008135663862952391,-0.015001711673606977,-0.01628166292984723,0.0024923802262550865,-0.01488099055869263,-0.01689215641282038
2016-11-11,-0.0192444593162433,-0.022377978717916136,0.0004321732970158365,-0.00230739377849698,-0.005637869952778374,0.0060022256574323585
2016-11-14,-0.0020840444902945343,-0.008490234677527297,-0.010155015417480762,0.0007851113918313501,-0.005999535027788383,0.023405998066118094
2016-11-15,0.022008926437865117,0.008661050768427714,0.01377560039422221,0.007772570472599938,0.004933863697937468,-0.00836805541440322
2016-11-16,-0.01232025291058303,-0.0029929143246398837,0.00591931909669885,-0.001880199322905618,0.008982673721378731,-0.0028891905716643684
2016-11-17,0.0020638160311210463,-0.00515153957584058,0.007244153281090071,0.00512774058952381,-0.014823791777731188,-0.010240679670993735
2016-11-18,0.008213624696962185,-0.008818980245607122,-0.00374331429480268,-0.0022402028239252303,-0.0028920784613166717,0.002918172865471025
2016-11-21,0.027564825494382994,0.003727307214024478,0.010345093215531342,0.0075230689050549415,0.002479282406909533,-0.0030454362827359027
2016-11-22,-0.001327056961518469,-0.00034614845492697555,0.0030325375719710834,0.0019514895233436746,-0.00033007804819984443,0.01738723678356635
2016-11-23,0.003976048510275998,-0.020019033913875717,-0.004045522324017448,0.0005437292845247299,-0.0038883251210846126,-0.004255635758884768
2016-11-25,-0.0073016791800806224,-0.005667237234161959,0.0032038821335156342,0.0037087049139632455,0.0014912276142551306,0.005753687345698033
2016-11-28,0.0033256306698046245,0.010512021380100656,-0.0022753194667632926,-0.0047059969244420685,0.0073387597572800445,0.004603942412858331
2016-11-29,-0.02012142664436256,-0.00466822893302421,0.00345321178519864,0.0019481679615038772,0.0041821345673929144,0.009513920751808236
2016-11-30,0.030032321919468252,-0.01351008608237958,-0.012181044420594311,-0.0024019364999574577,-0.01633314735593494,-0.011502448949735733
2016-12-01,0.01824143286685187,-0.001880954324207984,-0.017427475961392602,-0.0036822244795899906,-0.010615085347298603,-0.01478713277072341
2016-12-02,0.007076287975510187,0.005364806083291818,0.0019900658539260263,0.0005009586934772159,0.007300733901392853,0.009924115575666193
2016-12-05,0.0051151405106488745,-0.005364806083291818,0.007748284125381311,0.005990639788547192,-0.001087320053509977,0.007347990320722975
2016-12-06,-0.004474396531790603,-0.0009866853717861446,0.002398698790394782,0.0031623753442149294,-0.0007534532055464283,0.006431733875087886
2016-12-07,-0.0077170319543684585,0.003583283615967936,0.012582957533260775,0.01299619438869648,0.008507653935740933,0.019775945531074868
2016-12-08,0.001934920902440851,-0.0023276835438492682,0.0017726727475286808,0.0024456034900941503,-0.01186422969501244,0.006866180203309646
2016-12-09,0.005141367073069336,-0.010542046205441302,0.007812834407835645,0.006022268206981707,-0.012516997397220564,-0.0010810791752220439
2016-12-12,0.006389829878000519,0.0037971130210445736,-0.004529080797050611,-0.0011485374653723568,0.0018707936278712367,0.006588303950985086
2016-12-13,0.002544442901074362,-0.0033443584495005396,0.01253059772971099,0.006651962326540861,0.0035613712016377974,-0.00047745001309706936
2016-12-14,-0.009575427574021411,-0.014775853703028474,-0.002077830793022706,-0.008288472607516084,-0.011236533202260368,-0.02210134180012613
2016-12-15,-0.0012837614934317898,-0.013785715901107665,0.0015795395869728779,0.004108464846261484,0.0050381074341148135,-0.005878971716016146
2016-12-16,0.004485793185105447,0.006592778565066126,-0.003713843662946914,-0.0019575162588143513,-0.002302141191290019,0.014874646718168627
2016-12-19,-0.0057711322989821845,0.004985177307786692,0.004088634887494003,0.0021747729891954393,0.010698552019946739,0.010713170663393612
2016-12-20,0.00449147750336687,-0.00739439021746513,0.0038232461550675723,0.0038503710976787175,-0.004994942663338442,0.0022728793441153528
2016-12-21,-0.005778543475536857,0.0005564603998493567,-0.0007469285031165285,-0.0027864556277901187,0.00440401362226428,-0.01528778366932837
2016-12-22,-0.0012885791883303632,-0.002413686118826419,-0.002826422024897468,-0.0017291136010859631,-0.0017896277249818127,-0.001673309503302356
2016-12-23,0.0019322829475276748,0.003155199096608996,0.0006656998463432373,0.0014632604575961494,0.0020350379960332177,0.0026014368593898496
2016-12-27,0.01532608998696361,0.005820121372821063,0.005144623476893706,0.0024777686331951543,-0.0032240517520367717,0.0021013526133799587
2016-12-28,0.0006335088206177453,0.002759665575200465,-0.007810560755072693,-0.00829885045229517,0.007281914012722268,-0.006068439680966264
2016-12-29,0.0012658149107105388,0.013050610006335894,-0.001418812279217363,-0.0002227736689164317,0.0035368363911469913,0.012345861886814191
2016-12-30,0.0018956519246366987,-0.0061846518231218894,-0.010327990396654663,-0.0036615857111339523,0.001512696201020347,0.012558567431808498
2017-01-03,-0.012067537474016454,0.007815385138246533,0.008906958156572387,0.0076208300313052035,0.004272058136773893,0.0032662934680462996
2017-01-04,0.007638579879817087,0.003524147562994351,0.0054226358328639535,0.005931447349010632,0.00383716425078795,0.014507965763023378
2017-01-05,0.005060067577390637,0.015395946803090865,0.005641666942348245,-0.0007945274098855037,0.015532026189533532,0.0032089735544920117
2017-01-06,-0.0012626185177357918,-0.007399862806678037,0.008731472743546576,0.0035711924155990005,-0.009224047226894072,0.00011826310583451516
2017-01-09,-0.015277094288102866,0.008198942430912126,0.0032753450245319726,-0.0033060711508046126,0.007994021175107946,-0.009057416267030938
2017-01-10,-0.004500212278122806,0.004251209640408149,0.0022044589310468155,0.0,-0.0006565729302057122,-0.008535847936913754
2017-01-11,0.010893911582525728,0.0030884513564588545,0.002688233577978316,0.002822138802652141,0.00336174717722848,-0.00617726143182562
2017-01-12,0.014552736912540887,0.0036058581395099765,-0.0015468138599192827,-0.002513284491655554,-0.0022129658773986094,0.005089745126272582
2017-01-13,-0.0018861879616962618,0.002630155985372973,0.0034161327546708975,0.0022929256429344846,-0.004769674348657382,-0.001451351996641037
2017-01-17,-0.0006296628195809895,0.014257386660884386,-0.003008774737315534,-0.003529777113560506,0.01041455796736468,0.007717023120188848
2017-01-18,-0.008855157861645147,-0.008495159639561045,0.0020339081559814787,0.0022076191823279245,-0.0128904785829409,0.0016803550461492733
2017-01-19,-0.003181728269618489,-0.000870981624312428,-0.0004877899092612381,-0.00371146336693684,-0.00688302299100485,-0.010245436189459056
2017-01-20,0.011407110902822204,0.002436746563514447,0.0021932822205155134,0.0036674681151351862,-0.0019986847264457097,0.0072429653987517995
2017-01-23,0.0,0.00641137052410734,0.000810917087677332,-0.002605654850043493,0.009955279731661548,0.008384186465692167
2017-01-24,0.0025172210064807743,-0.00450104004040508,0.006706347705788929,0.006391376075006505,-0.006875280218440416,0.000238608540337637
2017-01-25,-0.006305080315695211,-0.008275642538443151,0.01001561653005556,0.008618049337209222,-0.01263020217085753,-0.006580285374383266
2017-01-26,0.004417634537655868,-0.009315451405169206,0.0010358962900927082,-0.001045986790369824,0.0033613462929453775,-0.0019219615790531108
2017-01-27,-0.008219967917355131,0.0020286289430195836,0.001909644066423688,-0.0015708410042343246,0.003601100729436979,-0.00978960724114497
2017-01-30,-0.005730638487072337,0.004220558088409376,-0.007820672124070782,-0.0062210183875164304,-0.0030141735666884273,-0.00682417965755544
2017-01-31,0.005730638487072337,0.013768096552716713,-0.0020049396230366057,-8.783881707330465e-05,0.006935023376255067,0.007188556226011222
2017-02-01,0.010735818698632382,-0.00303364136026385,0.006880071390590992,0.00039513608630858954,-0.0062019948725291485,-0.012091630917116625
2017-02-02,0.0,0.005540175253054613,-0.0008774663818522654,0.0006589653766493342,-0.00042032554392612553,0.01184883959941363
2017-02-03,-0.0006284050032379085,0.002500332582847875,0.0028685434964721424,0.006869404187366257,-0.00041966529568515654,0.005449496644956753
2017-02-06,-0.006305080315695211,0.013428758731216739,0.0011928883087710673,-0.0017894763473034203,0.006031911452293315,-0.0016917383121208829
2017-02-07,-0.004437523323989279,-0.0020411460379587965,0.003649093847422513,4.365179459497881e-05,0.00732391706787805,-0.003514967015132875
2017-02-08,0.0038048161545440884,0.006195677380773645,0.0016615101880743666,0.0013095188081351239,0.013506998938726866,0.007860492927630247
2017-02-09,0.005050341707101058,-0.007644011341684909,0.003629673258845223,0.005915235332341062,-0.011602408944423992,0.00240564864808146
2017-02-10,0.010648398581171392,0.0026395141502790764,0.0033027715103379762,0.003938631234994716,-0.0005792523996754895,0.007065333186591083
2017-02-13,-0.011278173809612824,-0.006825925967175905,0.005636366544068849,0.005427560514972285,-0.003151976880925389,0.00035739432348513844
2017-02-14,0.001259438048022421,0.0011123712399383479,0.003350931212468211,0.003987360551753305,-0.007253010603028187,-0.005261462858175747
2017-02-15,0.0012577829584583533,0.0044372173593298925,0.0058956916944890025,0.005206843304466524,-0.004612874996441363,-0.0033633324006787646
2017-02-16,-0.006305080315695211,0.005349691237603871,-0.00030942457875049456,-0.0008516087777792336,0.0054495328708981106,0.005877851656358679
2017-02-17,-0.001899323731328284,-0.003393297472611856,0.004323631478781564,0.0015748989205377484,0.005918133067290832,0.0019116613934446747
2017-02-21,-0.0012683660645600447,0.000594654010076745,0.004917958493686925,0.005937732047790689,-0.0017467212827071421,0.012692218134560562
2017-02-22,-0.005088965796526956,0.001357919750568648,0.0003831618489975597,-0.0008884715505441676,0.0016635225539687326,-0.0033056311844736896
2017-02-23,0.0031836103130880034,0.008697532157720289,-0.003761744578965498,0.0006767881787714813,0.0029880780671867058,0.005189863446904752
2017-02-24,-0.0019089209457363587,0.006369402264058799,0.0019211274153212443,0.0012682310829763566,0.011043073224309197,0.004694880172165128
2017-02-27,-0.0025510056417079596,-0.004857175635851085,0.0012275999439070873,0.0015614714745266767,-0.005918036494562351,0.005255638945632413
2017-02-28,0.0038240004870941924,0.0009230175401251373,-0.0030718613917040116,-0.002702537296182861,0.0037027114246512838,-0.0068966061836430725
2017-03-01,0.004443156468966869,-0.001426881753584297,0.010862219338225287,0.013900198206139969,-0.016898341540056983,-0.003053912934154468
2017-03-02,-0.015959598807581354,-0.012508578672614235,-0.0050340821103089795,-0.00631712569694276,-0.003605745434200003,-0.005426496494449928
2017-03-03,0.005134839716339545,-0.0005955140219633392,0.00183342979228307,0.0006291489290290997,0.0026007283399929193,-0.003911339484954368
2017-03-06,-0.001281222101111812,-0.006745539852068383,-0.0022157089474728053,-0.002982280211830002,-0.00478683659807988,-0.004522295918954811
2017-03-07,-0.004497321374425045,-0.008086086565358919,-0.001684464395974139,-0.002991200817469064,-0.003035560269066373,-0.004783083677099675
2017-03-08,-0.02279479547672736,-0.006238117890961625,0.0017610936302503433,-0.0018586149569594923,-0.00541930600766527,-0.018631088076257463
2017-03-09,-0.008600801164621696,-0.00514091962225649,0.0007641672297067359,0.0012675134845574476,-0.00801275691267822,-0.015134240326449167
2017-03-10,-0.009345878956896314,0.0021815968976861555,0.004194834266420422,0.0034982179621856346,0.0035030235397277565,-0.0031040439792571206
2017-03-13,-0.001342273646327996,0.00017429306368743624,0.0016730684468351242,0.0005045489629447175,-0.006331608101080022,0.002484183432475362
2017-03-14,-0.0040377411700638355,-0.00541813014292547,-0.00243440723499333,-0.0038337917092938767,0.004794537224179329,-0.0002480244631630768
2017-03-15,0.008727913001441934,0.018492494054676456,0.006151059445448581,0.008616058260410675,0.01214132683962088,0.020023850625856987
2017-03-16,-0.0013378598662869834,0.004120559955210545,-0.0006818456871142686,-0.0019689170528671696,-0.005076368630158257,-0.0019482049741750274
2017-03-17,0.003341186758357484,0.0022248383768923574,-0.0003492002407430306,-0.0017576761918336459,0.006257446356755736,0.004620285954190173
2017-03-20,-0.0006673298057062738,0.004435011725417937,0.0009108807449091927,-0.0010975478899579727,0.004289493696538749,-0.0008495398914902808
2017-03-21,-0.0053548068822775186,0.0087270095580676,-0.015289597433367774,-0.01292243544639593,0.008274152384712963,-0.004380095486417268
2017-03-22,-0.0006713620354648064,0.002443451627907045,0.006756079462935993,0.002350494505226841,0.0039875968192903954,-0.0005529181779593273
2017-03-23,-0.002016870622261635,-0.0013473994637163145,-0.0025283238998232704,-0.001067618950477467,-0.001410815411527544,0.0073469343005623244
2017-03-24,0.003359144268589631,0.0015998188263157687,0.0020691151542422404,-0.0007269644232783534,0.003563858419722621,-0.0010987153316248666
2017-03-27,-0.001342273646327996,0.005621040603803529,0.0016065569685990155,-0.0010267190491060063,0.004539743448010114,-0.009078887122368151
2017-03-28,0.006026168917742325,-0.004107796901660521,0.006095268908513418,0.00725061424397655,-0.006692786456205191,0.004304392995063466
2017-03-29,0.009302334094064335,0.0024332009503220675,0.00462314355430582,0.0009342219524262063,0.0059509602686285135,0.0056289320534617104
2017-03-30,0.0039604507560393465,-0.007233005455457686,0.0016625485878352109,0.003179264623114797,-0.008108814064518022,0.001828893466734094
2017-03-31,0.0019743960087903467,0.0021080154307044907,-0.0006797548793553432,-0.00233062658748473,0.0029034472292677194,0.0059506470659655974
2017-04-03,-0.003952697970349028,0.0052925502986571615,-0.0006044647798200131,-0.0017406524308505311,0.010036263702817294,0.002901505804812743
2017-04-04,0.009852308852522196,0.0022597345773736066,0.0015857424064442682,0.0006372450247313921,-0.005438985497435489,0.0
2017-04-05,0.00195892580434176,0.0,-0.004083505533077236,-0.002976864717303407,0.003052362280529408,0.0014478330342075907
2017-04-06,0.002605848198020233,-0.0036851166978415506,0.0005303873722475316,0.002807232178138719,-0.0014840502115331944,0.005290530250427139
2017-04-07,0.002599002197441802,0.0023466217608154594,-0.0005303873722475316,-0.0010199001346045122,-0.004050966801421474,0.0014377889169026048
2017-04-10,0.007757012385960049,0.0,0.0003790085384993702,0.0005949432103715679,0.004628654569074797,0.006207661657043673
2017-04-11,0.0019300145363168042,0.014378002485396557,-0.0043268904546946985,-0.0011905408030008502,0.009438764438975511,0.006878265580010812
2017-04-12,0.0,0.006825356086692658,-0.004040322561885468,-0.004391253087130842,0.0054577481463686794,-0.001774331243515448
2017-04-13,0.0032080508169665123,0.004742072843749945,-0.003979794474563647,-0.006516332569240113,0.003082413193808975,-0.0022520801818117775
2017-04-17,-0.0057821110519276075,-0.0029407031136141626,0.008248315468845746,0.008820872980600747,-0.003082413193808975,0.012031371725356621
2017-04-18,-0.003873592983186125,0.004733558474010913,-0.0015218953545117486,-0.0029886565911914076,0.012995244845543041,0.0026926712292381083
2017-04-19,-0.017618690573918183,-0.008914361418129069,0.0015976207889343286,-0.001840280065473543,-0.005468196578135576,-0.0014037805178590546
2017-04-20,-0.0039577640701118355,0.0018876096148856547,0.008331032086959844,0.008106190135436009,-0.0038777259707778455,0.00011708372037944059
2017-04-21,-0.009963487000970606,0.002865670925195296,-0.000226226633165183,-0.0031918934109640418,0.0,-0.0036363711470217552
2017-04-24,-0.0033434209087670475,-0.006809117727286207,0.01199819119251977,0.010937707499142135,-0.004950283192670213,-0.011107160229361313
2017-04-25,0.004677560286442617,-0.010176758825308774,0.007203923324863304,0.005801819029233712,-0.012112031190230077,0.00414999422415363
2017-04-26,-0.0053475728588434635,0.004894417227160552,-0.0014072080604430326,-0.0006289674089750008,0.005501056874654964,-0.007482317025483631
2017-04-27,-0.005376323207791245,-0.003730858335882381,0.005985044028572695,0.0008383874515489609,-0.0003273391995737285,-0.002626510185125497
2017-04-28,-0.002699039917728019,0.003151414614046999,0.001766221594897921,-0.00218146377465267,0.0022088616578495035,-0.010453528583801663
2017-05-01,0.0020248865188809972,-0.00914994320663709,0.00885843162390465,0.002517021186228874,-0.008347855930349368,0.005901001071556777
2017-05-02,-0.010847572861270027,-0.00016711217732279238,0.0016745342626638404,0.0003769704017946296,0.005107610054793987,-0.0016824782863533727
2017-05-03,-0.004098263604748631,-0.014055680078894461,-0.0032060281103332144,-0.0012154463414821848,0.0006572787636391908,-0.01344087316747089
2017-05-04,-0.02424781359193595,-0.010137688898776531,0.00036435227961550964,0.0011733296667602033,-0.004938805595634754,-0.004888032283648869
2017-05-05,0.01392779222571816,0.0018819613581220196,0.0036419038894166533,0.003929301610976488,0.0009072674322787577,0.009388692058655224
2017-05-08,-0.004158062155325215,-0.002224522938679918,0.002179051857052805,-0.00016686668748455702,-0.005456895543211715,-0.007063862205084703
2017-05-09,-0.0048729341294393436,-0.0060137375316386965,0.0034763784730627023,-0.0009183753548178686,-8.25602474847642e-05,-0.005392254885301817
2017-05-10,0.015922778924270187,-8.619187440839227e-05,0.000577930112584113,0.0017942804722448358,-0.0011614075546626523,0.007833281854977336
2017-05-11,0.004112462955268903,0.00395630586279605,-0.0007947840532702699,-0.002045047022980917,0.0,-0.005010883395630827
2017-05-12,0.0,0.0028286293961139464,0.0022389108783560374,-0.0016720817679889421,0.007524619449519321,-0.004052102201067775
2017-05-15,0.005456851558691689,0.0026498930493215056,0.0031693135197690125,0.005508122169265661,-0.00272202916942188,0.0029486718713362947
2017-05-16,0.0013597644393392727,0.004344332691826658,0.004162955690037329,-0.0009158547992766941,0.003710260784899333,-0.006769965690162749
2017-05-17,0.006770464166183654,0.01802608924299154,-0.02575476329105353,-0.017903542761067648,0.014461535318520902,0.004067449871688389
2017-05-18,-0.0027026874563258474,-0.008214659464641727,0.008707113447233183,0.004020365844009888,0.0011349638586901634,0.0055200066677763004
2017-05-19,0.01943112639077249,0.004953655816689384,0.004216945223281421,0.006483270061926838,0.0023470553904738622,0.005367847303015871
2017-05-22,0.006613887992267031,0.004178861021673974,0.008380097297058242,0.005064352583483256,-0.0027520339689681705,0.003885544331092561
2017-05-23,-0.0033015506715958765,-0.006358807682167011,0.001006652204660341,0.0022104028708085366,-0.006750930812922995,0.0008481157002693251
2017-05-24,-0.001986010759664758,0.003937188086656995,0.0045895416664967215,0.0023304767835696794,0.005615346298078805,0.008080497935292641
2017-05-25,-0.0221114643949738,-0.0010874337201158824,0.008477391018377745,0.004767764201538682,0.0003244925475103244,0.00012010734427470027
2017-05-26,0.007425046094211574,0.008832634206009438,0.001771613113983328,-0.0002066824712168014,0.001702341539378871,-0.007232096581205383
2017-05-30,-0.008102778180216319,-0.00332393130843478,0.0008489208647057822,-0.0008692344581282541,0.004927294297952578,-0.006310671971201387
2017-05-31,-0.010906805271321929,0.003987406451696707,-0.0003531508412830675,-0.00024848110482356134,0.0024953170998696095,0.0006085032414775426
2017-06-01,-0.006877562982590124,0.0008286937780717096,0.003885139760654077,0.007920784777931011,0.00010511627831544246,0.005218097913402886
2017-06-02,-0.004842593865463929,0.007345383440386044,0.011356173888107612,0.0033228077586144877,0.01177088648476321,0.010235291819483905
2017-06-05,-0.005563418661759911,0.0009862969865501725,-0.00020930990149548023,-0.0007373999419657551,-0.006228849205949238,-0.00432231694424523
2017-06-06,0.006949333375507738,0.01119151579658162,-0.003981485938001406,-0.003202012485244765,0.0054324013024293905,-0.004824558681490565
2017-06-07,-0.013947218922975235,-0.0052942623192704374,0.003911781674154291,0.00184860216814986,-0.004791263702270676,0.006988315448964499
2017-06-08,0.0,-0.0065546767029749375,0.0010456193492727195,0.0004923019558606967,-0.0026456711438029856,-0.0024045513194845825
2017-06-09,0.005602220587768603,-0.009166426122606097,-0.025323277490793217,-0.0015188731857609383,-0.001526270775618066,0.006956597767132422
2017-06-12,-0.009119613348902877,-0.0014943988172202438,-0.005372158477275235,-0.0002054262696535858,-0.0003215795851598813,0.008923630066208332
2017-06-13,0.004219309940765026,0.000996535081683625,0.008083125432976068,0.004878222490439121,0.00016116011808886554,0.0022479535605954837
2017-06-14,-0.017699466841361478,-0.005493177805750982,-0.00435531951138568,-0.0012686825101928534,0.015318754530338374,0.0014173309961096336
2017-06-15,0.004276610177075035,-0.00418165701990425,-0.004446224778071439,-0.0019262745251982238,-0.0015848657166142033,0.005062261655600864
2017-06-16,0.004258238861645225,0.00016757431865954686,-0.00434833155525105,0.0002185391232805145,0.0019800840646437834,-0.002586852607379342
2017-06-19,-0.0063942175771556364,-0.007654460097333171,0.01658319113857054,0.008290750332234254,-0.001425130534219221,0.0001177177760878223
2017-06-20,-0.010028835750933052,-0.0021131828104241634,-0.007862497425453085,-0.006766863750613972,0.008916160507881798,-0.0023572509417499887
2017-06-21,-0.010857883802789292,0.00287280588176575,0.009853547799016482,-0.0002469668537949943,0.002040353806758155,-0.0020078213566367964
2017-06-22,0.001454536642044868,0.0033692883509406357,-0.00028409457066658206,-0.00045312382811957264,0.00219276534378654,0.0009452946187558098
2017-06-23,0.0043511220301941655,0.0042794455030730205,0.003830431651663524,0.0011939136971035325,-0.00046961725666072596,0.0034644500757812224
2017-06-26,0.0021684005034336984,-0.008999595546856476,-0.004683660473461693,0.0006575464371456619,0.003749236998283223,0.007104784893587457
2017-06-27,0.01148605516426926,0.003794725232619811,-0.018305668536922504,-0.008088655759002528,-0.010738965853254179,-0.009008449880528957
2017-06-28,0.006403476950419762,0.0007572586086643796,0.014314125758259522,0.008910323746428972,-0.0033155566707350204,0.0023789511012068942
2017-06-29,0.004246264101209096,-0.0048900007067285145,-0.017507036189603475,-0.008827539043569033,-0.00841591597288538,-0.011468248640460033
2017-06-30,0.02027335611815806,-0.0025387426380500955,0.00036307197392115853,0.0018628792768664582,-0.0023151176922384664,0.0
2017-07-03,0.010327126453599345,-0.016488352380743088,-0.01059034704954076,0.0016940194716941193,-0.0032253401275381677,0.012654993911961121
2017-07-05,-0.015183157938698955,0.0036971824767881856,0.009791226333851988,0.002309513907864158,0.00024147376569061407,-0.014218487526225232
2017-07-06,0.0006950858013659023,-0.0004291636859008463,-0.009057041130581922,-0.009186661291725962,-0.0083083113748037,-0.018951125126515755
2017-07-07,-0.009776710892476004,-0.010269798493158788,0.010727960543622572,0.006464262962759371,-0.00601164379549779,0.005625667345200647
2017-07-10,0.004201818620442221,0.0016468254331298837,0.0065117498855409295,0.0010731451147263371,0.0014654349555671686,-0.0091881915744354
2017-07-11,0.00973583795576749,0.0012982088742115039,0.0028088175672253968,-0.0007426789601385764,0.0017073113207022317,-0.001108590614459004
2017-07-12,-0.00485603148509961,0.0035397924292919214,0.011796369666025264,0.0074867015156767636,0.0068802517185115875,0.012246072203699221
2017-07-13,-0.000695804777428588,-0.0018115086761429922,0.0022006003965877596,0.001678689542943701,-0.006312035180226161,0.0015814335175976524
2017-07-14,0.011072786837613258,0.008168900176640292,0.007841123945822481,0.004653164389625708,0.0012171602034536377,0.009554100190720227
2017-07-17,-0.0034471470809678273,0.0044433489997173226,0.0004924314525354134,-0.00012205051311919846,0.0027527756453551433,0.0080319575424177
2017-07-18,0.004135214913448149,0.006966890452322794,0.00665897024611084,0.0005293497382128365,0.008695149319911444,-0.0021512760189690283
2017-07-19,0.008901064362700328,-0.00025402243234751154,0.005851473835800647,0.005399415360337834,0.0004007249129278634,0.007510110599959319
2017-07-20,-0.0013641711906791087,0.0013540627739274669,0.0013187553576932132,0.00044501452645739903,0.002880378496726621,-0.004642295157839982
2017-07-21,-0.0137459115795866,0.008589562474350387,-0.0004164799220367499,-0.0008903694057194045,0.004226053937643748,-0.0007165394231503086
2017-07-24,0.0020738034941172323,0.0004191258176566848,0.004569083604409663,-0.00024309499735863938,-0.003906322194575651,-0.0019122474098445252
2017-07-25,0.010989362519150614,-0.0032741446924653417,-0.002559028616901493,0.0024278690288905835,-0.013104762960630012,0.0013152896350083765
2017-07-26,0.00951727008869474,0.008040236804836454,0.0032497164956968305,4.0516288209779816e-05,0.001616744084251387,0.0069058324533708415
2017-07-27,0.00607103465101666,-0.0007510021513583709,-0.006300999997575829,-0.0009302305781151432,-0.0049401360408873884,0.0011858644256923512
2017-07-28,0.0053653539538940365,0.00748507747253413,-0.0008342367069369416,-0.001173605504765085,0.005909947841112206,-0.002729606447993582
2017-07-31,0.006002056210896889,0.0004969976741389104,-0.004249679991045419,-0.0005671498355734883,0.0012099501754434527,0.001306413166139997
2017-08-01,-0.011367410164790925,-0.0008284878144895202,0.0023014691922789154,0.0022262102526067196,0.006996563694841917,0.004499772969532856
2017-08-02,0.0020152880840851317,-0.0020742591700591007,0.0027125139762578243,0.0004849355504417119,0.0005612886020438523,-0.009139076387151057
2017-08-03,-0.007409889494500277,0.0015767861990996224,-0.003897351780094205,-0.0019415813171388407,0.0102911901611078,-0.002029200179591406
2017-08-04,0.0020262542157243324,-0.00782550463999776,0.0018116032789938785,0.0018206710585868535,-0.008528817289883861,0.0033396489273656016
2017-08-07,0.0020223846943032697,-0.00117075935353661,0.006314554759554447,0.0018572399552123642,0.0011198950132831342,-0.0010722750673357595
2017-08-08,0.0006730179267462333,0.002924332368544391,-0.001730874309404662,-0.002463927742887506,-0.0036039374358480813,-0.004779612735854144
2017-08-09,0.006707042453639733,0.012024832535233898,-0.0013172509510983588,-4.033112994328292e-05,0.005441164374854424,-0.003359282431022237
2017-08-10,-0.015493719753001844,0.007391636301004034,-0.021673819211208034,-0.014216184888518946,0.00850335135994218,-0.007236557191973247
2017-08-11,0.0033885872219867608,0.0047347176699812366,0.007558491393896638,0.0014759701992712593,0.00047479462872868083,-0.006192795312592203
2017-08-14,-0.008834524522375986,-0.0071105097086192615,0.012796114521604451,0.009864492003992531,-0.005154312634073399,0.01654906007163426
2017-08-15,-0.0047896559370550484,-0.007739806493236578,0.0006943800295760028,-0.00012177896435172642,-0.004223192751634741,-0.0029993105409449328
2017-08-16,-0.002747237234966171,0.0073296549457868565,0.0017340118032400653,0.0017429454419062296,0.0036664455769317428,0.003957590431529212
2017-08-17,0.002747237234966171,0.005074451187160101,-0.02065808356894383,-0.01571390530382555,0.007449710744269922,-0.006243500510389133
2017-08-18,0.017675553387851206,-0.0015523089133786527,-0.0007079941539096524,-0.0015641811913083004,-0.00023730633574459148,-0.010168330880733656
2017-08-21,-0.012203540762226961,0.0037541795070419326,-0.0012749655205546162,0.0007822157319923306,0.0024463283617937037,0.010650092024834024
2017-08-22,0.00272462668460971,-0.004490378194735634,0.015127672079791488,0.010402968658304701,-0.0038683938737102963,-0.0028934650398504402
2017-08-23,0.00880476067877023,0.0037569391595084767,-0.003567809877142558,-0.0035919855294066494,0.006778677716276604,0.010209634931192646
2017-08-24,-0.0006745320732473026,-0.0031025274301850203,-0.002947851442907101,-0.002333316939099106,-0.003699053552406184,-0.003111736241422136
2017-08-25,-0.0020262542157243324,0.0036729988686285964,-0.0021107457670792584,0.002333316939099106,0.0038562128664541007,0.004783742457283857
2017-08-28,0.0006758997700906377,0.015762397031869213,0.0030942151140704865,4.1205453339188125e-05,-0.0006287081962064178,-0.007664919722439656
2017-08-29,0.0,-0.002167752218151797,0.003924912958870763,0.001143957656055683,0.0032170443266199555,-0.001082723952925413
2017-08-30,-0.007460296791216514,-0.00048233427165644827,0.011681916316862662,0.00472644196980454,-0.00031337646048612555,0.005640529767775071
2017-08-31,0.027527883565467537,0.011671721617894093,0.01065855297439633,0.005998103812188127,0.0029735030733268886,0.005727985696772464
2017-09-01,0.00132354392650047,0.001905653001557539,-0.0013686085005195636,0.0014130099837901255,-0.007678847610887551,0.003445037123006145
2017-09-05,0.001982148794480665,0.011044617985342065,-0.009013047311209554,-0.007208030047781477,0.0157339890393704,-0.002731420981154642
2017-09-06,0.009852308852522196,-0.005112698708954255,0.0030365812870742914,0.0034080866039438718,-0.006154694791837834,0.002612801772925444
2017-09-07,-0.0006538043587904774,0.01035552763541947,0.0023393558912685464,-0.00012153028474592986,0.010184336429984953,0.006383725158134901
2017-09-08,-0.011180653288212383,-0.0012495406412700305,-0.0086991726273693,-0.0011756023023989925,-0.0021673325044835323,0.0008245678347060803
2017-09-11,0.001982148794480665,-0.01400714397659808,0.011445359959656898,0.010609549396582985,-0.01201041977846451,0.009142046431640516
2017-09-12,0.002636768182537441,0.0029277577169537494,0.0023967983693395922,0.0033650809932659342,-0.00527048218233972,-0.011854080779525766
2017-09-13,0.004597828474994348,-0.007534611170576966,0.0013666610443889837,0.0004797827472948768,-0.003950980769964474,-0.0026004229629768005
2017-09-14,0.0006549414671899179,0.004369098124020532,-0.005891107856144551,-0.0003197125856733152,0.004108912520861097,0.008251786328311361
2017-09-15,0.004573795462287311,-0.0050062075765593406,0.003429549966665668,0.0013449808684793396,0.00039410124144279024,0.001876585565527833
2017-09-18,-0.0013046233707956212,-0.009364174007228776,-0.0013115548537694366,0.0021247643371458125,-0.005770584932082379,-0.005404639630796737
2017-09-19,-0.0019602057224816782,0.002088539057238492,0.0017161617496821435,0.0010005901589273947,-0.002461246947605744,-0.006619567945021387
2017-09-20,0.008466368480030795,-0.008056762706663001,-0.003091325971495529,0.000360065315950564,0.0007152703737878241,-0.002731487414727063
2017-09-21,-0.00389861584070772,-0.0076330247154432485,-0.006141930125441952,-0.0026830253961325212,-0.0005565892151571106,-0.0019043138841938756
2017-09-22,0.00389861584070772,0.004554314660935255,-0.000969513856056814,0.00020074317066143266,0.0028572529661348156,-0.007079217783811487
2017-09-25,0.016720686349597447,0.010412984536013248,-0.01058815097503274,-0.002046862893704926,0.006239896537642231,0.005802545264863568
2017-09-26,-0.008968758125876608,-0.01122472640407679,0.0025878849493183864,0.0006023091317350904,-0.0018124340845702136,0.0016856958241815434
2017-09-27,-0.0038684525817700433,-0.009464790137827528,0.008969779881771167,0.00388694381088861,-0.015182788780914613,-0.009065093202880625
2017-09-28,0.0,0.0018837445698105526,-0.0003462908422564581,0.0011990044087237806,-0.0029676822771422806,0.006776160459422975
2017-09-29,-0.005181326187178037,-0.005168371577412678,0.007175983945844955,0.003508655886987455,0.002247280907167415,0.002048126795091143
2017-10-02,-0.008477484303813565,-0.006684614889873153,0.0008933187316149116,0.004329374093539506,-0.0018335860484093303,-0.0014448898758150364
2017-10-03,0.0006547342704066317,0.0004967317019950457,0.002126810853679828,0.0021378847490547415,0.0009653317312317,-0.0014473694406103021
2017-10-04,0.0013080364573938574,0.0028098889387884185,0.0009595282760814783,0.0011856881144707287,8.032351797382375e-05,0.005056589915555243
2017-10-05,0.01104991315442616,-0.005378816723625945,0.009744878224053899,0.005907924165422074,-0.0037848056771130345,0.0035959195957522283
2017-10-06,-0.01563554584231852,0.004718354115049728,0.0013555004109271351,-0.0011397581755030473,-0.002828237284026258,-0.003235738753614825
2017-10-09,0.0006563792204548058,0.008142542011553289,-0.0011518118067312955,-0.0016522601184290053,0.003150526714576607,0.0023975959055837492
2017-10-10,0.011741817588677872,0.002617800009600657,0.0007450810304208133,0.002634636695303172,0.0016123365649347576,0.002989606797028088
2017-10-11,0.0019436960039653783,0.0031812040839058753,0.002976421425076481,0.001569825348388676,0.001930339270119319,0.003338002660089323
2017-10-12,-0.001295328735396506,0.0008140547013937294,-0.001825248415500802,-0.0014913372702354266,0.0042508934365592665,0.006405472871960249
2017-10-13,0.00967424043102083,0.007539254296556663,0.0038502371835145155,0.00121673742515771,0.007176788620991914,0.0025982383786944396
2017-10-16,0.002564160240470681,-0.006888462515219906,0.0034316115064516595,0.001333035565907359,-0.0007151785498349383,-0.00496571765940601
2017-10-17,-0.001281222101111812,-0.006854404417199866,0.0012758870443025927,0.0007045916475059144,0.001271844498694108,0.0011843766966714853
2017-10-18,-0.0006411547949465302,-0.0037735819439879137,-0.0012082947904792363,0.0009780802821897083,-0.006613360018142167,-0.0010657613474638339
2017-10-19,-0.004500212278122806,0.005900215657302255,-0.0037015073212680605,0.000273499903582497,0.0017573049483887715,-0.00296750673779389
2017-10-20,0.005141367073069336,-0.006393454395473341,0.0026931165351138375,0.005147208258952318,-0.010670968771711031,-0.005721541496628291
2017-10-23,0.0,0.001561172319444637,-0.0065438062752383175,-0.003896919720252967,0.0017729461749880215,-0.003832972641572674
2017-10-24,0.010204106307175831,-0.0038662591759726084,0.0016905257062056478,0.0017555308332974917,-0.006218596764902884,-0.0060182555119858705
2017-10-25,0.0012683660645600447,0.0001647984431061289,-0.0037913327910255035,-0.004961991205274963,-0.004791793916870013,-0.0029015459456438464
2017-10-26,0.004426085639156252,-0.008440935931399274,-0.003192696349087143,0.0012916229489885467,-0.003343356175044221,-0.008267686181638645
2017-10-27,0.005034733769478272,0.004725786574733881,0.028707249677406566,0.008142803164485457,0.006594094557685004,0.004506805775070788
2017-10-30,0.0025078223424861434,0.0019005561122993342,0.0022458104771976295,-0.0037319324946487598,0.009529381959198169,-0.0008508318907436418
2017-10-31,0.0025016193564755262,-0.0038047944426038427,0.003752897902622898,0.0015566761017380415,0.00032199096184282183,-0.0001219424539593561
2017-11-01,0.0006243402158152556,0.00363969666116315,-0.00032857340994407735,0.0013211635246888065,0.00444232386965826,0.0048544363500750976
2017-11-02,0.006222826102216583,0.0006603535530684823,-0.001908495998423021,0.00038841311145798585,0.004399348918371793,0.008439226431662838
2017-11-03,0.006184133258782865,-0.004714451332297642,0.009571700252785753,0.003333152820331975,0.0027098115885477725,-0.0025245114412673075
2017-11-06,0.0189320200327594,0.00850295097934417,0.003386840791948842,0.0015464447018453953,0.003733489478167762,0.006717277510002617
2017-11-07,-0.006068078469528171,-0.003623510843532962,0.0005849627578502492,-0.0006954556029103998,0.0041937711961601565,0.008096085417570897
2017-11-08,-0.0018275170082655556,0.003459056119704762,0.004021110906430536,0.001699336771627813,-0.0022131666817495343,0.004968257910794804
2017-11-09,0.0018275170082655556,0.004102401645100784,-0.005256422184602094,-0.0036342483282956195,-0.0028530044367673923,0.0010609844087881015
2017-11-10,-0.0018275170082655556,-0.008221702339946901,-6.525778851695918e-05,-0.0003100337566381839,-0.015194349284090691,0.0010606185421933034
2017-11-13,-0.003053487127707921,0.0014849063034310106,0.0012356017620653859,0.000929339675563412,0.002093230213656483,0.005050246508102596
2017-11-14,-0.013547059441898046,0.002058715307154735,-0.0036459753268154316,-0.0023251061501277093,0.0067315899750797215,-0.002111093155496846
2017-11-15,-0.0012406172011307781,-0.0012346702455872105,-0.004707209801398271,-0.005017612293673146,0.010803811350610815,-0.010147572570382124
2017-11-16,-0.0031085392888141605,-8.23865246282196e-05,0.01269815230154503,0.008464812173827774,-0.008729031103819729,0.008267345671302273
2017-11-17,0.016059610546386605,0.011954609509227332,-0.0038250321666088993,-0.0029428843530903137,0.0073850850829488834,-0.004361497959955329
2017-11-20,-0.00799746222204778,-0.012696268046166637,-0.0007800564128741527,0.0017046703847203304,-0.0003954811227879773,-0.002957583352497295
2017-11-21,0.006771228131593254,0.0016473488437398487,0.010797570378917598,0.006521769354149498,0.0031609438283073388,0.007436663603457738
2017-11-22,0.00550638839005968,0.009175087875408217,0.0012214602762465887,-0.0008852022177281427,0.0032294870989613145,-0.0022371272867243164
2017-11-24,0.0030460462296120205,-0.002531110250715507,0.0036541108772709663,0.0023071580165279215,-0.0027562253927966296,0.0012960184101569183
2017-11-27,-0.0018266103404225298,0.004160741332319695,-0.00044803372973323263,-0.0004994047482549391,-0.001420380371406793,-0.0047197012342081734
2017-11-28,-0.004274857907003327,-0.0001628747154764909,0.002557935187296856,0.010093678712508769,0.001341660329941874,-0.003791967287816611
2017-11-29,-0.00675466579555728,-0.0062895583924209575,-0.01758789310949549,-0.0006085401354276598,-0.009908051792187678,0.0003561402490905863
2017-11-30,-0.004322301337923662,-0.007732229391441692,0.008349166762934956,0.008716533093479306,-0.0033507422621203986,0.00154151352364984
2017-12-01,0.008626000761235098,0.004038061230928314,-0.004262928143662137,-0.0020778831974670453,0.013404047359288462,0.002367173050451754
2017-12-04,-0.01234575845141439,-0.00337765315460814,-0.011588588418938173,-0.001210259391732471,0.00047423927126644116,-0.004977551844850048
2017-12-05,0.0,-0.007122188370048299,0.0006545207544990106,-0.003603348919339666,0.004963105577697746,-0.008351312270628242
2017-12-06,-0.016912433062922894,-0.0020799541641842723,0.004505301802607775,0.00019001940239515847,0.003452522905297073,-0.0009585772167062245
2017-12-07,0.0031534911475636918,-0.013246352701112407,0.003381670293338246,0.0031480798069329907,-0.007863057010672136,0.002514733562459348
2017-12-08,0.005025246581773057,-8.435250698735075e-05,0.0044052642002867515,0.00543834454987735,7.893586449725376e-05,0.005130642615212899
2017-12-11,0.0025031144922129656,-0.003974813553107026,0.007727180736431194,0.003008578953208385,-0.0020542830655019273,-0.00011904553863750778
2017-12-12,-0.008788521769234503,0.0011856318079059847,-0.001347707212836724,0.0017633299669750357,-0.0003955535510868913,0.00486807511926024
2017-12-13,-0.004423288753117927,0.008596013189973384,0.0019247552574306326,-0.0001125075008916454,0.007488968797122908,0.0016564432913375171
2017-12-14,0.0031614668353472375,-0.0020159424324850406,-0.0007053031526744746,-0.004094759139764648,0.0042319000872463874,-0.0002362672528235521
2017-12-15,0.0,0.002099870574296503,0.011291050272205005,0.008293217012703025,0.0037467044878169986,0.00624889291659958
2017-12-18,0.004409428391058512,0.004604277886820718,0.008349110752464917,0.006320943419646952,-0.009157338965617434,0.0065605497315956995
2017-12-19,0.007514218304288889,0.0007513783425441289,-0.005943185087231129,-0.0038477881001393044,-0.013058850042032333,-0.02148075278526207
2017-12-20,0.005598805074315649,0.0026671102328528207,-0.0010783388697381824,-0.000523965682474703,-0.01113456663373924,-0.011639871602463714
2017-12-21,0.0006200112441425709,0.00141400041112405,0.00012674926664235642,0.0020573881207219813,0.00581087981720696,-0.003881309984489434
2017-12-22,0.0043304624693938365,0.005222850279183788,-0.0011431655504789973,-0.0002615471013092119,0.0013637587004016183,0.006867456273669248
2017-12-26,0.014706192116265004,0.006839416919106611,-0.005415545291254098,-0.0011968038856648988,0.002961204430494746,0.004997769586740475
2017-12-27,0.0024300509169545847,0.0037705513021490944,0.00012725822884274152,0.00048626665142670333,0.012941037849045323,0.0032776323991026146
2017-12-28,0.004842594054415006,0.005059543293278068,0.0012134932372287466,0.0020552885038949142,-0.0008676397483196041,0.005318603960762225
2017-12-29,0.003014891628280836,0.006490919761210634,-0.006208366071168925,-0.0037775685156100636,0.001577525432955973,0.00036147083332949137
2018-01-02,0.004804783449319672,0.012058023762451242,0.017375050216030807,0.007131912023210951,-0.01085826373594223,-0.003742942712012365
2018-01-03,0.005973628392427877,-0.0026403330092135135,0.009669948020778918,0.006304975092735532,0.0047700857813515185,-0.002907267479606901
2018-01-04,-0.0011917532739076364,0.0051142783102626765,0.001747767915966314,0.004206147593373899,-0.00015790834561446587,-0.017376695191412495
2018-01-05,-0.0035843452949393395,-0.0010367021379344976,0.009993550731566714,0.006642106773190548,-0.0028603299463307863,0.0004936226051102111
2018-01-08,-0.0005985518789044519,-0.00015962553903658971,0.003883170952277304,0.0018268807856456348,-0.0006367156441644539,0.00516867126350018
2018-01-09,0.006565052240610658,-0.004639219643041592,6.117159064356059e-05,0.0022604156405545694,-0.013463027632318436,-0.01297214980831729
2018-01-10,0.003563060911683902,0.0024022706924071713,-0.0023399740848146777,-0.0015304699887117579,-0.0012104634168172979,-0.01125440759498364
2018-01-11,-0.0005928733508215878,0.003273877321211316,0.006820591488241767,0.007269293113878028,0.004110723558555129,-0.0034010169886888875
2018-01-12,0.006503019000914101,0.012044492942167473,0.007322229070989117,0.0064978879237109766,0.0016883264589324654,-0.008108204398852514
2018-01-16,-0.004725318830980374,0.0016526906271696618,-0.0028614015655872294,-0.0034236906105418186,0.004167200803700588,0.001906201360724502
2018-01-17,0.001183357958123299,-0.008132363237353779,0.010733574525437106,0.009486224653595166,-0.00136049990638476,0.00695914778974327
2018-01-18,0.0,-0.0022222134485856415,0.00018098681994871413,-0.0016823808737393975,-0.009332874549158987,-0.01294467795265497
2018-01-19,-0.0017755290647722966,0.004439499612016284,0.0031308779828416178,0.004539394878576353,-0.005268392239748287,0.005350264661013959
2018-01-22,0.0023668500020423977,0.0018177059354300695,0.01064390437949747,0.008097995029470617,0.0009748939698299708,0.009105986679657896
2018-01-23,0.00706712262118625,0.004961985943157998,0.008234088447975907,0.0021204260096396865,0.004293498269918317,0.01375361290717425
2018-01-24,0.010507846354451456,0.012104345577546027,-0.006510445499870343,-0.0003886292876869035,-0.005431217571330471,-0.005229492384894563
2018-01-25,-0.00582396053998302,-0.006697849027903047,-0.00035662959570892383,0.0004238457637990578,0.008175673311289877,-0.0017484877271760624
2018-01-26,0.007564659701583931,0.000781175638679521,0.015209020928807604,0.01151152829624369,-0.003715328494233283,-0.0035075008564247057
2018-01-29,-0.002902544850472921,-0.0056378571834709845,-0.004867551508533019,-0.006652276768170928,-0.006982456809253357,-0.01351787472893129
2018-01-30,-0.007001348434355847,-0.004328123373076309,-0.008264258242379086,-0.010310330077716756,-0.005884037122754648,-0.007276539628438883
2018-01-31,0.0011702678100138364,0.006681089570491849,0.0041404760674792485,0.0004970737506928558,0.005884037122754648,0.017777933870181784
2018-02-01,0.009892432278694852,0.0032848909860554443,-0.008536486082485695,-0.0011356764955676724,-0.014599432850750382,-0.02175797243807054
2018-02-02,-0.01634585313626813,-0.013204686797240406,-0.02014727537657901,-0.022010507028740633,-0.009321923599692639,-0.008525878035140266
2018-02-05,-0.009462000936012238,0.002528643755518978,-0.040224889718079915,-0.04272230247793907,0.009405389365557681,-0.030159775867616645
2018-02-06,-0.005959455545196057,-0.01055189964568104,0.026154110009317222,0.019510584082535587,-0.006233343064903529,0.00013388729042951297
2018-02-07,-0.011421752596964652,-0.0047167720834533355,-0.013022535462780205,-0.0054397128452920995,-0.009548365645697388,-0.004287204483027995
2018-02-08,-0.010331369453569383,0.001521419504395105,-0.043110833135060034,-0.03823038881903873,-0.001094118327908511,-0.029153671638680212
2018-02-09,-0.014769614719213564,-0.0016817358427463347,0.01712246787281213,0.014909846363584833,-0.006339353617151211,0.024713250285286925
2018-02-12,0.006180520542675705,0.004797371517787141,0.01758924013286922,0.014577685082343805,0.004399166945667332,0.00040407572364165034
2018-02-13,0.0018467804263702092,0.0056472535967850845,0.005148055714331967,0.0024843741771274352,0.004464163076733918,0.0069853562467705466
2018-02-14,0.015258126541714656,0.016908852519764928,0.01855038689999322,0.013405832669323381,-0.011155311641888765,-0.007254959571524999
2018-02-15,0.0018155566620223773,0.0011691607653974145,0.01839403502350212,0.012679388479568843,0.0033938769924741763,0.009661982892791965
2018-02-16,0.0018119260072699817,-0.0032769459911659027,-0.00447568131540077,0.00029317227696434855,0.005405736169632469,0.005460445260227598
2018-02-20,0.00301307509483717,-0.013532867750938316,0.0019981762182261775,-0.006281043598489688,-0.004390045262876008,-0.011891122849489566
2018-02-21,-0.0012041544132075366,-0.00460496405778521,-0.002847142482297116,-0.00498692030634551,-0.012344707992238746,-0.01995615196985545
2018-02-22,0.008995641612678185,0.005080177401413977,-0.0001216471019072074,0.0012953451753494605,0.0029940655884796996,0.011316527777846641
2018-02-23,0.006545719906417613,-0.0012676571223932953,0.020243116527577598,0.01581365786873601,0.008843008146045328,0.015871263034008987
2018-02-26,0.005323914054139678,0.0024545525850454553,0.013173205450660141,0.011545561825497153,0.0003382870406820615,0.002798041605372781
2018-02-27,-0.010080202510342584,-0.01049377405473173,-0.01246055571580218,-0.012564919742386493,-0.0014397047550671616,-0.02356202088694248
2018-02-28,-0.010785073062892891,-0.0010394376248337167,-0.006438277237449164,-0.010181972442781628,0.006336059034158126,-0.0006813110243606424
2018-03-01,0.001805654395161227,-0.0022425027652310803,-0.016460860725197257,-0.014647224283211635,0.006803101197636607,0.0009536335013735631
2018-03-02,0.0,0.005357640797750918,0.009138363431164365,0.0051414341280811016,-0.008162607956746726,-0.0004085475521682369
2018-03-05,0.00599525151290381,-0.00167617140037013,0.011023803478738436,0.011491634734522194,-0.0027076486281210066,0.011246065939203742
2018-03-06,0.0035798662573092166,0.010726720619182117,0.004221949249523682,0.002531806359615807,0.0009317609024357409,0.004704578988596442
2018-03-07,-0.010778411841747548,-0.006422202914569297,0.002311210029520616,-0.0003666284800418751,-0.0011011607230573262,0.0061497997056512155
2018-03-08,-0.006038763674548697,-0.002389131123572419,0.005489893217451858,0.0048275013979397485,0.005746006609009591,0.0018639941960949535
2018-03-09,0.009644446167165643,0.0009563496666080695,0.019241754378808373,0.017252424723289472,-0.006594094262573513,0.0054395074496995655
2018-03-12,-0.0018013856037484288,0.0,0.005299115325082759,-0.001255665595942368,0.0057507860435270786,0.004356800772963965
2018-03-13,-0.0030091766100408535,0.001909899228191847,-0.013708214110517147,-0.006483593815349131,0.0050466115621699,0.0009216270968810392
2018-03-14,0.0,-0.0006362480921948688,-0.0001748719686807121,-0.005144705476269884,0.008771110085314504,0.0009214737191456379
2018-03-15,-0.0006029506812934571,-0.00638466196975962,-0.0008739732357545549,-0.0010904851976860641,0.0,-0.0002632511799971482
2018-03-16,0.0036121272913343105,-0.0024048352412036067,-0.0029776689467588824,0.0010839191883631472,-0.0035825514472698217,0.006946562940544965
2018-03-19,-0.006632346026778091,0.0021646240154513663,-0.021567128773484434,-0.013622813655979726,-0.0031768450036890883,-0.008657575716228827
2018-03-20,0.006632346026778091,-0.004494791958621569,0.003285909459285641,0.0016990589627585706,-0.00402723788702275,-0.0034321614799628364
2018-03-21,0.0178684109402254,0.01730579327847348,-0.004363694632926851,-0.0019209105939577142,0.0010924636661124865,-0.007431057805179719
2018-03-22,-0.0077038941944871375,-0.003961028602094352,-0.024992227733818595,-0.025314917461721542,0.009860348393963214,-0.00587746821774493
2018-03-23,0.008883761363560172,0.012855551688486955,-0.026704549222232643,-0.021544828996084675,-0.0007487031224204799,-0.017979365588821405
2018-03-26,0.000589445198216243,0.005236622780198097,0.03648443062595952,0.026991260846790155,-0.0038348808609018903,0.011312251103658078
2018-03-27,-0.0041334314364149805,-0.006177451915060139,-0.03289502790126253,-0.017157903279588105,0.010635417731123198,0.0038058842338455356
2018-03-28,-0.004150587630333824,-0.013901136089334187,-0.011570330097606885,-0.0029589693006428774,0.0026416538173483772,0.024788917404663824
2018-03-29,0.008873050591449605,0.00047707982436850926,0.018148976204376055,0.012696506981029643,0.004851494964276171,-0.0011920576170387776
2018-04-02,-0.013637770432032514,0.011618397461990781,-0.02927578446645107,-0.021821148196135454,0.001970924035169297,-0.013607264981311928
2018-04-03,0.005358783695593949,-0.0075722010717775845,0.011190553027645933,0.01273553879246414,-0.007741980323175746,0.00842626757308551
2018-04-04,-0.004165406416805517,0.00118689546265216,0.015646576359129583,0.01064221032574686,-0.0020694644726244604,0.01046705348326693
2018-04-05,0.0047589836793320295,-0.005153580456720874,0.005680971720306793,0.007861114082162501,-0.007485072294692863,-0.0003954794998808353
2018-04-06,-0.00714709666273361,0.0046789913047762255,-0.025341974301250403,-0.022537790359172583,0.010876519915092864,-0.0075442592047956225
2018-04-09,0.012474162244655584,0.0033963960355940515,0.006998511165848598,0.004916220290654749,0.0016501846232239714,-0.0031933797765377747
2018-04-10,0.016974385779708445,0.002362787969159008,0.021823157178690877,0.01577544327507585,-0.0018157365050210927,-0.0010668931204040888
2018-04-11,0.00751661113710167,0.0077577307979446175,-0.005785856177487503,-0.005256299995986424,0.0035452975805085885,0.0021326491928777003
2018-04-12,-0.004040384019184717,-0.011698777825105644,0.01196971600042751,0.008193288334231497,-0.007351511116516107,-0.011246824531694344
2018-04-13,0.0005782633542117388,0.006533610069864082,-0.005192052377722689,-0.0029369883382450723,0.002318773158496157,0.005237354571046016
2018-04-16,-0.003474279459979357,0.0014113245973428334,0.007593617639769512,0.00818768095457667,0.00033100911153294277,0.006142478941879137
2018-04-17,0.0005797437770831415,0.0009397976090923521,0.021296919593078556,0.01064161893882698,0.00272479765271072,0.011646453656709355
2018-04-18,0.018380838182918247,0.0007824607184669929,0.0020445869762699687,0.0007403334515743154,-0.008030758803426075,-0.0021075797290803777
2018-04-19,-0.003991996102457485,-0.0019573308498896935,-0.009235010531609689,-0.005563106397675099,-0.008179855753720489,-0.014610457908228014
2018-04-20,-0.0017158750743409001,-0.007630932179695016,-0.015953326549219327,-0.008515675134415979,-0.007233318573655723,-0.009274673775564235
2018-04-23,-0.0005725055780927413,-0.008007927882251131,-0.0025292454854914936,-0.00015006977363452023,0.0002534005232570635,-0.0008102841297641383
2018-04-24,-0.005168002628924473,0.004844167468110783,-0.021414541972196055,-0.013558531939627194,-0.004568027981201261,0.0037767083730022577
2018-04-25,0.0017256152186204687,-0.0065172673215023735,0.0011977699147598386,0.002468483560250867,-0.0067202462694666565,-0.0018867125217778558
2018-04-26,0.005159050784724339,-0.0035146807713912764,0.020834188322210956,0.010114338042629178,0.00697408629838403,0.013000231477992674
2018-04-27,-0.0005718507287424401,0.004232040306177076,0.000617233831060382,0.0009383679714494164,0.007684190258873791,0.01703113984084137
2018-04-30,0.004566253700190703,-0.007277441654352401,-0.00712019548664955,-0.007720186871777557,0.001764914364813741,-0.003934759811375699
2018-05-01,-0.005711066345868598,-0.007088207443339378,0.01136792657913066,0.0017751344079268705,-0.0036087675218654525,0.00902733985925952
2018-05-02,0.0,-0.0004851031664152572,-0.005914918820539405,-0.006740069202229471,-0.0010980538811926621,-0.0036533606424633547
2018-05-03,0.006280376754891126,0.0050820683949135415,-0.00012380123503863416,-0.0022061080926958354,0.004470888514471305,-0.0006540397250036634
2018-05-04,0.006806690824949779,0.0020898820929318163,0.018796128552617475,0.01286342766753723,0.0015131796326333102,0.010927591956430227
2018-05-07,-0.000565447355509896,0.00024084765259058116,0.008275430185594956,0.003377346077056309,-0.001597524522350291,0.006705332356648164
2018-05-08,0.002823981261510511,0.00016051246931869656,-0.0010228070774882525,0.0,-0.0009259048771337319,-0.005024458150207245
2018-05-09,0.008983784155934593,-0.0020889812252642415,0.010839766413440977,0.009619398824129988,-0.006000624062276749,0.006693907058474835
2018-05-10,0.005018099961101363,0.00681336824222889,0.010311442330806386,0.009307191910989054,0.008020266364772155,0.0077963193906880335
2018-05-11,-0.006136598129578896,-0.0014389666321497074,-0.0009440194011025582,0.003046680469720897,0.002519154198383333,-0.003443518604895779
2018-05-14,0.007248382679436283,-0.004088363068462719,0.0017100062847834607,0.0004766927925166087,-0.005297378005369779,-0.008595620094189016
2018-05-15,0.0011104872590879111,-0.016277595476396733,-0.011137141410347162,-0.006911045713807518,-0.011448322180297232,-0.016368300814907144
2018-05-16,0.005534075795562199,-0.0015524980696373092,0.006590670274392529,0.004196094075364698,-0.0038455018132790286,-0.003017081083929618
2018-05-17,0.0011029505181476829,0.0005722435830604056,-0.003854092839283396,-0.0008452067372584082,-0.0050644926493985665,-0.005004652687616407
2018-05-18,0.0005512369322224764,0.0004085717333053296,-0.005181799187787384,-0.002502972465850739,0.008568988070547512,0.0013193496365850876
2018-05-21,0.007684038666806892,0.000571682753271574,0.00559713464785716,0.007490327480028647,0.0005113425099940727,0.011797351465792971
2018-05-22,0.0010927044564419397,-0.000571682753271574,-0.0013065090235686583,-0.002784036851875449,-0.001536708899643635,0.0014322510486239892
2018-05-23,0.005446786577175011,0.0010614187645909823,0.008407642788474057,0.002747433398988086,0.0072335106375733815,0.00996980716286
2018-05-24,-0.006539491033616951,0.008532091201768566,-0.00029452406538066356,-0.002050728935142132,0.007939012627151243,-0.0020636147161710028
2018-05-25,-0.01487230191273925,-0.003079396764578135,0.0010017296584212687,-0.0023850905225932806,0.006205459350645981,0.003479572028564526
2018-05-29,-0.009478683740778315,-0.00016231041385150746,-0.004428905455911014,-0.011567804784224478,0.021666266922460764,0.004749122940546968
2018-05-30,0.012802827933781735,0.001460093554237929,0.0071355043205763025,0.013256190842971804,-0.006730391924893553,0.013481274278174027
2018-05-31,-0.0027694252283492204,-0.002190971551372378,-0.000646539353601483,-0.006144480870045044,-0.0016488245389512102,-0.0034168707594002257
2018-06-01,-0.006677716240902409,-0.004967644235412294,0.015577580194660712,0.009769837741874454,-0.005297688682062152,0.004426324189241271
2018-06-04,-0.011794564750255532,-0.0009801121170802674,0.008990052772120727,0.004739756266687323,-0.0072584553426304765,0.008670295294075814
2018-06-05,0.0016934061005224876,0.003914822104047921,0.0030937015476606433,0.0007274648179320664,0.0023415121858283428,-0.0026303482581537807
2018-06-06,0.0033783603484103253,0.0005696358194509088,0.005816890217456461,0.008325906893830393,-0.00813555835000912,0.002380323998077749
2018-06-07,0.003926986007981359,-0.0004882216623283142,-0.008164702552982739,-0.00010796926793243955,0.00963871228509472,0.0
2018-06-08,-0.0005598741711887456,0.0012201695433651238,5.718986353642208e-05,0.0029519718263717465,-0.003007362087643628,0.003622055164608895
2018-06-11,-0.0005604407261290412,0.0017868849442264079,0.0026908643154133216,0.0013291448339183276,-0.0018427207080646824,-0.001497204146587272
2018-06-12,-0.0005605651994828875,-0.003332688774722037,0.005246088507198543,0.0012913826191800482,0.0002513480712620364,0.0059760636634793585
2018-06-13,0.003918129699891804,0.0030080323755869998,-5.710379439793911e-05,-0.003195816830114495,-0.0005025170964580994,-0.019680741196083318
2018-06-14,-0.011236002060005301,0.0015411027282308254,0.01007331777746412,0.002514342559382321,0.008265138538127381,0.009449991213773323
2018-06-15,-0.024593850009466234,-0.016672509186741458,-0.0034972973707656507,-0.001276529802629156,0.000914350527279062,-0.0006270622281929761
2018-06-18,0.00864815478151204,-0.0018972637609842025,-0.000577660628812815,-0.00205886720154691,-0.000914350527279062,0.0002785020026756513
2018-06-19,-0.010386705362475102,-0.002562917808995202,-0.0028368485144287803,-0.003840317678914573,0.005803595453470756,-0.0010135309971710527
2018-06-20,-0.00116095538451777,-0.004480227388754976,0.007077315126562844,0.0017043267876761803,-0.008800800796854524,0.011091634615572943
2018-06-21,-0.007577823022444363,-0.0017477352868704443,-0.008726585129791076,-0.006287728662887737,0.005239927926965038,0.004751835901464219
2018-06-22,0.01969930351878091,0.0024126912728643646,-0.002221734946797227,0.0018210533661502382,-8.270188583825444e-05,0.007828298971501724
2018-06-25,-0.01154073612396811,-0.0037463887322166656,-0.02278802832487159,-0.01370661155489028,0.0022375699756054246,-0.0026025224734729235
2018-06-26,0.009818028806955592,-0.0052686490212927595,0.004076231326151536,0.0022115446464470168,0.0014060047801223163,0.003221338684812558
2018-06-27,0.005159050784724339,-0.005718147886605074,-0.013692191068601645,-0.008318600779007923,0.009379684634800434,-0.003842345426095406
2018-06-28,-0.0005718507287424401,-0.0030405479988209194,0.008565132318430813,0.005701429370849276,0.0002461372881983337,0.008901236825153092
2018-06-29,0.011376807578653114,0.0036306900201950043,0.002683183421138935,0.0014388274895873465,-0.0034448797959116817,0.002458604545151566
2018-07-02,-0.02114974714262008,-0.010080153442110884,0.006677790326381938,0.0021356026433947406,-0.0007824793118427209,-0.00554016091212528
2018-07-03,-0.0011560621810535743,0.010080153442110884,-0.011641718414492352,-0.003537658059395987,0.005341907642268495,0.007502510869235479
2018-07-05,0.005766992279851113,0.0033656028250153014,0.012335649932046167,0.008124936668129301,0.002864678008441146,0.011815868490017145
2018-07-06,0.004589702397584272,-0.0015972634935632612,0.015436611484819451,0.008422575604871696,0.0032642136596807703,0.005313842328073193
2018-07-09,0.005138560767775857,0.0024368812775596993,0.008957274783497837,0.008964077467627618,-0.006456775065577958,-0.007981515976184461
2018-07-10,-0.002280488325773433,-0.0018481290459551047,0.0007335193094641923,0.0035921347268903503,-8.179065112212669e-05,0.0020618373269272183
2018-07-11,-0.035438028522631004,-0.010905978807670635,-0.005089087986470453,-0.007341315013735361,0.003846367005621687,-0.0032763599834932933
2018-07-12,0.005308281010841132,0.004156581212429344,0.01708469688409764,0.009024881850680622,-8.124779982843222e-05,0.003034174168575987
2018-07-13,0.0017632057513496946,-0.0044116186573557314,0.0008356342676325568,0.0007870338330988602,0.002528772658168421,-0.003034174168575987
2018-07-16,-0.0213658635931,-0.0005102701051304948,-0.0023968060757670884,-0.0008941326130091909,-0.004164316348295394,-0.00536357316641034
2018-07-17,0.0011991009567027255,-0.01086273575472596,0.006064646910911797,0.004037317261514239,-0.001883750947130558,-0.006621781518480141
2018-07-18,0.008947281535325757,0.0002579541677247832,-0.001887919072419919,0.0021010185523406832,-0.004025094392430262,-0.004438750690506588
2018-07-19,-0.0011884137671955841,-0.004308123245285955,-0.005014188837077604,-0.0037789608608482794,0.006317883862219098,0.011671370499545475
2018-07-20,0.007109056611644071,0.006455244826309325,-0.0002236028965398873,-0.001143158299410807,-0.012344527453435283,-0.00969630891709361
2018-07-23,0.003535632505273334,-0.004815949835095701,0.0031795518242772047,0.0018576303883603984,-0.012415830653851323,-0.0020984922775397763
2018-07-24,0.005280185879622312,0.0003447760365951069,0.004112697420151967,0.00501937582028944,0.003432037510575192,-0.0050806526399567176
2018-07-25,0.013368321861919163,0.005500180472054694,0.013879980443310735,0.00848625702765915,-0.0015891607432951815,0.007919164135221202
2018-07-26,0.0,-0.007829712393953692,-0.015267459970667474,-0.0023619092551632193,-0.0019265122115461608,0.0033217648648689035
2018-07-27,-0.004049799677873889,0.0005181795313147219,-0.013588152074667015,-0.006799353988946599,0.0016754034144854657,-0.010744010855258779
2018-07-30,0.005780522157146972,-0.001555212880989032,-0.01423221446393974,-0.005236923887147249,-0.003437805046091924,0.0006204143696191267
2018-07-31,-0.005780522157146972,0.0029355602050307184,0.007623490105797437,0.004916770289086436,0.005445152921083718,0.0166128331904023
2018-08-01,-0.014598708063667587,-0.007355188129705148,0.003789789191702475,-0.0016718896792111693,-0.008180426392361717,0.007053611777044999
2018-08-02,0.005865082588852655,-0.005399323029875447,0.013514644519953656,0.005432836049469536,0.0014341225620899678,-0.004007163399832869
2018-08-03,0.0035026743749972944,0.0034867672609539824,0.0030589171223089906,0.0042761138452354075,0.004961514558907254,0.010770408607582382
2018-08-06,0.0017467143216318703,-0.005147198608389303,0.00586913370162101,0.0036601798112059214,0.0005864423292232246,-0.0013251072608921888
2018-08-07,0.007534036456059656,0.0022714889105870384,0.00363682788323505,0.0032967533453760467,-0.005210814973970912,-0.0018095539999718468
2018-08-08,-0.012198804419856213,0.002788736658923874,0.001209636692095728,-0.00041999026273753515,0.0010105828597133382,-0.005812398810422614
2018-08-09,-0.004099540774070043,-0.0014805645831970082,-0.0006045913122312285,-0.0013670644527206122,0.008382976085022698,0.00048550156423488033
2018-08-10,0.0,-0.0004358228922827223,-0.007670574689946363,-0.0067228911752907905,0.007236724887107471,-0.0076766241921406575
2018-08-13,-0.0052955876323736994,-0.015199092023380878,-0.0011082982084351656,-0.0037504552902047905,-0.0020741051514887587,-0.001959430567732845
2018-08-14,0.0017681364714752235,0.0009733276081034248,0.006247040390579883,0.006360236262874963,-0.0022444833957298016,0.004890637007799015
2018-08-15,-0.022031051721083994,-0.016766621575930785,-0.012310356794886346,-0.007495185377557334,0.005809183434837273,0.007654617919845563
2018-08-16,0.007796024475934971,-0.0008097887609235244,0.003286470714445322,0.008058977874618733,-8.292008520083272e-05,0.00807697684937736
2018-08-17,0.004172789158671808,0.009228205066865947,0.0002224816263192153,0.003514071212105563,0.001241019295389556,0.009202022215960781
2018-08-20,0.0017832513500386504,0.0049818196508901735,-0.0008900449521709319,0.002137690986555363,0.0066730832841033205,0.0007133008320181489
2018-08-21,0.0017798095616452514,0.0029240568705199976,0.003666095728425134,0.0023423059281668657,-0.0033722879174113984,-0.006081167537907106
2018-08-22,0.014126169109761832,0.002209555076481351,0.003873445440159884,-0.0005935688892524382,0.003946909546542976,-0.005636687941069418
2018-08-23,-0.0017548885428464445,-0.009491353686729376,-0.0014370640156204928,-0.0013283318055110627,0.001557474982480933,-0.0025291165236343005
2018-08-24,0.007582308925026204,0.017318039357995474,0.009249222131603396,0.00599979325901856,0.0019646475819437015,0.005891020835100846
2018-08-27,0.0034803911636824836,0.003759503232664052,0.010141226415909976,0.00786438487721064,-0.005740736317629391,-0.0036027498045063666
2018-08-28,-0.0040613516543528405,-0.007973022006626529,0.001463845252756002,0.0004831642679450354,-0.006021688155912308,0.01338439394442581
2018-08-29,0.010985809459008511,0.004563784025624962,0.01147193753436948,0.0053663897215754375,0.0013231117909331402,0.0002374590562093104
2018-08-30,-0.0017266082606663957,-0.004915718883920839,-0.0017689585005982167,-0.004056967499776576,0.0021455689546501233,-0.0064293485880924095
2018-08-31,0.0011513384483929912,-0.001144594028062329,0.001286325039467684,3.502586007098074e-05,-0.002311090041197339,0.003933767300512869
2018-09-04,-0.005770255124587731,-0.005122797149080149,-0.004294949212932053,-0.0017241339531564037,-0.005798132616692264,-0.011968844668205136
2018-09-05,-0.0040593240314770185,0.0034475118313483932,-0.012997786700565506,-0.0026947592630097716,-0.0026699099612494948,0.0057627895446836774
2018-09-06,-0.00582742038217976,0.00193953353678733,-0.008979906701589435,-0.003014726526618716,0.003669510220345451,0.002869267480609672
2018-09-07,0.0023350710999396895,-0.0027340278330774126,-0.0038576125343476875,-0.0019450446481901196,-0.008525570985395525,-0.01092250957306451
2018-09-10,0.0034923492822400704,-0.0007067924079828813,0.003362418669437872,0.0017371312456457844,0.0036863799262176755,0.00445574290061046
2018-09-11,0.00982957915606475,0.0006184538252069771,0.007674563826161496,0.003291686459217402,-0.007639843470582441,-0.00012050348778025466
2018-09-12,0.006880847284198577,0.008355710260063098,-0.002953095933548866,0.00024198297384270262,0.0023570303936004677,0.0004807428850872597
2018-09-13,-0.010916507570722711,-0.003597564816940846,0.01062350437846149,0.005897417002127092,0.0015124315927508292,0.004912025336577308
2018-09-14,-0.006374879360210972,-0.006526220333751276,-0.0029306725665545486,0.00017171692016137996,-0.004796885408117291,-0.006354136638534236
2018-09-17,-0.0011635254403676853,0.005206771454576931,-0.014507491424568641,-0.00530815458725975,0.0,0.003241986288477605
2018-09-18,0.009270126135303869,-0.0014974516487722411,0.008237723090902982,0.0054113601632010955,-0.010514784580393233,-0.0048071135732099535
2018-09-19,0.006323636698303048,0.0038711539862426037,-0.0007659389391694305,0.0010649664212269982,-0.005985129315852156,-0.011753920130868067
2018-09-20,0.0,0.003418801489790013,0.010995430721939314,0.008071004897271195,0.004620193838806408,0.00934182648459636
2018-09-21,0.0022894322596811456,-0.0068493312914386095,-0.005482690397627721,-0.000913845789524359,-0.0004270982942724544,-0.0003625733599053049
2018-09-24,0.014756263299022354,-0.00017621292913982955,0.0027771327485082153,-0.0033274320649683276,-0.0025646256083273755,-0.018120722692414937
2018-09-25,0.002251035160809156,0.0015850681638402975,0.0013586984646085654,-0.0009282350241610615,-0.0010282030663919528,0.0001245076850642235
2018-09-26,-0.004507212609376143,-0.005293338005936121,0.0007057943114947562,-0.0029971303995566245,0.0070031342408469754,-0.012045371004320238
2018-09-27,0.004507212609376143,-0.008884998236124986,0.008430299694683896,0.002790463460295989,0.0006805049835660881,0.00478512880400217
2018-09-28,0.0100671990118677,0.00631645770822864,-0.00021529158594102427,0.00010351585044077183,-0.0026402031265444492,0.013476597927856382
2018-10-01,0.018743602934884418,-0.0016864375351177685,0.002042970640939501,0.0034677782776171284,-0.007368182508251664,-0.009338957032412942
2018-10-02,0.003271520217340118,0.011482223287118565,-0.0022584811523538306,-0.0005828560487071144,0.006094350071020216,-0.0022546441313266996
2018-10-03,0.009211725727908515,-0.003959744500981799,0.0010763127023025731,0.0005487458577313475,-0.017524246495005613,-0.010715622409186665
2018-10-04,-0.010845963462883468,0.0005289130805081754,-0.019385357965370886,-0.007846303283396416,-0.007078801955450409,-0.008400400401008312
2018-10-05,-0.0021834546398751264,0.0028159089867116904,-0.012302992696053394,-0.00561317618467605,-0.00863205278425383,-0.0005111979775653808
2018-10-08,-0.002735962424381899,-0.011133826368820543,-0.006124359401692203,0.0,-0.0033673027360663355,0.014346359040472656
2018-10-09,0.0070979918702058775,0.0005329800140057017,0.0032339952353410695,-0.0014600455090789666,0.010068249504596949,0.0013861792877181145
2018-10-10,-0.019780863657495207,0.0024835810584162843,-0.04497580426576597,-0.03217506654481905,-0.00272791169329345,-0.014965218224546994
2018-10-11,-0.015096830738380085,0.025366544894875886,-0.012480571999275547,-0.022273039373505554,0.01208647162122034,-0.029040458684165493
2018-10-12,0.007856458968333424,-0.004761667949174431,0.02744983105994958,0.013793061352694203,-0.003488165976748725,-0.002634503334446592
2018-10-15,0.0022333131171650145,0.006660030947979401,-0.012178119383973396,-0.005633071646880872,-0.0004372112000714523,0.006704178901317803
2018-10-16,0.0044519691710736,-0.001725599613775941,0.02867742584349564,0.0216305175205731,0.002269715715128129,0.020359647895724642
2018-10-17,-0.008923594258970269,-8.637796161536926e-05,0.0003949441772252982,0.0001785246587484579,-0.005947277257042138,-0.0038582514519927003
2018-10-18,-0.01126790816453127,0.001122068685606159,-0.023455418914599235,-0.014546820892741508,-0.0003508107436323016,-0.0019350857568234403
2018-10-19,0.005649761166929501,0.0007761304849287498,-0.0009241204836287764,-0.0005425894164643452,-0.0021960103905334094,0.008613513260037564
2018-10-22,0.0011261827147581727,-0.0025893597255199907,0.005130694177450046,-0.0044990637084341145,-0.0013201432940288527,-0.014051161827944192
2018-10-23,-0.022191576019965797,0.0058595627338764444,-0.003687067376890063,-0.005103693524520558,0.0031649684601546824,0.004404157854071222
2018-10-24,-0.006928456217601298,0.0023171370069290376,-0.046847138993103776,-0.03076685983421079,0.007520941279013371,0.009390946777065423
2018-10-25,0.004047392993772991,-0.002231204310531254,0.03401076710473916,0.01778123478432292,-0.00419081982797298,0.012723020595585055
2018-10-26,0.007473529855593242,0.003173610933107085,-0.026058930107885736,-0.01774366595325727,0.00601862917840279,-0.024313654864178247
2018-10-29,-0.010362721756352666,-0.00394713997893259,-0.02079554644993209,-0.005555700607817293,-0.0022635068026275462,0.01261440445310047
2018-10-30,-0.005221976449860222,-0.004394427867848272,0.01634559266734925,0.014709525648249233,-0.00498056536293312,0.013593879687985755
2018-10-31,-0.013470236621682119,-0.00562895197466684,0.023233334994515076,0.01062472773409251,-0.005093398229529811,-0.011804881663456612
2018-11-01,-0.0071005100135215216,0.012770867635503613,0.013104074607784177,0.010585418533923807,0.0009262027310485976,0.0047133302232866825
2018-11-02,-0.0023782415422655134,0.00017150439484403535,-0.01569844292082756,-0.0059408238187090845,-0.01251106689949033,-0.008294598086387772
2018-11-05,-0.0005954116006323673,-0.0024032178261350623,-0.0024828233385045806,0.00550195017285926,0.003921240228812017,0.014754789853587802
2018-11-06,-0.0041778372744110115,-0.002839826579174698,0.007547456684516618,0.0063078205557545175,-0.0006227290362170734,0.005037630087632472
2018-11-07,-0.002395195679674167,-8.619930408748644e-05,0.030885457314279385,0.02118311913603499,0.001333932750705813,0.011864610559483957
2018-11-08,-0.006013209290128163,-0.0021569397313125904,-0.006399366181362609,-0.001816575328674297,-8.886222839787905e-05,0.0007441803632071142
2018-11-09,-0.010915814213237507,-0.011291663536045604,-0.01699554586506835,-0.009816240531468345,0.007438631554650854,-0.00012403392883353348
2018-11-12,-0.002441988183811361,-0.007188596482678555,-0.030725917490634913,-0.01886212344910909,0.006506484282618352,0.001983205935160548
2018-11-13,-0.027891593008541715,0.0003518058272167224,0.0008413198612915451,-0.001873003819066632,-0.0006136369350508986,-0.0009913650011617037
2018-11-14,0.00876095280313205,0.008233404279792467,-0.00765830929967759,-0.0068597960436864724,0.0006136369350508986,-0.002481830759272441
2018-11-15,-0.0018707555267440945,0.0011333182475068426,0.017342499398250055,0.010382198202655957,-0.00043810667162169636,-0.006857126273140501
2018-11-16,0.006222826102216583,0.007378878966228797,-0.0035161101162231034,0.002597440897669223,0.00577079826597604,0.010701767344583502
2018-11-19,0.0,0.0004323180677419103,-0.033016841609730285,-0.017059230107754786,0.0027857044037853385,0.0013605128694074153
2018-11-20,-0.030868609523674095,0.0,-0.018056661850529565,-0.018679688783520554,0.0003479783930933067,-0.01031273674829869
2018-11-21,0.008282816033486018,0.0016412774591652024,0.0075739899955848955,0.0034017420981831137,-0.0003479783930933067,0.0008739763806007161
2018-11-23,-0.02962221626736472,-0.0007771357154267022,-0.007259561833159012,-0.006701233472725221,0.0010429105129574623,-0.001997924771469428
2018-11-26,0.004564774002361993,-0.0011235233509472309,0.02285104993998477,0.01601580976517525,-0.0022605460228222185,0.0018729079550121597
2018-11-27,-0.003911396824433755,-0.0059846872094899695,0.0033708097399376413,0.0033585747595186177,0.0011309531671894746,0.004234261779811455
2018-11-28,-0.003271089372918645,0.003733780363456063,0.031675971708209794,0.022764227490529976,-0.004880885624742426,0.008907984566294935
2018-11-29,0.0065316604755230045,0.003115272664463653,-0.003265823577133453,-0.0021872285494719534,0.003924231648647414,0.00024625007512568686
2018-11-30,-0.004567752639323075,-0.0017294794115239043,0.007229455634696791,0.006076710928938134,0.0037355207802676205,0.009436622494372493
2018-12-03,0.022632791215706494,0.007501675441847766,0.01732523566367128,0.013154783394830893,0.0070750887792474515,0.005352916682435982
2018-12-04,0.0006390336569572774,0.006080599945142318,-0.03911128591433766,-0.032939541657636795,0.016603048895953876,-0.014913034705292816
2018-12-06,-0.00834127762675374,0.00017072178718180453,0.007035303108461122,-0.0015179743193423079,0.003135250299419745,0.02445246264121259
2018-12-07,0.011531196951069855,0.008077219150825599,-0.03357304305946762,-0.023510120092526066,0.0018600435801872095,-0.01318588930553588
2018-12-10,-0.016051679712983713,-0.003477935715566538,0.010417505440887709,0.00189520579169411,0.004129545649007582,-0.00647468226676029
2018-12-11,0.00580823221975546,-0.0011903699128756884,0.003306167966683482,0.00022717312186859573,-0.0001686043788557967,0.0004902139287263907
2018-12-12,-0.0032226703602824536,0.002124676769657441,0.008763055134808795,0.0050229930139380485,-0.004468211247722564,-0.0155562278404755
2018-12-13,0.012828832484966579,-0.0022097759847801157,0.0003028207254072157,-0.0003396854984529796,-0.002368817597533379,0.005762839418036236
2018-12-14,-0.015414394344439586,-0.004007006751401754,-0.024650102211727365,-0.01863710641128602,0.003466815758790709,-0.0028835846157555522
2018-12-17,-0.011719030853006185,0.006895742533218119,-0.02292041649359966,-0.01981333874767266,0.0058072560178645816,-0.038392252773888025
2018-12-18,-0.02117876202573532,0.0023726710074090107,0.006268631242512868,-0.0010972740166641515,0.005970511014084856,0.010253405238578317
2018-12-19,0.0040053959264523264,-0.0061126025718980515,-0.024861508534193888,-0.015088786941597654,0.01312434585495037,-0.011036572747568307
2018-12-20,-0.009370749880346363,0.01529583691870684,-0.014601409060710502,-0.016411897903749306,-0.003637194494011453,-0.015129140224893867
2018-12-21,-0.008781046426644679,-0.00437046119321316,-0.03148401441346316,-0.020702456249074963,-0.00016595580730704995,-0.01401623903938276
2018-12-24,-0.011126101918431885,0.010890577890308784,-0.02511041724229468,-0.026778159173486138,0.004957358163865777,-0.03627292383712
2018-12-26,0.021993900662441224,-0.0030039490254063494,0.06056680726357744,0.04928979571430414,-0.010773201964558332,0.03290692431632536
2018-12-27,-0.00956285122687106,0.0075760760319356635,0.003862686019878936,0.0076480326430630186,0.0001664499846514289,-0.000135244244456878
2018-12-28,-0.008270172538548781,0.004055775698518893,-0.0005229601501257619,-0.001290743212352119,0.008379294689209615,0.0032326658956840504
2018-12-31,0.0027642794429842965,0.0015682595209627337,0.008397503457763023,0.008720694672608609,0.003792801873464313,0.0026859283769278264
2019-01-02,0.002756659261616612,0.0006595913377136498,0.004011602617988608,0.0010397875685699276,0.005253236650333726,-0.021964598679669045
2019-01-03,0.008224901980848909,0.00902531942317264,-0.03321646911128706,-0.024152199092410953,0.011315183105407911,0.006967014545186778
2019-01-04,0.013559601701731427,-0.008119106827352951,0.04189481900865033,0.032947045890375115,-0.011642902033681679,0.011639385087295118
2019-01-07,0.0073800902049412365,0.003452516077851797,0.011835274788140282,0.0078536288044182,-0.0029526786369133973,0.00977399984094074
2019-01-08,0.009976653536472035,-0.002711713990728448,0.009004930700654334,0.009351467407636704,-0.0026316822088965353,0.020442798482584124
2019-01-09,0.019659942727091817,0.006397649700216057,0.008116488073308226,0.004662847019332617,-0.0015656734901670077,-0.001437478655956781
2019-01-10,-0.0025990332947332107,-0.005904086348646587,0.0028559870489912598,0.003521088216683843,-0.0064545810674436765,0.013505053108996634
2019-01-11,-0.0032583923868156894,0.0017256811414601003,-0.0036648170186008855,0.0003862892401853557,0.003893875260398083,0.0028338904786879837
2019-01-14,-0.008521874788824046,0.002378067354322333,-0.008876457147430905,-0.0061196134602203855,-0.0037278758950627378,-0.003350007233508201
2019-01-15,0.007868934863727528,-0.0017215161032266835,0.019338788509328353,0.011395573438562678,-0.003658998246648615,0.00950452989767836
2019-01-16,0.005211693330799516,0.0031947551186357614,-0.0001852413990102164,0.002416953925015619,0.0009996960235429952,0.007006043280265217
2019-01-17,0.0006495469566183409,-0.0013094038577046163,0.007853495611760408,0.007558165445861853,0.00024961021700242725,0.004812147560622648
2019-01-18,0.010336064352522545,-0.00896648938779876,0.009851816725483964,0.013222329096014285,-0.005255577639585063,0.0034047930837450835
2019-01-22,-0.007094499055258385,0.0035468368649853588,-0.02023341602999018,-0.01360283548291008,0.006751931944647183,-0.0030262928501434416
2019-01-23,-0.0012953798961237162,-0.0014007184915953985,0.0012957985902302127,0.002090574778605081,-0.00041519311249871294,0.00012653923633365594
2019-01-24,0.0025890119718452453,-0.001567871305494073,0.006454219347470591,0.0005311032473906963,0.006544238024098981,0.003403331377974439
2019-01-25,0.005158001351744712,0.014511460180241187,0.011878200084784574,0.008425307282937666,-0.004800436146238596,0.01238073355656688
2019-01-28,-0.013596896838334427,0.003493810602621217,-0.01242966634760645,-0.007628792909681437,-0.0009959171684235102,0.009770303570622474
2019-01-29,0.009730856240206975,0.005580978043919771,-0.009486147415891821,-0.001327617620646926,0.005052792677278539,0.007846080363407282
2019-01-30,0.00707631531027797,0.005710387238117676,0.025119795726182836,0.015706489398993995,-0.0007442706781128905,0.00802726928287889
2019-01-31,-0.00514135497859991,0.000481058043325433,0.01485751529622803,0.008744024927558769,0.008564081811576862,0.010364209663705992
2019-02-01,0.008980115970067537,-0.00200601872686601,-0.00423100759125461,0.0004815831194937559,-0.0060586458494000794,-0.0063741222683777465
2019-02-04,0.0006383514201893092,-0.0043467903708815925,0.01234515018393978,0.007010800403150164,-0.004474154189373358,0.007452660904143649
2019-02-05,-0.004477112411656936,0.002578149168765087,0.008809079220625904,0.0041832206062863975,0.004556627871423302,0.005731979875977622
2019-02-06,0.001281129983479623,-0.00678184686965988,-0.002986444661837062,-0.0013190814142554075,0.0004962619464565776,-0.0065707427118768535
2019-02-07,-0.009649406047374853,0.0024273450059935087,-0.013520701064074103,-0.009578637702055914,0.006588613577258151,0.008236232102505348
2019-02-08,0.0012919607536172606,0.003791101346321213,0.001959565897375448,0.0012207820931768865,0.004258799632740562,0.0
2019-02-11,-0.005827158126602949,-0.004923141507008566,-0.0009496935410222562,0.0005546206767270689,-0.003930835487007123,0.0027302649407987545
2019-02-12,0.005827158126602949,0.0021013677593764157,0.014678112533089482,0.012777279714073941,-0.0025472237775394646,-0.0063028665326738675
2019-02-13,0.005793398979685449,-0.0039639080913298486,0.0007017917759588599,0.0032416560414478823,-0.00379103114507906,0.005116861989351129
2019-02-14,0.0025640463140721437,0.005577307519395447,0.0012273951012415907,-0.002220752624374711,0.005681442590303121,0.0031993007826889297
2019-02-15,0.018395848540309068,0.0059471805227806485,0.004196320027670453,0.010838331995855377,0.0015592836104278973,0.006721675878747391
2019-02-19,0.0025109301860610778,0.015109582852092629,0.0019755812920312366,0.0017294103564546859,0.0025377669521819968,-0.00023497867441868436
2019-02-20,0.0031298921362310494,-0.0017378437981703243,-0.00017422457814753045,0.002012943355902408,-0.0028662882437542336,-0.0062497110592527605
2019-02-21,0.0031200570882572443,-0.011370537714507911,-0.0036641624801845296,-0.0035621888764181264,-0.008979114005962963,0.000945710323992266
2019-02-22,0.0024891939607165625,0.0035920768439101636,0.007373091776141649,0.006180983118859729,0.005940395786723229,0.005891403325824385
2019-02-25,-0.015028540587052053,-0.0010363715360961478,0.0036370182177742905,0.0013600121341568183,-0.0029658258701248386,-0.007902497074358195
2019-02-26,0.004406721134568414,0.0016736332310030022,0.0010368807904947985,-0.0007153756651341325,0.004938219381441122,-0.00308327807834452
2019-02-27,0.005012568403509832,-0.007112343678443267,-0.000633562525483633,-0.0004295689214037779,-0.011394013761943711,-0.005001365071612085
2019-02-28,-0.002503073702824654,-0.005629776625606375,-0.0023066326023295503,-0.0018646207251595825,-0.0034104956192875235,0.0026231314194422595
2019-03-01,-0.01134237157870599,-0.017163968380321748,0.006904822015482814,0.006224779625404686,-0.00928563123130921,-0.003100733183096338
2019-03-04,0.0031634873723969115,-0.002628983617742442,0.0001719951334298031,-0.003644109685223995,0.007806365573221896,0.004528063441509467
2019-03-05,0.005041135586841605,0.001315387092918563,0.0007448179991627057,-0.0013614518013911336,0.0020888327130510476,0.0027307693149696277
2019-03-06,-0.005672962566225959,-0.0009041270457164075,-0.0056877280795939456,-0.00607515267154124,0.0036649968820672285,-0.004634751008591564
2019-03-07,-0.002531660393012558,-0.0008226265106170416,-0.0123484197605368,-0.008400732126797372,0.006463955439896196,-0.0021464799842334514
2019-03-08,-0.0006338295555230467,0.010886084259377427,-0.0015177997294255618,-0.0020015605550778304,0.004203621663311452,0.0010740269383511247
2019-03-11,0.0012673281487627364,-0.004896357818092056,0.020584987430230406,0.014396930200995861,-0.002965481945763848,0.01456068936981847
2019-03-12,0.006313291019514278,0.006035459879401905,0.005479299332763254,0.0037638235558326016,0.006988010929812383,0.0045726795645162355
2019-03-13,0.006273404736107047,0.006968612448215339,0.00748480664995288,0.00659737200947319,-0.0018857316320701756,0.004901559587048077
2019-03-14,-0.004387317470840202,-0.011614284265949237,-0.001696167467588161,-0.0006402492854586939,-0.0072495506802052745,0.0015124023201993353
2019-03-15,0.0,0.004564337107022531,0.009238008969163936,0.004928560040466046,0.0065924355453104155,-0.003143587495239686
2019-03-18,0.005012568403509832,0.0005690800870326029,0.0023788094559327178,0.003619629447126016,-0.0005749521070406161,-0.005026541664633122
2019-03-19,0.002496893389143384,0.0027594883221055966,0.0033561724819639593,0.00024790731352464235,-0.0022218955942339136,-0.003051490986309524
2019-03-20,0.007453420925995324,0.006463126873943459,0.003957629799487883,-0.003014417235132072,0.01040653313208928,0.003051490986309524
2019-03-21,-0.004962746488612613,-0.00403454108769985,0.015511385517788412,0.01123115324199464,0.002197997532404905,0.01765637481325566
2019-03-22,-0.008744601684443243,0.002342023390243142,-0.02220910077761573,-0.01943398141146524,0.0154155860964309,-0.007280269769633918
2019-03-25,0.003757033857917147,0.007633907060241363,-0.0019057897422802839,-0.0007520576692696679,0.0016005476163334365,0.0012747752731652184
2019-03-26,0.0018732716475904354,-0.00497549468884273,0.00464587520261972,0.0074262611684066115,-0.0007197217769032704,0.00796106806638619
2019-03-27,-0.005630305505507582,-0.0052430167604846645,-0.006443210628099827,-0.005242830162377032,0.009160230773742839,-0.0028772232808549347
2019-03-28,-0.0031416218108595295,-0.014253957303042242,0.0023021259121334126,0.003783375319310167,0.003482222593511608,0.009656914192126997
2019-03-29,0.0006290444060628175,0.0009019770912042091,0.0075424149591478695,0.006285692628535955,-0.0009486376177862965,-0.0009197531922442437
2019-04-01,0.009389668350971103,-0.003941890257644687,0.013160661259389528,0.011789764926493085,-0.014305237036814411,-0.0005759547382995223
2019-04-02,0.0024891939607165625,0.003695988550421525,0.003782933104710118,0.0004895652666823125,0.001847353249406325,0.0069982545275451
2019-04-03,0.0012422772971216745,-0.0014767440573919544,0.005729601673934326,0.0015723285808295628,-0.008705619160669364,-0.0011437116465833341
2019-04-04,0.0006205949473265804,0.0025419025120267946,-0.00038060647287352367,0.002649285804033674,0.0028299856188791495,-0.0016039495598860753
2019-04-05,0.0030968664485171438,-0.0010651584546348403,0.005157536632892423,0.004829159513646708,0.0012902360635056453,0.00696890272084616
2019-04-08,0.0037036244328794155,0.0043355523546013686,0.00254198655111626,0.0007620428457526529,-0.003553705385719752,-0.005593783575922551
2019-04-09,-0.0018500976131772262,0.005210460213683987,-0.0035170799178043666,-0.0051379827870992045,0.0031506711735334036,-0.005280261593415325
2019-04-10,0.008604858467611276,0.0030808947099307815,0.0053520594720488646,0.0034051623410800147,0.00241660569691593,0.009164763605945758
2019-04-11,-0.004907942813142885,-0.012872932029622142,-0.002375310710482026,-0.00027772339811971136,-0.005890808750228516,-0.0006843711157387133
2019-04-12,0.0030702432307974092,-0.0009844542413608437,0.004314410608310837,0.006743197992397754,-0.007147997092148195,0.004781361400743478
2019-04-15,-0.0018410145401195344,-0.00188968841218351,0.00016162947957720775,-0.0006550121424311328,0.002523846416869091,-0.0051237799839869425
2019-04-16,-0.0036923656966694196,-0.009004202217837154,0.003437467545759354,0.0006550121424311328,-0.006281034841990163,-0.02286205031829791
2019-04-17,-0.0037059808949795325,-0.0019104067944004655,0.003478966770318337,-0.0024497690023430607,0.00040925533855862284,-0.009151723250562682
2019-04-18,0.0030892131510387166,0.000748007237989512,0.001281408380177318,0.0019670406399487916,0.005221017013476548,0.007632181749775313
2019-04-22,0.00492318162370875,0.0,0.0028245711506533766,0.0008614419928285599,-0.004812544950847375,-0.011056113066367779
2019-04-23,0.0012269663570210199,-0.0020790892290243335,0.012638200176951386,0.008951740063837477,0.0021235970204029897,0.013159362132530106
2019-04-24,-0.0036854931938674618,0.0029095034311525936,-0.0031577880872850628,-0.0022218330559775623,0.008125716316536469,0.00732713680678998
2019-04-25,-0.0018478870429214922,0.0008297251865103661,0.004050683404095423,-0.0006161792825523094,-0.001457946181726122,-0.0020881117275646233
2019-04-26,-0.011783023562527806,0.006613259149985673,0.000891847747534591,0.004646033898412227,0.0033980921600065273,0.007865095629544072
2019-04-29,0.0006236217415529488,-0.004459139554906066,0.0019389935499392053,0.0015663539976351615,-0.0064013503264162,-0.009840868842530881
2019-04-30,0.0031123576598304226,0.003057434262503378,-0.007778045814909262,0.0005102526693301357,0.005108363387580361,0.009495175463559491
2019-05-01,-0.0031123576598304226,-0.006622502907560168,-0.0032236605840676447,-0.007544959184771827,0.004116580909823142,0.0008063164471687756
2019-05-02,-0.01128548121908235,-0.003827907452540913,-0.004349890271911683,-0.002161050985331592,-0.004773493194450751,0.0010358866753001905
2019-05-03,0.0006304445095142164,0.005902166622600014,0.015822653250637586,0.009740202580037938,0.002834719954494247,0.008476621207559099
2019-05-06,0.003145574916914917,0.0013252386046360698,-0.006140943563482715,-0.004123870405561725,0.0027451779468856685,-0.0031986680630655684
2019-05-07,-0.012642319374294608,0.003305527606358716,-0.019672013066012184,-0.01684071084163019,0.007632269572572348,-0.018245568058410377
2019-05-08,0.001271356528100398,-0.0024780734551379524,-0.0025269880663429944,-0.0013900646158271357,-0.004330738023352154,-0.0010494142260997208
2019-05-09,-0.005095508604909149,0.0023955509816442344,-0.005397524300806644,-0.003030458068255193,0.00409075405321957,0.002563293197986205
2019-05-10,0.0019139040546787278,0.0018959191232168493,0.0012438395273468572,0.005010739106626083,-0.0013615755311695565,0.010648023463138756
2019-05-13,-0.00511193056085002,0.010159840539079035,-0.035318991354476026,-0.025451296218830244,0.007824824410611164,-0.001036490643577359
2019-05-14,0.013363281472266397,-0.00171336954431478,0.010915600338549325,0.00900294644206312,-0.0029473941572693008,0.0036811340607831866
2019-05-15,0.008810711185693432,-0.0005717761663674992,0.014025359430265283,0.005840728100809933,0.006124237660908527,0.006751637156491519
2019-05-16,0.005623130791081898,-0.007216080906090383,0.00999941795556758,0.009218377827014734,-0.003335734157234427,0.00398408927661098
2019-05-17,-0.009389668350971103,-0.007102776783024289,-0.01027242654457261,-0.006485886178833944,0.0022246360583135782,-0.0019330911458910194
2019-05-20,0.004392823881503194,-8.290551782685895e-05,-0.01702572572486627,-0.006633960430872499,-0.0020657454047183776,-0.014560442969683507
2019-05-21,0.0006259640171930592,-0.0023236423674717344,0.01039333360384287,0.00897499452758499,-0.0015921395602562782,0.008509763997199826
2019-05-22,-0.014497529185230285,-0.0009975291545636367,-0.004464606763981749,-0.0030761033628952106,0.005719148591569301,0.002972659459245186
2019-05-23,-0.02117501997026361,0.007704775453648338,-0.015420503836975463,-0.012293918918207858,0.011185233871170652,0.0022808390181419114
2019-05-24,0.013526758556235308,0.0010723379767867414,-0.0005049604345348513,0.0022660087605057555,0.0008609160661938731,0.003070333690192939
2019-05-28,0.008282966261191849,-0.00388222691557516,-0.0037677153897064386,-0.00934454094447279,0.0071743142504869795,-0.00992840184664523
2019-05-29,-0.003814356863877766,0.00033099640161360355,-0.008260258429120704,-0.006733092192854784,0.0030257672347930864,-0.013393674523826782
2019-05-30,-0.010243350162142839,0.006761236816409166,0.004195332260632512,0.002727564651737069,0.008561580471730501,0.004176112027753476
2019-05-31,-0.02673786786322596,0.013386857013474085,-0.016081468551083056,-0.013567043382275656,0.012441950992503337,0.005770983315788847
2019-06-03,-0.003310164390752046,0.014329650783140302,-0.022264019847622052,-0.0025460862340933588,0.006666700356110944,0.002413782972734424
2019-06-04,0.0059504439721940194,0.00031967486235551235,0.027767426545724838,0.021474429645452986,-0.011467395382227963,-0.004487585759247459
2019-06-05,-0.020646808507440717,0.0025536658304687876,0.0074049690485953334,0.008624720478062287,-0.0056678949698723,0.020659528348319967
2019-06-06,0.01734531312406684,0.0032623544765035817,0.007913573776251681,0.006481685687940164,0.00322093614052843,0.0019183522812440401
2019-06-07,0.003301495383373876,0.005624438342681337,0.01912777388341258,0.00995720048051485,0.008614377309527299,0.0037138188429155505
2019-06-10,-0.0026402795814419733,-0.010003215486539041,0.011587753637813059,0.00457884035994649,-0.009456845813472725,-0.003262443646264046
2019-06-11,0.00658763746374369,-0.0011975692988466236,0.0013640010938864577,-0.00024285802399504064,0.0006126376583637239,0.002700933983997622
2019-06-12,-0.01388450226767679,0.005179100221238464,-0.005796621592232043,-0.0017664321155770324,0.0007653952170416645,0.0033662503404334743
2019-06-13,0.01257047124365318,0.006100693501630339,0.005905689179280138,0.004117652634763047,0.003437941110654208,0.004247519985523418
2019-06-14,0.003936997281241528,-0.0003160129284811575,-0.004261689308840744,-0.0011056990388818022,0.002513803974300899,0.000557699613892737
2019-06-17,-0.004594734125637601,-0.000632265286402145,0.006004720721895396,0.0003802439653028955,0.0017479855729476412,0.010645497412460792
2019-06-18,0.011772562614315696,0.00504732439223865,0.01442693732146072,0.0104163041366645,0.004999011803401565,-0.0009932462514701257
2019-06-19,-0.0019524460363755658,0.00603897083808036,0.0037481272195361015,0.002255544790612518,0.001434413977210447,0.00539566681575554
2019-06-20,0.01999419656345358,0.0248661554938181,0.009256478177809058,0.009508587620183029,0.002637257146376193,0.00503884567790891
2019-06-21,0.0025510352886510823,0.006613693416667843,-0.001483976979942625,-0.001454750242728231,-0.011047369735441848,-0.01419581588845098
2019-06-24,0.004448729728908418,0.014741593126273322,3.206128019073162e-05,-0.0012251333994210967,0.007428737229457916,-0.0034415840561798916
2019-06-25,0.0031654899485356047,0.0019392450876951628,-0.01731569199890881,-0.009856525760930879,0.003091765432025717,-0.014901112947339534
2019-06-26,0.005044173625804227,-0.009207653748306122,0.004640128517239717,-0.0009977776753729017,-0.006420103636909147,-0.020181959983992748
2019-06-27,0.0,-0.0009781791081797664,0.0038142081242051873,0.00353953271450802,0.007022113988496059,0.012790775854921499
2019-06-28,-0.01074936081154787,0.0027063662544692946,0.001286019573632835,0.005132504489606227,-0.0006772694837815507,0.0034390420634871077
2019-07-01,-0.000635915703542711,-0.019559428102496668,0.013404370454726866,0.00903759399049342,-0.0023415082607920468,-0.00045809144203712293
2019-07-02,-0.016677795984553434,0.0211348135480538,0.00395485848704169,0.002601168903651363,0.007683522123004494,0.017249311904859788
2019-07-03,0.009655617401573391,0.001647702692010533,0.007497834615515231,0.007963168908309726,0.007103289473993968,0.011855662708731174
2019-07-05,0.0019200286865013183,-0.011212861349997993,-0.002039264737301316,-0.0011386225347704837,-0.013350974970323115,-0.0035643344142624045
2019-07-08,-0.00127963318831803,-0.0064533961744341894,-0.007038452276118434,-0.005510267723686901,0.001358058905799986,0.0035643344142624045
2019-07-09,0.003195982428177313,0.0034976216131425986,0.004994853471187,0.001246136569378109,-0.0003769869456897723,0.0033302987174863574
2019-07-10,0.02146547911856711,0.015664164068756037,0.009916057250466181,0.004766937386316172,-0.0055220587091682205,0.005745504975405602
2019-07-11,0.0006244005644742145,-0.008479433149487292,-0.0007272601002137336,0.0023412099983275425,-0.013440239821561839,-0.013086324733996513
2019-07-12,0.0024937107851217277,0.006235244213343094,0.005752251699466804,0.004467184180880324,0.0011523799615860142,-0.001340422612615022
2019-07-15,-0.010641557702515847,0.0,0.003198271363316074,0.00033226617298787176,0.005742492609798866,-0.0007827993621551954
2019-07-16,-0.010756232109027763,-0.00849856515023717,-0.0051639848499815955,-0.0032302204274499147,-0.002981785479962973,-0.0023520814647657318
2019-07-17,-0.008945829398868899,0.016331233962022296,-0.004930386042555135,-0.006828334345181375,0.010739882754011276,-0.0033698382280906714
2019-07-18,-0.00708535973330271,0.014019221072833155,0.0011438478297538524,0.003653815799679272,7.550754098772927e-05,0.0
2019-07-19,0.005800866979536856,-0.014836917525038906,-0.007354586893615789,-0.0055701901093829775,-0.002350637421139723,-0.016448329836907583
2019-07-22,-0.003218468888808612,-0.0001487748968767022,0.007926103209894286,0.0024535270353167604,0.0018964427017964525,-0.0009156231126796754
2019-07-23,0.006426612458463321,-0.005668654760058622,0.0065229080235038595,0.007124837845253751,-0.005472051411868684,0.011269861537148707
2019-07-24,-0.004494288367320465,0.005073447292028632,0.0069937169003875255,0.004688282328406679,0.004334347589109555,0.0007919876207642673
2019-07-25,-0.0038686050951999285,-0.007095118991376381,-0.009525047980599943,-0.004788324947997857,-0.00479174203951338,-0.005898562660279438
2019-07-26,0.0012912704890521987,0.0016475793640440273,0.010242056314150538,0.006677354917958844,0.0023608373130183935,0.004540951967779705
2019-07-29,0.0038634794038134856,0.006637600502191532,-0.0034365894215371284,-0.0018225402466631735,0.00030425761253294326,0.002714279442426637
2019-07-30,0.005767339748761646,0.003339374239096138,-0.004325471802814285,-0.002457673796562254,0.0024303080912053687,0.007987813494458429
2019-07-31,-0.00641020537655379,-0.013199706898716634,-0.013926550180560326,-0.011000736360982089,0.008008282593035432,-0.003929822613820022
2019-08-01,-0.028042362835031476,0.023738202587374246,-0.004983658046885608,-0.008746123599887135,0.019666138173193737,0.0
2019-08-02,0.0013219946864073684,-0.0038193529104750823,-0.014834859750451734,-0.007557914795027543,0.009198414916116171,0.004825951236882453
2019-08-05,-0.008623555175715225,0.013885007839557595,-0.03597425847230795,-0.030534841712586136,0.017140922863108088,-0.01990116103124162
2019-08-06,-0.005344211191216974,0.008095529492026188,0.013901596266254757,0.013925807369922438,0.00796097064714818,0.011017218913720761
2019-08-07,-0.012807737591888468,0.015075486815260497,0.005387662548640648,0.0005903252349135357,0.00035736544599096476,0.009667354734603784
2019-08-08,0.005412837404235926,0.005022054446004454,0.021530505750972928,0.019430294823123972,0.0021396513578082477,0.017410966179124188
2019-08-09,0.008733632925177481,-0.0033216839398715337,-0.009446312623810016,-0.006835082010011817,-0.00199679428140076,-0.001210055057406123
2019-08-12,-0.007385045433552229,0.009651773675578568,-0.011541131422164064,-0.01224761465185864,0.02063460911982684,-0.0026452036321416017
2019-08-13,0.02331107333570781,-0.005977346952418472,0.021677794807569484,0.015431634743228173,-0.0034325236302015227,0.0014333537755408798
2019-08-14,-0.015257295793190906,0.006818296719088401,-0.030340534258448848,-0.03001364028218667,0.02227963310068848,-0.015324766178201443
2019-08-15,-0.008053777542516904,0.006632923311853389,-0.001149672368085497,0.0026387164235366356,0.0110577811801722,0.009910826608263257
2019-08-16,-0.0006740664098021654,-0.006422796323197311,0.015923074543475302,0.014646835372414735,-0.00804270515966099,0.01025146166987323
2019-08-19,0.00470895097230839,-0.011765243129746139,0.01577934789145008,0.011975670049704235,-0.014405721087538126,0.0072126861311749835
2019-08-20,0.0026809812601720218,0.007765153200510078,-0.007778183471566891,-0.007692266160685968,0.010291056655615805,-0.0071029693465129995
2019-08-21,0.003341280436683469,-0.00316943748851628,0.008839009417005883,0.008102988053814819,-0.006686938352562066,0.004158387999700253
2019-08-22,-0.004680760656319727,-0.0025427378094429187,-0.0032389378015880155,-0.00030782328551026694,-0.006662944966160822,0.004576504865455355
2019-08-23,-0.007399949462297162,0.01940043582556772,-0.03215706958316478,-0.02602305515617065,0.01630089410286395,-0.014122590658484313
2019-08-26,-0.0006754322684670022,0.00013874512727696242,0.014990896412843568,0.010997563799727494,-0.004050267668443297,0.007688103464625229
2019-08-27,0.0067338806902284,0.009525229640209965,-0.0021123860255150007,-0.003931437763644574,0.01529121440047998,-0.002848782663175342
2019-08-28,0.008687093245522082,-0.002820513317677076,0.0035721181835510762,0.007016780030950187,0.00128608280492859,0.00328619527397489
2019-08-29,0.002657749090860584,-0.007190355573253093,0.015174405596814822,0.012692259088892044,-0.0037959808815104523,0.00773458918892711
2019-08-30,-0.016053793308691056,-0.0025705723222451127,-0.002397456221499006,-0.00044428671424423527,0.0002717059382177922,0.0007595783039091586
2019-09-03,-0.0054091776732296815,0.013817145553141508,-0.00975565636271547,-0.005864442319784224,0.0012911159963993057,0.009926480140027394
2019-09-04,0.023451805026734718,0.0062241824051145755,0.014332551352612022,0.011286704460029995,0.001493921941822407,0.00833967052519391
2019-09-05,-0.001325425155970894,-0.024293839589282662,0.018153056082267582,0.012772925238310862,-0.01827654357507491,-0.007266428576031991
2019-09-06,0.0026489485888201436,-0.008559662387184197,-0.0009910517604962976,0.0007723483357100491,0.007089740413203316,0.002249672037216044
2019-09-09,0.009216740915204635,-0.0037414803722946033,-0.0020901139814659686,0.0005029308639574737,-0.01792431297710273,-0.00482719797380593
2019-09-10,0.0013097283683087824,-0.0085947664634487,-0.0028808497490260265,-0.00023476784985376753,-0.01768332271153561,-0.010375869820197892
2019-09-11,-0.007224973900139542,0.006045366225015947,0.009345521846029214,0.007086040450016817,-0.0017789547980600062,0.001085629576525804
2019-09-12,-0.003963148680937056,0.002054249269613173,0.004148850944970306,0.00345775643832269,-0.006572051425409953,0.005303827857361831
2019-09-13,0.0,-0.008313640257218147,-0.003577281639285168,-0.0006641245835634635,-0.021590669584058197,-0.010745102431723552
2019-09-16,0.04338664640929535,0.008313640257218147,-0.004476843498333771,-0.00309334459664079,0.012663253052579648,0.008691970271291538
2019-09-17,-0.019194514541774232,0.00197935004540728,0.004788455906599154,0.0025286377269804206,0.005409114645212654,0.010759359992966289
2019-09-18,-0.00648083055838633,-0.006305141849163753,-0.0004156150294241101,0.0005978225469336351,0.00423406159217965,-0.0034299550328844575
2019-09-19,0.0051881066193333325,0.004042645700960357,0.001660846926121451,-6.623245123105193e-05,0.0030040707700669245,0.0035373375604663693
2019-09-20,0.0012927239390529977,0.011751169204553769,-0.01063510322779937,-0.004736085234884335,0.013124029061996723,0.0
2019-09-23,0.0025808039986241482,0.005580782257567307,0.00044095802618215885,-0.00023430277293456925,-0.00021127210693716592,0.0016039370706613099
2019-09-24,-0.011665816571885035,0.005272991620432599,-0.013369838497121478,-0.007878250455767066,0.011982223317746232,-0.0022211448161026937
2019-09-25,-0.005884306118846716,-0.018719501081169376,0.011162683500090864,0.0058976271148809545,-0.014735202806538616,0.0019410347042194687
2019-09-26,0.0,-0.00028212781803826914,-0.003689312128119404,-0.002085822262320569,0.006412021725782147,0.008367567718472912
2019-09-27,-0.003942170918694643,-0.005161727926225268,-0.012486602425609838,-0.005401308524612958,0.0024546328618013646,-0.005570732993129823
2019-09-30,-0.009923995746345504,-0.015647105922202975,0.00947223535038777,0.004626958344232435,0.002449599806051417,0.0017172247153380837
2019-10-01,-0.0006650997813339998,0.005457893373497669,-0.0081894678124943,-0.011965978331712535,0.003006178119228764,-0.00948159853094932
2019-10-02,-0.008687093245522082,0.011606023170116941,-0.017344304897797258,-0.01782262424173897,0.0024399819600997574,-0.0042311443349989375
2019-10-03,-0.001343153411136555,0.004520416059329513,0.010915399994435582,0.008159105943356337,0.009080446790679098,0.00962954870769206
2019-10-04,0.008032289040218021,0.0,0.014618372715855976,0.013441436870183843,0.007356528349365732,0.006011751688912881
2019-10-07,-0.0013342672185703286,-0.008563635410989257,-0.0030234809636136006,-0.004323626062380015,-0.008322948119111828,-0.002142824551248701
2019-10-08,-0.0006678389976242372,0.008704599917037648,-0.015094221293637133,-0.015646594313331263,0.0026899825696862223,-0.0052699452016620185
2019-10-09,0.0026686099118511386,0.0009156241246355279,0.009714285426073666,0.009451287123859231,-0.005664359884462122,0.0019390467530771005
2019-10-10,0.006639907191744676,-0.008767683192965947,0.007714726147296069,0.006741014680050839,-0.015006579194706049,0.0016130934247220452
2019-10-11,0.011842344055749354,-0.005554769940673054,0.01279684035015105,0.010313735412716518,-0.012454437896990633,-0.00042983318596512277
2019-10-14,-0.004588564005548523,0.003991150393420462,-0.00010481935026351863,-0.001114836817225573,0.007237269680224756,0.00042983318596512277
2019-10-15,-0.002631667607723376,-0.006995001671277201,0.012636300172414572,0.009851632176892444,-0.012162236719081676,0.0012883921290463007
2019-10-16,0.001316626252341635,0.005713914835704159,-0.0024835113873935555,-0.0016071948452207607,0.001215591587433451,0.0001072381916342735
2019-10-17,0.003939655517948726,0.0014233647353725232,0.002638474953619685,0.002945190551173482,-0.002432529279841056,0.006523979836135396
2019-10-18,-0.0006555810373543025,-0.0010673064134527621,-0.009656424865147173,-0.004387057828656005,0.0,0.007645748687179932
2019-10-21,-0.0013123066121747406,-0.004781550075213303,0.008829537982105506,0.006756046821363881,-0.007551549834762028,0.007587630917628374
2019-10-22,0.0013123066121747406,0.0029287043785162226,-0.007994989604270586,-0.003272226622636154,0.005830236755528517,-0.0029437695703862232
2019-10-23,0.012382053271870141,0.0023510275929137237,0.001926697759623508,0.0029056463547281197,0.0010044648991796024,0.0022085096281694305
2019-10-24,0.005168069418861609,0.007090719694469172,0.009681406529018055,0.0016325366550713483,-0.0020099397626509585,-0.0025248845909304762
2019-10-25,0.005782089463896245,0.0023289599557347884,0.007954074938844258,0.00408673146371985,-0.004896516652055816,-0.00856802200135931
2019-10-28,-0.003851009197446853,-0.008637230479381586,0.009816773777412635,0.005620743950861318,-0.009138144674023962,-0.006073726321463191
2019-10-29,-0.001931080266449392,-0.002776885194245793,-0.007774126669245263,-0.00029710969512919405,0.0006557335058623437,0.006073726321463191
2019-10-30,-0.006464216694830771,0.005475210184932244,0.004834256887359167,0.0030627138598209314,0.014528064402065333,0.0036055743937417617
2019-10-31,-0.005853688253049327,0.00994884493546877,0.00045671328394902844,-0.0026665502405087693,0.013400355521928198,-0.001801214487660019
2019-11-01,0.018099994411776343,0.0009123470738270356,0.00904169107764119,0.009221044972373527,-0.0030834759963118685,-0.00021209026544966036
2019-11-04,0.006385787351042005,-0.0028801514371741277,0.006165772458866847,0.004009531849394676,-0.013248629485304697,-0.007024860897085539
2019-11-05,0.002542926460494588,-0.01631233186859138,0.0005495127458727822,-0.0011066986068328788,-0.011310336747839322,-0.017129562315833624
2019-11-06,-0.010852364627425448,0.00428106853055521,-0.0022501207312357607,0.00022812063538868443,0.006033447627621591,0.0021712702767597847
2019-11-07,-0.0006420401366926676,-0.015643205521890913,0.003348320413628869,0.0035108908509817738,-0.01828478938501288,-0.010025534350424081
2019-11-08,0.002565690952581523,-0.006384733806550358,0.003983712132788142,0.002463040795618987,-0.004215768670672304,-0.0024124722859282244
2019-11-11,-0.006426612458463321,-0.0024048241483871635,-0.0013425564869642415,-0.0019118762911531917,0.000666609436696497,0.002193328189703969
2019-11-12,0.0006445229945670761,0.0026958749275864946,0.002882033013350771,0.0021057048556221147,0.0045823476742556934,-0.007587091201769702
2019-11-13,0.001931080266449392,0.003994072881030597,0.0002476944939493464,0.00032354465878903227,0.006467625396721743,0.009119660703039045
2019-11-14,-0.0032206137760213416,0.004194711040663712,-0.0007937374542752451,0.001454765619227416,0.010276485102910016,0.007735642102122853
2019-11-15,0.005147972157579339,-0.0025291110010527973,0.007320628593316059,0.007210311141617964,-0.0010885209711508637,0.005411417005266372
2019-11-18,-0.01032265534283816,0.002962025072170249,0.0007882631914313265,0.00073738432766568,0.0018133419518058247,0.004845957235516174
2019-11-19,-0.009120596590237895,0.0005049030061829995,0.0014761743609268407,-0.0002881580540972095,0.008298732713531543,0.0017172247153380837
2019-11-20,0.013004009286444518,0.0005045382424526679,-0.006017216271955839,-0.003726239942031029,0.010294033220869636,-0.0005364417237743169
2019-11-21,0.009003288960703681,-0.00549209735682421,-0.002228423828175785,-0.0016094149133651925,-0.006278366686227166,-0.014155316248406713
2019-11-22,-0.0006403954981832882,-0.001885795159979331,0.000644327839342651,0.002220906978423365,0.0012877194442451056,-0.003706780504758811
2019-11-25,0.0,-0.004803179633254828,0.0117722057468157,0.007720173475997072,0.0029265806950835582,0.0031625045919838612
2019-11-26,0.005749061794822374,0.004803179633254828,0.0019078472557714221,0.0022631297105899506,0.0058265381233519875,0.013196467855926208
2019-11-27,-0.005108666296639086,-0.005314014225370478,0.006964514192305593,0.0044474998301540225,-0.0029092235681105194,0.004717044507323465
2019-11-29,-0.0200458437077784,0.006184806112979224,-0.004572788153582863,-0.0037155968997399924,-0.002133891160300827,-0.0046095505227485845
2019-12-02,-0.0013072330646970443,-0.0005079436043828878,-0.010291747729488598,-0.00853074431800227,-0.013422846875294603,-0.01526583314490182
2019-12-03,0.0006537937487469669,0.009534253178573593,-0.007863312874079043,-0.006729251337212361,0.020750455100222,0.006416042136580202
2019-12-04,0.015564599158224723,-0.001366776763793709,0.005051710143544774,0.006151393075882972,-0.010035060183764877,0.004110901134834144
2019-12-05,0.0019285974147389418,0.0005757184354600042,0.001973885607353232,0.0017963023934006728,-0.0048763625634880015,0.0005397417601464838
2019-12-06,0.006402068878942124,-0.009977704836757084,0.010641875630801323,0.009092543257202657,-0.005549651669858768,0.002048025999539682
2019-12-09,-0.001277181747253664,-0.0002906488870486612,-0.004546687879679823,-0.00314907497981487,0.00216568317902599,0.001936228615389446
2019-12-10,0.004462982403873106,0.00283069966065419,-0.000833556294036697,-0.0011159247354983748,7.271072509507093e-05,-0.005820182506480975
2019-12-11,-0.004462982403873106,0.006861935627691551,0.005282604799243806,0.0028349382240442367,0.0078297003302783,-0.010213407386197026
2019-12-12,0.008905923493386592,-0.0035334849047758965,0.0074365547991046554,0.008582104776265531,-0.016594777436905517,-0.013633901161174578
2019-12-13,0.005053803367866205,0.004468872836715931,0.0032875860798711187,0.0005989140923992053,0.011501227802509284,0.000221472841160697
2019-12-16,0.006907319956407143,-7.198939739794241e-05,0.009988870185397403,0.0068463213364822195,-0.009031158622969215,0.007168693050059183
2019-12-17,0.00437088045227485,-0.00021577975709607955,0.0005731590023518862,0.00021932342654285009,-0.0013794160594589044,-0.009495951180697126
2019-12-18,0.0006228449454819263,7.200493236858563e-05,0.0007638024170697477,6.242941490697262e-05,-0.008245740370659504,0.012115195717862903
2019-12-19,0.004349224197935708,0.002586212637701202,0.006232200986054259,0.004090779317752258,0.001598415208227344,0.008823122625583046
2019-12-20,-0.0012405978855793975,0.0010039397404915107,0.004022885953104627,0.004374687018799506,0.0013184761456308536,0.005475059580077435
2019-12-23,0.00025212643693750536,0.003077203372165549,0.0026379393223781022,0.0015263228410340446,-0.0014649828350359329,-0.005036031416554287
2019-12-24,0.004404017684431771,0.009387789011396919,0.0005190649107769119,3.126771185879562e-05,0.002854132564271694,0.0026305564189152975
2019-12-26,0.0075046095278819,0.007826590803155398,0.008785649687628627,0.005309437351604274,0.002408657728995678,0.004369296115286581
2019-12-27,0.0018675387727737913,-0.00035125602256869115,-0.000842449535121581,-0.00024801458851086977,0.0010926842493583777,0.003156003514369843
2019-12-30,-0.0018675387727737913,0.0021055808220618033,-0.006575455616808057,-0.005528455669880472,-0.003647790890278557,0.0009775371825417878
2019-12-31,-0.006249980957156787,0.0018911434545749728,0.0018830324422083322,0.0024261927276203465,-0.00984198366425204,0.007138083233166448
2020-01-02,0.0012531250790024373,0.007320953634035732,0.016559457417601564,0.009308570280504469,0.011230220398716462,-0.011816583390589663
2020-01-03,0.011827084453302827,0.01318126588252877,-0.00920215251606038,-0.007601082890192679,0.015282936954116977,0.006196229377464668
2020-01-06,0.0018547706052531865,0.010434868967012179,0.006422452648215504,0.003807918657287246,-0.0056950460280340565,0.001191838611393159
2020-01-07,-0.0006179198644535866,0.003927428056507587,-0.00013905932748503602,-0.0028156756116954895,-0.0049277513733336775,-0.011212404643632823
2020-01-08,-0.014944212175906912,-0.0075298025846350924,0.0074881646927904555,0.005315265317414664,-0.00663303210841093,0.003060617167629509
2020-01-09,-0.004401110921927298,-0.00566768448635635,0.008437728958536006,0.0067576076326734125,0.0035041007291845006,-0.000545886469279111
2020-01-10,0.0,0.006008107616787939,-0.0025605549093494773,-0.0028816876781521117,0.00885162875817258,0.00761447380046576
2020-01-13,-0.007590190445488698,-0.007447144703816022,0.011470892170706293,0.006853761477167097,-0.0030384530379361507,0.011956724185561818
2020-01-14,0.0044346383277269474,-0.00089194118264313,-0.003945285848428348,-0.0015258541190448227,0.00513099543107387,-0.0037545822494511327
2020-01-15,-0.005069756586944862,0.005817289492434874,0.00040893006170072965,0.002257356321167414,0.006609678755030934,0.008988154489163236
2020-01-16,-0.0012714479265065748,-0.0015707412123404652,0.009537606430190415,0.008283898575808024,-0.003155422941807373,0.007956879350402346
2020-01-17,0.0031756633572759263,0.0018437252860081799,0.004936660845356933,0.003107627607256802,-0.008585251244297432,0.000950485982865068
2020-01-21,-0.005723419250998507,0.0010909837309727166,-0.0004478461902781561,-0.00195998203518144,0.010451070845661548,0.009457337147367184
2020-01-22,-0.013483263992473127,0.00034059751071335853,0.00263904398971615,0.0001207548055939256,0.0035068869594860885,-0.006715799023433888
2020-01-23,-0.008438956904448958,0.0022455988755121226,0.0032111284409683805,0.0011460907259888131,0.0069774219122082926,0.008387419452604128
2020-01-24,-0.015107067932308649,0.005828553518776758,-0.008451073556524413,-0.008932968403621011,0.00805605421195743,-0.0034512635766974498
2020-01-27,-0.018704648796642243,0.0068021258430706055,-0.020871808766714572,-0.01615890755424232,0.01543512230048183,-0.004830925288771937
2020-01-28,0.004709100846665759,-0.008966868036617726,0.015243080235688211,0.01042432276954397,-0.007862182890874259,0.003992625949850392
2020-01-29,-0.004709100846665759,0.005403248480831735,0.0016241841170971938,-0.0008260469810279503,0.0097316837476491,-0.0036768978865904245
2020-01-30,-0.008804606811093851,6.7318940979888e-05,0.0035553304631443794,0.0032398216791102996,0.00013841614608978148,0.0007364824691276084
2020-01-31,-0.008196715044215708,0.005775708477189667,-0.015985049230367032,-0.01832478216014266,0.009087714549187886,-0.012274244253853261
2020-02-03,-0.01869216563383791,-0.00651687759559838,0.014996281483531604,0.007401122268253957,-0.0008096088068683116,0.003295016907199688
2020-02-04,0.0013966393994615522,-0.01309430818678159,0.022630741469338744,0.015126471071588377,-0.013558774923261296,0.010240317770577434
2020-02-05,0.015235731119084939,0.0012285555646718294,0.0032917333701378837,0.01148168110553982,-0.010995060454000338,0.000629898103604809
2020-02-06,0.004115206159712059,0.005373934234125244,0.008594891179900976,0.0033592398548893954,0.00449650834913129,0.0033532143841021878
2020-02-07,-0.005490788915927247,0.0026423634506587135,-0.004310064762552024,-0.005343891078648966,0.012401248887203842,-0.00020915105377916632
2020-02-10,-0.008987214479823091,0.0025679490647929626,0.01201310667625588,0.007437724989783234,0.002765462945229835,0.011133850659279076
2020-02-11,0.0034662619655123628,-0.00344789243087007,0.0001722464158335768,0.0017315159744732966,-0.005052957845005146,0.007525526673576977
2020-02-12,0.013745833925359996,-0.0008130784812250269,0.009694157501253464,0.006422161926542103,-0.005078490990693574,0.005938912671696883
2020-02-13,0.0006824314702629231,0.005677303718111482,-0.0012814828388973964,-0.0010676161130653838,0.0038284348584900485,0.0060051904313604965
2020-02-14,-0.0006824314702629231,0.004169722276595955,0.0028594137718327417,0.0016006995360822174,0.004367641479136708,0.010297841404721453
2020-02-18,0.007480511130375067,0.01273735095184314,0.00038349230250211974,-0.0025802670812629103,0.0068259876937686315,-0.0011054464393467356
2020-02-19,0.00944040803205759,0.005814285510176376,0.009539887222096866,0.0047697311124599295,-6.879394092607072e-05,-0.013565596709158356
2020-02-20,-0.004034949635656204,0.004076339518292116,-0.009326861965915256,-0.004116612597536928,0.00780247770932796,0.011855040370233105
2020-02-21,-0.004051296434998353,0.014913455926308217,-0.019396492616523986,-0.010351530254088637,0.009297580184748355,0.0029166868763130793
2020-02-24,-0.019126294118815057,0.00894500265671816,-0.03932654016244008,-0.033727799439072115,0.014818137408819432,-0.013752960927595481
2020-02-25,-0.018796270895139244,-0.018035934723933167,-0.027568476096576866,-0.030770912321425925,0.00531010307018942,-0.027458341974765155
2020-02-26,-0.009887101223588157,0.004360980385151869,0.005140923194203673,-0.003685127098463248,-0.00531010307018942,-0.010838291115785381
2020-02-27,-0.017179984096143297,0.00019481624361361582,-0.051371365190455265,-0.045951548546750765,0.010790241726818195,-0.054684489088089094
2020-02-28,-0.017480544526109032,-0.03717601874476628,0.000777661185346723,-0.004210184489060964,0.02233277267024203,-0.02443302208509479
2020-03-02,0.02252193456564422,0.00551108364665609,0.05031638205169475,0.04239526770419655,-0.007384561441027948,0.0418247497522275
2020-03-03,0.002152761079251775,0.03095039019408663,-0.032592735939410034,-0.029050369440528634,0.015405383578451115,-0.002308614777486895
2020-03-04,0.0007166630747557079,0.0017529903517550238,0.04087541671395911,0.04117347610364419,-0.010675049142462534,0.03705925918018593
2020-03-05,-0.010803060839896794,0.021370951204574773,-0.03085322543491209,-0.033806532864377736,0.02458723216398795,-0.02165853590205824
2020-03-06,-0.03312782889562804,0.0003808885074381152,-0.017016163708364118,-0.016669571428336027,0.050734818429989836,-0.01738401752166041
2020-03-09,-0.08104129257202297,0.0016488747161256256,-0.0719949716649868,-0.08131245987280078,0.02674225238339112,-0.08022669769041446
2020-03-10,0.031165191979664275,-0.021327151826289636,0.05301979773249954,0.05045030128523553,-0.05261839337605245,0.041380901772382295
2020-03-11,-0.01826169247978049,-0.0035667044227176703,-0.04453193988413595,-0.049976411084933225,-0.037491633405277724,-0.06196936534841768
2020-03-12,-0.04088886863086438,-0.0407056042424383,-0.09617088649638461,-0.10056904989409698,0.006177256098490069,-0.10680943835013768
2020-03-13,0.010792987617019634,-0.030991552565301284,0.08130850003045342,0.08202833545659072,-0.022861866730517377,0.08367727039355444
2020-03-16,-0.0621740114024778,-0.011512126298224956,-0.12759243911627838,-0.1158867119928706,0.06275425793143175,-0.1951360442708978
2020-03-17,-0.015943742407221517,0.013464426338705593,0.07310338490682788,0.052585103507389874,-0.06901018924866076,0.0561978808890129
2020-03-18,-0.03359370237911863,-0.020123106842711458,-0.030888340760281352,-0.05195981044631459,-0.058067099391413635,-0.09996174807444103
2020-03-19,0.021014901591727586,-0.019086492837834257,0.005984027536789505,0.0021225336433232656,0.02686250105393917,0.00350886414883389
2020-03-20,-0.01090922971690178,0.01488438314668361,-0.03996369027041169,-0.04405027818156704,0.07250211049270039,-0.05111752682590609
2020-03-23,0.011812875607470463,0.04323149614629607,0.0007219783298708649,-0.02590070468149186,0.04038256690675546,-0.04752575799111769
2020-03-24,0.02144870176559799,0.047389520259250695,0.07458570474828718,0.08673115792121244,-0.018789330730371034,0.0861471225876187
2020-03-25,0.016659639571819262,-0.013784208180364743,-0.00743298486073396,0.014859198797467776,-0.002274322297485476,0.05244510542698633
2020-03-26,-0.003484206490302011,0.012740714714697177,0.05132074153911237,0.05674876076517954,0.004909648479442197,0.06814613159055494
2020-03-27,-0.003496580587236675,-0.0064814490892439736,-0.034998480783309915,-0.030238373660946394,0.026342875802706445,0.0009997420206451224
2020-03-30,-0.002630506310342895,0.004390990264266925,0.03572773854767952,0.031959589623854257,-0.008263006057450006,0.021606365972007602
2020-03-31,-0.012367473550730423,-0.03236482169365207,-0.008576445392146859,-0.01501770148432957,-0.00814986846977206,-0.024465625698183224
2020-04-01,-0.028856838762356674,0.009411793149400438,-0.04341854757561503,-0.04604909642098054,0.013913366491591361,-0.06797072896806311
2020-04-02,0.01903090971735777,0.016260501110561876,0.02009184476475223,0.022813200013398927,0.006325930634796251,0.0033653986903274813
2020-04-03,0.024823908906072223,0.004925309776577791,-0.014294653862361173,-0.014559908404280897,0.002376988724448914,-0.014614444821224204
2020-04-06,0.005240153558130789,0.027333533815435018,0.06905492852267692,0.06500700463319031,-0.002614998646746969,0.07145875695784287
2020-04-07,0.006944523556817295,-0.005368871400719399,-0.0004072592035626599,0.001019143185309268,-0.010527698567316612,0.009191739156050094
2020-04-08,-0.0025985124352421174,-0.008947881947437786,0.02101002211699665,0.033016850661651276,-0.0073025201527334715,0.065967090094321
2020-04-09,0.0025985124352421174,0.025788169295063668,0.0014445361901795906,0.01510326339624779,0.0018156434555054446,0.05455997994273165
2020-04-13,0.017153064392032125,0.0169951055139288,0.010745774933550223,-0.009172413225659426,-0.009171995428739699,-0.042983739156677636
2020-04-14,-0.00853980119307618,0.007837301543346165,0.042571793393899604,0.029066168918020274,-0.00024481467786241495,0.02766001710747279
2020-04-15,-0.02079794031390403,-0.005115017933585264,-0.011536132795377796,-0.021477023461789813,0.026144806792094855,-0.04044164101121339
2020-04-16,-0.002630506310342895,-0.0008653689753943539,0.018075748121690438,0.00481308344788367,0.011293278747857904,-0.011454385123337296
2020-04-17,0.004380276960404217,-0.019608466717140338,0.009520786720891294,0.026656920896669156,-0.013495711794832665,0.031091844898421428
2020-04-20,-0.01674775051113464,0.007100853720992006,-0.011915140125212886,-0.017774870262574183,0.008013295191436676,-0.03789205341894508
2020-04-21,-0.04825716630790744,-0.006848673348053502,-0.03759767747757614,-0.030834249808059155,0.012512697611146706,-0.01831648445285694
2020-04-22,0.013895560257294548,0.019479888950845847,0.029242817339363292,0.021952199173964182,-0.010269321121620933,0.015172690213349327
2020-04-23,-0.0027635867134776504,0.009905643795524277,-0.0021353174100644523,-7.167504279959047e-05,0.005294847539031089,-0.008385518991111063
2020-04-24,-0.012999273631193464,-0.004294729942651898,0.01564750391872849,0.013841774782076932,0.0023432053610559223,0.004270514704167283
2020-04-27,-0.018868467720439597,-0.006662589983554845,0.008010979873528612,0.014315797544077746,-0.01878860318815878,0.03365403221251828
2020-04-28,0.0009519216670961228,-0.004466516323335057,-0.01901414204019858,-0.0046089358714302975,0.011445728978508818,0.008206610887046217
2020-04-29,0.017916546053343474,0.005518192454017523,0.03484668523012591,0.025841608581877118,-0.005202889417122769,0.014915818670995229
2020-04-30,0.018519031791879303,-0.018282683683788825,-0.00041110786417331013,-0.009354355942969406,-0.011745894951748603,-0.011625609825163252
2020-05-01,-0.012927152079721616,0.006152293383342666,-0.028589741569733818,-0.02683007670496096,0.008527675077830033,-0.034350406214814555
2020-05-04,0.012009305606480059,0.003498676361159525,0.011589917920852955,0.0027543683951005704,-0.004714983204388901,-0.004907176299860261
2020-05-05,0.025386615317880334,0.004232069630407231,0.01127336867801354,0.009196679525376616,-0.006422075394344695,0.004907176299860261
2020-05-06,-0.01989223083445557,-0.012938939248233972,0.006137562835040633,-0.006801333452506775,-0.016267384657497885,-0.0181124540240285
2020-05-07,0.006372506954952062,0.0152341241085594,0.012794510093955935,0.011994275049040048,0.016568525264450074,0.014161257899649726
2020-05-08,0.020656389638269435,-0.006028427741239462,0.013611801630611708,0.016410897285981108,-0.013086655832411864,0.023476465158868365
2020-05-11,-0.013423032180826855,-0.006253147010599314,0.008899244569935405,0.00020518816583603439,-0.007835905888136097,-0.01464192450992563
2020-05-12,-0.008141204666356039,0.0038815245238019713,-0.021159727383285976,-0.02013267422946985,0.010211707773017942,-0.04653287538802697
2020-05-13,-0.010041197756221809,0.009576645345897639,-0.012594590714843257,-0.01784438242297348,0.00697237660727712,-0.024540013463794974
2020-05-14,0.017281002425703296,0.008811127536123564,0.01128840708549994,0.011896136331186469,0.009739679766229692,0.003480663627880798
2020-05-15,0.00987001267571852,0.005627947839550451,0.00647028574045283,0.004586786882633476,-0.002576117969793401,-0.0039166964399943716
2020-05-18,0.028170890558010253,-0.007592898231851386,0.018460880120698242,0.030004963900108983,-0.022199536385760332,0.05747323212819966
2020-05-19,-0.0026076421515357495,0.009603940342588935,-0.0025094570377088843,-0.010324613209535372,0.003734596611538521,-0.013540068217555934
2020-05-20,0.01725676342577387,0.0023714668825753904,0.019771438245699713,0.01684550852791311,0.002989893469858451,0.008863120759565746
2020-05-21,-0.0042863057950150996,-0.014683616168536417,-0.010950373084436471,-0.0069278348733821105,0.0024942959833644807,0.0008269229482058549
2020-05-22,-0.007761955443779112,0.00589940071477546,0.0034459699013451583,0.0018975233982345685,0.005998483650722974,0.013410303755185815
2020-05-26,0.010335849063059843,-0.014316858429626933,-0.0027033954815482986,0.012244959552657697,-0.013501015893887747,0.03669777909078498
2020-05-27,-0.012936709098503751,0.001800809585778218,0.00544263594348493,0.014769561178657575,-0.0018384399000792584,0.019720093863687005
2020-05-28,0.005194783849507001,0.003344744865694693,-0.0013037591961282402,-0.0018466824599334686,-0.0036870505583683766,0.004742013650097299
2020-05-29,0.017123691455825707,0.007331471236597054,0.014546640792747922,0.004445899909319984,0.0071165858878954324,-0.010022846391372298
2020-06-01,0.005924744474682608,0.004593203918142663,0.0029952761792433336,0.004033598441400166,-0.006755290747430642,0.02285426461669271
2020-06-02,0.010910655854654117,-0.006497892824854468,0.006685166925242569,0.008246049510002962,-0.003642947857074752,0.008046452599054454
2020-06-03,0.0,-0.01862251139241966,0.0044887696413713485,0.013220494393022975,-0.013386117970923372,0.0315530458624389
2020-06-04,0.008312547563225081,0.010471254055873125,-0.007038177235566323,-0.002630324362541181,-0.014585026505130827,-0.009998999138917775
2020-06-05,0.019672821567755516,-0.020483689915413272,0.019633246348733202,0.025306725130595176,-0.007148598311095711,0.03716845236607469
2020-06-08,-0.006514639738485428,0.01076400243904363,0.007729966782811459,0.012014857661844403,0.003835809497980236,0.024493705710531444
2020-06-09,0.0032625356751170287,0.00959564535506452,0.007218695272801945,-0.007484233361004122,0.01129428959040446,-0.016730932840647306
2020-06-10,0.006493666220014127,0.01422314285485271,0.011930236455290455,-0.005595985271221515,0.014719171065036285,-0.02575330328738623
2020-06-11,-0.03289776489635443,-0.007240232329264629,-0.050818887013882375,-0.05937751017309001,0.01872395049513198,-0.06635185314656589
2020-06-12,0.004171952502685539,0.0014153150353442001,0.007916582642063297,0.01190478719801824,-0.009687710322614507,0.03521557277726295
2020-06-15,0.009117286572100092,-0.0017848491512042486,0.012093898318008556,0.00929269345651651,0.0005540872285454412,0.014039518208632806
2020-06-16,0.008217010990840823,-0.0004929560183830617,0.017026923454813492,0.019063947592954378,-0.015452161060214742,0.019498244466597647
2020-06-17,-0.0049220457846619325,0.0019087937874244787,0.0031655987054577395,-0.004161941667971014,0.004119051086231451,-0.014618041274633953
2020-06-18,0.005739946917479699,-0.001970395110546974,0.002705574430768465,0.0003848203169400932,0.010532121739871947,-0.01101348538379554
2020-06-19,0.008143494378649141,0.01097257622136727,-0.00016369927237036563,-0.0057313268984939825,0.0008009882341113439,-0.014625951000587278
2020-06-22,0.01048812940916255,0.00644142707482942,0.011921323377238835,0.006394484708567738,0.0001235291078778289,-0.0009993401581605
2020-06-23,-0.004827098490959525,0.008384398864595966,0.00847490105087445,0.0045935133059993305,-0.006858129747507213,-0.004133057089218184
2020-06-24,-0.025317828381380192,-0.0034899960158005783,-0.02083098642867931,-0.025839931261076643,0.010667914735540407,-0.028902818660220042
2020-06-25,0.009057410386721365,-0.0006028992986149007,0.009474394597508429,0.01066362311914304,0.0028790529594262537,0.012691228315028447
2020-06-26,-0.012371303358260644,0.004453219386376439,-0.0238982533530665,-0.02403830515209826,0.01064675262486503,-0.019380086728156165
2020-06-29,0.016461262575576452,0.0005403343600223209,0.010847397256438462,0.014590871517632387,-0.0031523142043354824,0.019122717080352736
2020-06-30,0.004886061277332487,0.00443108649793178,0.019411956448503354,0.012728064258808125,-0.004868260961206516,0.011784471805116326
2020-07-01,0.008090607364886981,-0.004491160110102754,0.011604431370118462,0.006980458466284922,-0.0019436426283006014,0.02278664041041356
2020-07-02,0.0040208886260830745,0.002158277937509112,0.0067636016063588045,0.005492013613091373,0.0010400509247059375,-0.0028670537493429293
2020-07-06,0.007993684518235344,0.005970880083946639,0.024287433865327834,0.015319307797841297,-0.004104366990117292,-0.0004991040957760262
2020-07-07,0.000795856494414604,0.006290434327038241,-0.006912809577307222,-0.01036768102065544,0.013957786135014416,-0.020057691650250398
2020-07-08,0.012648309966947213,0.006192353605402268,0.013086065786508172,0.007619712726498307,-0.004002428117119372,-0.0014024709617785902
2020-07-09,-0.011853086356440112,-0.0027080639028707054,0.008388056397426347,-0.005709150043567313,0.015796495129788646,-0.0062721220840584735
2020-07-10,0.006339125254432698,-0.0025972650920351725,0.006804125731307842,0.010158837567938228,-0.0050376087004595504,0.003076773701648605
2020-07-13,-0.010321757180553615,0.0012403879870825918,-0.020785028163296637,-0.0086969408605988,0.003301538197922227,-0.011975962523724348
2020-07-14,0.004777310711983507,0.004652728164010966,0.007052968393193915,0.012875906017665528,0.0014370804241767843,0.008385297042630135
2020-07-15,0.011843640211985473,0.0008809438623460508,0.0020338786141067544,0.009145394526686168,-0.004677888994248036,0.009716507158297638
2020-07-16,-0.00788012503196045,-0.0094966393251541,-0.006846136411891024,-0.0032988839020262617,0.00473756229120692,-0.012031305874695697
2020-07-17,0.0015809312885450844,0.008204262794308192,0.0011572771731431786,0.002894675994427942,-0.0020965235411241068,0.01292150914288559
2020-07-20,-0.0007901965466365901,0.004808590336846663,0.027975942840178902,0.008049190239487025,0.002456026503589115,-0.012020720804283513
2020-07-21,0.01412896014506071,0.0119789624776665,-0.010475439111629292,0.0021253912855945245,0.0005968717836921655,0.0024414069060716415
2020-07-22,0.006216071954258329,0.015087942737563864,0.003516654940081132,0.0056759370415901955,0.0029852659851021812,0.01515675232932523
2020-07-23,-0.0023265544454056375,0.008786586410813868,-0.0264672427025463,-0.012003528437011468,0.0116131101981658,-0.004180372796539267
2020-07-24,0.0015516658902776648,0.008542281441677346,-0.0095412672038524,-0.0064611363837716596,-5.89686534171463e-05,-0.007389394589579545
2020-07-27,0.00925935086209817,0.01956119696469738,0.017685779706511973,0.007265979186717786,-0.003718143145703401,0.009418531295263044
2020-07-28,-0.005390898686933099,0.008306536040413981,-0.012806464983301957,-0.0063625391267638776,0.006894464792861932,0.019693269776785094
2020-07-29,0.005390898686933099,0.007482169283186124,0.011460067068019164,0.012223842937836515,-0.0017042279319801068,0.019191398544325722
2020-07-30,-0.011587710927840167,-0.007427778888432712,0.00522178189449285,-0.0035748289509882625,0.006566983878066424,-0.006478964461702041
2020-07-31,0.0054243180734556695,0.009046884353027806,0.017688307035887085,0.007871571746632,-0.0006431505708288654,-0.001841580929147213
2020-08-03,0.009996175379431982,0.0011318982444246117,0.013416335178225047,0.006927875347273016,-0.005047337411509645,-0.013358173115076255
2020-08-04,0.005341535325761537,0.02105451541285408,0.0037053922519092453,0.003855290089676444,0.009486944969174793,0.01483189732891077
2020-08-05,0.008336569466212307,0.009240417270834023,0.002474966546828661,0.0061916975538327534,-0.008781425115968133,-0.00504303409564244
2020-08-06,0.007518866802096458,0.013186741026147253,0.013157684040700168,0.006662204506437064,0.005570530257323014,0.0016017861753461204
2020-08-07,-0.013574948009533294,-0.016012829047696187,-0.01160947076258445,0.0007176592074928934,-0.006688283314679744,0.014179210588428859
2020-08-10,0.005301084094663011,-0.003464953471447707,-0.004282263888308435,0.002984501304414522,-0.004483873436710084,0.0015768427837414833
2020-08-11,-0.01598814075778865,-0.05518972671897959,-0.019122496120821175,-0.008288775378547442,-0.011956320064283155,-0.01452573533844781
2020-08-12,0.010687056663125638,-0.004679132411383513,0.024840583702060215,0.013845905565051275,-0.009137277783119124,0.010032219497430717
2020-08-13,0.005301084094663011,0.023343474417206522,0.0022777172652403976,-0.0018092984094089104,-0.010746660557890308,-0.012371438580072613
2020-08-14,0.0,-0.004318527254207893,-0.001174933195752459,2.9612849381521755e-05,-0.003914019214302122,0.00012374469912401764
2020-08-17,0.016479750952520522,0.02146194877539198,0.011543732390570938,0.003171658487044482,0.002509598420692427,0.0081000685286865
2020-08-18,0.0022263318786563957,0.008967673573403445,0.009579512802020851,0.002157826585130529,0.007125733892299202,-0.004778518175635682
2020-08-19,-0.00296954532524607,-0.03207438281593067,-0.006750223402166355,-0.0041720246185628085,-0.006270653674191884,-0.01771934507639994
2020-08-20,-0.0014880860473174273,0.006890137653281947,0.013776634213614969,0.0031085346010684134,0.008998215638747808,0.009456214499357962
2020-08-21,-0.00972699549482936,-0.008043165542872543,0.006906245789593868,0.003540902548164304,0.005975261205436233,0.0016086046651571095
2020-08-24,0.005249404639597888,-0.005674470685926636,0.0062244484200491,0.01008232281751198,-0.001626621801623429,0.006408784592379035
2020-08-25,0.008193662193448414,0.0012147382641174431,0.007831311143218223,0.003493074710842592,-0.007682681771884248,0.0025763367583504504
2020-08-26,0.002223032405354708,0.01173966732513776,0.021114876941452643,0.009975843999774803,-0.0038338375564652694,-0.009232622224679687
2020-08-27,-0.003707804249664548,-0.01162928674736019,-0.0031214425177452654,0.0021843033290789293,-0.017155101334942913,0.014609556445837057
2020-08-28,0.006664261809351313,0.0172309262992405,0.005071860817184692,0.00643841449870397,-0.0007446259964467572,0.006560062950156542
2020-08-31,-0.0007382751222428929,0.002383417194323556,0.008001515703996098,-0.0036290345417109293,0.00661886776951448,-0.010223197675180096
2020-09-01,0.001476005596405372,0.001189581722410793,0.01694747949058062,0.00937451435864034,0.011373239058703355,0.0007341232406572473
2020-09-02,-0.013363141911660659,-0.01321861087305809,0.009424389395570998,0.014360446873722843,0.00947476538442693,0.01840913895759133
2020-09-03,-0.009009176689454002,-0.008137254873337163,-0.052030799960542495,-0.03502034136280763,0.002837031029162773,-0.012072978693340453
2020-09-04,-0.009090996988358135,0.002756493292222828,-0.013415455375527685,-0.008198603974635787,-0.019171259517445804,-0.0052366875230855925
2020-09-08,-0.02465457431612661,-0.0019287808618004831,-0.04925764900329721,-0.027702882427457,0.00612667923983512,-0.012285314291662353
2020-09-09,0.00931686361093309,0.009661434230238797,0.028952866536403832,0.019554908855953457,-0.0026910661701782246,0.009840436952295306
2020-09-10,-0.010097108697750379,-0.0032283485242556864,-0.0201380306887895,-0.01751633562364141,0.005070038979917868,-0.01231581075212862
2020-09-11,0.007001150690036706,-5.486155779266255e-05,-0.006964160091749605,0.0005089202294294992,0.0021302533698923654,-0.005591588910768941
2020-09-14,0.0007748885551279727,0.007861603277736329,0.017265615111310417,0.013085530002760137,-6.094470194906165e-05,0.024129812501442416
2020-09-15,0.0054073876418856415,-0.0023956152677246934,0.014073831463105257,0.005039493417474006,-0.002434695750594962,0.011970627521689536
2020-09-16,0.018321258427033804,0.002830573307104345,-0.016074821022275643,-0.00397647090382236,-0.0029912055243164204,0.00527456300683582
2020-09-17,0.011282567045680203,-0.005505121062684637,-0.01574534335856015,-0.00883423390012883,0.0030524104687570386,-0.019680487614128772
2020-09-18,0.0044775908552314725,0.0013108491716185,-0.012844668583232632,-0.01157936163175588,-0.003113466428803946,-0.022816547059310466
2020-09-21,-0.024878703640874633,-0.020291789448273256,0.00239498397251392,-0.011191777980667617,0.005060909093543842,-0.030526256161270027
2020-09-22,-0.004590728116115272,-0.004858095828926601,0.018408223008452573,0.010132502293886958,-0.000790614543795698,0.01189033753980695
2020-09-23,-0.011569750241044563,-0.021843335368817662,-0.031010087539789843,-0.023464042705429122,0.0013384369689823927,-0.03058471763021231
2020-09-24,0.004643941648240446,0.0037119030895915728,0.004645519412750154,0.0026620974068709558,0.0038229364535835586,0.0053584889994438
2020-09-25,0.0,-0.0028540460781512067,0.022982733029763835,0.016037535718822937,0.0,0.020412763875132356
2020-09-28,0.00845836616042206,0.010010290107421937,0.020556373894404345,0.016472917032597678,-0.002851390316665814,0.020256728444783434
2020-09-29,-0.011551929780459158,0.008397048385655914,-0.0045201078579708565,-0.00546087697862685,0.001153605054343032,-0.0072149016721470005
2020-09-30,0.011551929780459158,-0.006022969047958959,0.006825830392624077,0.007553291636667403,-0.009631162736926768,0.0030441813317985122
2020-10-01,-0.01232681833558713,0.008880963695329314,0.01574756490870488,0.006399476865955656,0.001647976185608968,0.01981256475758464
2020-10-02,-0.01248075325413911,-0.0008957769408937111,-0.02853407638169614,-0.009539644102823708,-0.003740848724445023,0.017111364407909058
2020-10-05,0.025572886641284764,0.0048610816963101655,0.021102006009862784,0.017577640642680414,-0.019731960465930065,0.0057199145169102295
2020-10-06,0.003818315448560039,-0.011830479550693163,-0.018007961348656565,-0.014318027728224436,0.005374146556856196,-0.006574615473303069
2020-10-07,0.0038037081359769687,-0.00045132478533460585,0.01715082841075599,0.017256928598967214,-0.007319430283624584,0.001464804446730028
2020-10-08,0.009822540058447071,0.0035486272055740287,0.0053089058104980325,0.008823608072797917,0.005385497474260426,0.016572993215407728
2020-10-09,0.003003068392616992,0.017998399966815626,0.015164881991537982,0.008890419848570197,-0.00018694398155183478,-0.003966874509853113
2020-10-12,-0.010550225957669301,-0.0028758136916344768,0.030403429127406234,0.01595942324288835,0.003180485671911981,0.004686623512206722
2020-10-13,0.0022700511948419155,-0.01585383405158325,-3.398869870707699e-05,-0.006547242295083855,0.007134431389048679,-0.017292742217761337
2020-10-14,0.006779644444737443,0.0030899939936110954,-0.008387539849862513,-0.006303479688703817,0.002285579882990163,-0.01227312373866063
2020-10-15,0.0029986483456747592,0.003639489400711682,-0.006733601873954775,-0.0012364701562388447,-0.0017285692426742827,0.0051732155267290025
2020-10-16,-0.006759276366188782,-0.0034712263457636894,-0.005495831280079244,-0.000604552862844443,-0.0027844178588187773,-0.007151266343579543
2020-10-19,0.0007531257923250045,0.0005046193567768142,-0.016460305582660872,-0.01531982265948617,-0.003787278939388905,-0.015712702891462982
2020-10-20,0.01123195964849133,0.004809318137998453,0.002147130624089222,0.003997312969310052,-0.009561431663575704,0.007138640236698635
2020-10-21,-0.008224457420302311,0.007503195298922627,-0.0007737561334879572,-0.0018947163130436095,-0.003459732327788956,-0.0029996660523421426
2020-10-22,0.0029986483456747592,-0.009849030639626832,-3.511424798752216e-05,0.005470670497299324,-0.010451250831082781,-0.00012496811036211142
2020-10-23,-0.007513217749066214,-0.001063040023779216,0.0019688267965083384,0.0033891185758783138,0.006093609986788984,0.005990752144950484
2020-10-26,-0.014432532314119673,-0.0005039129828938727,-0.015109967837449112,-0.018652669690840895,0.009260137998207796,-0.014413869942767832
2020-10-27,0.006862438532519999,0.0026288641762706177,0.007778102799822939,-0.0034535261766670544,0.0066870061602113395,-0.01616303116315887
2020-10-28,-0.02695572260970236,-0.01627516884164315,-0.03976700153088686,-0.03477680812844941,0.0009340876309904544,-0.024154097569570432
2020-10-29,-0.01256899285415436,-0.004153341326592397,0.017335278306879864,0.010112266347454657,-0.009754963197798894,0.013318001925413547
2020-10-30,0.0,0.004550651041840048,-0.02569018438744397,-0.010479619871643031,-0.009914724423693677,-0.006636798915683251
2020-11-02,0.0180184776539134,0.009658128848512249,0.002224976109266308,0.011146363889848132,0.007462915983897922,0.02361248702005181
2020-11-03,0.006192015946253626,0.005660943299978349,0.017149745642117686,0.01750148226177295,-0.005818949920779026,0.019072193450353936
2020-11-04,0.0107446388281085,-0.0005590140649358588,0.043671066752741794,0.022103519687065365,0.021460179320198947,0.0017502506928588346
2020-11-05,0.004569583035581193,0.022723771699055817,0.025736646527210638,0.01931479611532172,0.0017372381314340046,0.004734434346747918
2020-11-06,-0.0038066039815780606,0.001420352959710769,0.0007469571175100498,-0.00022846119515396168,-0.012158333749860972,-0.006860282275177987
2020-11-09,0.012130639146055167,-0.04528085614346544,-0.020645079876070227,0.012487563401872848,-0.021239258559471175,0.03480676641211122
2020-11-10,0.019403470041277515,0.003307306555601741,-0.018077345983162907,-0.0014679065473082176,-0.005783660850218197,0.014519717984780911
2020-11-11,-0.0007392858291370707,-0.004335982209302536,0.02212290553564422,0.007401184012772788,0.0036030877481465495,0.0038050101902111777
2020-11-12,-0.00816948424958408,0.0060423875087805,-0.00470440485883028,-0.009748045976825992,0.016874432259919914,-0.013140497453607125
2020-11-13,-0.004484202065483167,0.006796565090032125,0.008734315051103891,0.01374950885986781,-0.0013271399013765617,0.026345106226037807
2020-11-16,0.008948629894468318,-5.65028686549951e-05,0.007772349487138008,0.012405373878013215,-0.0024051441856736133,0.011181252871304004
2020-11-17,0.0029650613928464686,-0.003675920484188744,-0.0031771517088401424,-0.005392991136368153,0.006506464934259881,0.0009262256528819179
2020-11-18,0.001479280856889531,-0.005738783845972151,-0.007417759631607623,-0.012107896204761381,0.002892236446028207,-0.019631637648068967
2020-11-19,0.0,-0.001882229686957615,0.007794233020277375,0.004201337263932459,0.005135899549635781,0.0038869618990062804
2020-11-20,0.005160398626506524,0.003021229432643935,-0.0068636585576280496,-0.006871485316035653,0.008830726399046362,-0.005422118821259758
2020-11-23,0.0029369213554115703,-0.019890324232127554,3.403827544623539e-05,0.00597650885014378,-0.004592535979398349,0.0018893053696213968
2020-11-24,0.02103808023162612,-0.015447030279528207,0.013952170470024505,0.015985382888018762,-0.010001980971637181,0.005294662557512098
2020-11-25,0.008577553556478712,-0.0004718480371508349,0.006127750010899824,-0.001542819261341144,-0.0030830345467016684,0.0005864450973644963
2020-11-27,-0.0021375006527746265,-0.010198732236164965,0.00917237939103277,0.0027809902069941828,0.009658306270975636,-0.004466551493812254
2020-11-30,-0.005722518557722989,-0.00669735892011758,0.0020380214988824363,-0.004437040699636796,-0.0012488373361518867,-0.010539132754559866
2020-12-01,-0.0028735470954894815,0.02084085881536435,0.012734689831908952,0.010878273982639186,-0.014854933384877533,0.012774846331395473
2020-12-02,0.004307308596400272,0.007493385024314847,0.0012840401173752625,0.0021013268102034743,-0.007967727970375371,-0.007905871064976644
2020-12-03,0.0014316303736796598,0.00784266853055371,0.0014146210760310751,-0.00027242695186568966,0.008031518843964136,0.008376005514864282
2020-12-04,0.004282634654243278,-0.002839455026540705,0.004066738132499914,0.008580757159710295,-0.014774472939826921,0.015157085012913463
2020-12-07,0.0,0.0148039454595148,0.005646571720460791,-0.0020570943416577947,0.008979956029624425,-0.008716272128160618
2020-12-08,0.0014235567422935524,0.0034818415347377396,0.003379114218668988,0.002921923328249143,0.004715207407945066,-0.003508138492552604
2020-12-09,0.0007109023042541907,-0.017241806434506124,-0.022901218111686994,-0.009009306774441228,-0.0033109832679532047,-0.006227481362454768
2020-12-10,0.01481506974762814,-0.0019148863181888132,0.004007684343135587,-0.00032719168325190395,0.008824903694058861,-0.0043708230373988854
2020-12-11,-0.002804956282476123,0.0018569454695862575,-0.0022170104553236314,-0.0011733167586758242,0.003533261412225208,-0.0009476178413310166
2020-12-14,0.002804956282476123,-0.005522859199322383,0.007228854456414524,-0.0044873848003170735,-0.0027751647294449455,-0.004393955676130545
2020-12-15,0.007673592042738431,0.013893989774039994,0.010632788412063832,0.013428984474843197,-0.003353106877601597,0.020264499757376875
2020-12-16,0.0055440605369936335,0.005503920929852413,0.005484551821032468,0.0015682155418428323,-0.0026653691585361017,0.0011654396260682987
2020-12-17,0.01167996887277889,0.01046541004295598,0.00651649480535621,0.005576142800338246,-0.0026492153833341803,0.009622751974262655
2020-12-18,0.0034094599936391745,-0.0016988680965654979,-0.0030274227893425376,-0.004000589946298483,-0.0030019567593200236,-0.02028014939548317
2020-12-21,-0.010263528035097114,-0.0031789169989817623,-0.0018720849084008506,-0.003581994667351651,0.00395817128385989,-0.005667704214553204
2020-12-22,-0.011065049361347334,-0.007934507183398942,0.0027152331323261336,-0.0016868990455822797,0.005147702030152246,0.006961875747301782
2020-12-23,0.012439686601962485,0.006625879072275964,-0.0050486188926841535,0.0008983049192412551,-0.006933492538768071,-0.006488460238281313
2020-12-24,0.002743543484695632,0.003977347328631531,0.004402730469057481,0.003882703612184457,0.00394925083882125,0.008716996722313297
2020-12-28,-0.006183572843350138,-0.0036357443125671907,0.010028154469376105,0.008554372096658547,0.0004449572532836399,0.00594327648757087
2020-12-29,0.002752909278418425,0.0036357443125671907,0.0008955125366867378,-0.0019096594997405347,-0.0012710192590832392,-0.008569281468559176
2020-12-30,0.006166550881078869,0.00762602669465462,3.162604080397813e-05,0.0014256066038011994,0.002160571977311676,0.005483097217112487
2020-12-31,0.004089959278428257,0.0037072651943423907,0.002457625921756801,0.0050680939364804445,0.0014589651208503085,0.009583192583800582
2021-01-04,-0.005457154716983936,0.022014258912347984,-0.014220841110991422,-0.013707542196247147,-0.001204786994138729,-0.03303694948327518
2021-01-05,0.027657944315068406,0.0029572490918932104,0.008210419313932071,0.006863848946488282,-0.0074549397789782645,0.00145895296219134
2021-01-06,0.0013297060782013759,-0.01637438415631909,-0.013949410854611877,0.005960555787366317,-0.020740948309303953,0.0017000129585191814
2021-01-07,0.0046404227115575125,-0.002337349726099447,0.0239040729872686,0.014748085608889738,-0.008854348959469682,-0.001942929146912853
2021-01-08,0.007905129279895284,-0.03480879472366194,0.012776045447625783,0.005681694706042961,-0.0032325307813962922,0.009677114606073012
2021-01-11,-0.007243976447049327,-0.001963368081677963,-0.01455567046330497,-0.006763541754676972,-0.001653562163950184,-0.013330470008042106
2021-01-12,0.018985791525435225,0.00645309414351658,-0.0015911904860601567,0.00021113535577299558,-0.0007946216540997142,0.002315462583781347
2021-01-13,-0.002597316343980527,-0.004316677807614688,0.006730605987265825,0.0026891355929601346,0.011199341463978385,0.012098049805003619
2021-01-14,0.009061492823434936,-0.0005192346256865932,-0.0053618031838098545,-0.0035078917509405727,-0.009411892401679722,0.005874668314624465
2021-01-15,-0.014276666601885868,-0.012485246085867097,-0.007952649434373349,-0.007319431839500901,0.003959618717118474,0.011411158824841117
2021-01-19,0.003262696268773624,0.008437377567923399,0.014484315391428026,0.007821424845581681,0.0032219017393773086,-0.002840855102146378
2021-01-20,0.0006511781482787526,0.016151154600027695,0.02299462390448781,0.013743529656582432,0.0009849282947973492,0.018902989640382728
2021-01-21,-0.0006511781482787526,-0.000627373967170719,0.007967740807578672,0.0009113674847505138,-0.007043145878238732,-0.0047799414000477825
2021-01-22,-0.017083308425746235,-0.00790430206051873,-0.002884639845631476,-0.0035456488942493536,0.0032314588115198717,0.002334570408591752
2021-01-25,0.010547235846017688,0.0008622455288582742,0.008232381650133291,0.003935956410896502,0.011716594193695862,0.007549660569861061
2021-01-26,0.001965268267781539,-0.002473656951146097,0.0014618974761564374,-0.0015620593038958575,-0.0018891403969965026,0.007033771664606725
2021-01-27,-0.0026212169127810547,-0.0063557782954406505,-0.028272362864919742,-0.024743969646642938,0.002539581901593202,-0.017853512388578352
2021-01-28,-0.004603727695418058,0.0009269317276352496,0.005899204340099828,0.008563147178781705,-0.005542941592236339,0.00536669627372266
2021-01-29,0.001317514876165049,-0.00040541033768271006,-0.02126249459905427,-0.020222348468505125,-0.006034696482313251,-0.011585398164152494
2021-02-01,0.018911574206574855,0.009341522978241201,0.024680174358222118,0.016508304584472278,0.001158615831024612,0.02257735119145643
2021-02-02,0.007722067334288596,-0.012242430084677736,0.01618241205923887,0.014041093063456245,-0.0064678761926044714,0.005966198379510068
2021-02-03,0.007026493246351961,-0.0015117720158048797,-0.003975338946494489,0.0007860491286324489,-0.008912643275828636,-0.002519962648562135
2021-02-04,0.005079413246156239,-0.021765636924135023,0.011757416748721106,0.011301544551078457,-0.0026762487907854293,0.006857578564610556
2021-02-05,0.005053674080045312,0.00982374869269087,0.0033856422926792362,0.003928227861575095,-0.00840846398836348,0.003524184216939119
2021-02-08,0.015630239984094185,0.010019752210912891,0.006677464845751047,0.007195848585123343,0.004381165054921254,0.005433062928297261
2021-02-09,0.0037150831137400253,0.0032595928083516412,-0.0002099909386519272,-0.0006658595607369477,0.0007394185953009114,0.00349344513107841
2021-02-10,-0.0018557823955460684,0.0036544306292798368,-0.0022813641261798523,-0.00043583963712112705,0.006632286681553801,0.005384386284807086
2021-02-11,-0.001859300718193957,-0.008723013798523027,0.0054844559622422295,0.0016137785084735512,-0.005490133706706146,0.002123495085989191
2021-02-12,0.012330534135324811,-0.00304185235154808,0.005573627006807413,0.004927643224243106,-0.01249741143354477,0.00022332974070149447
2021-02-16,0.013390454884385505,-0.014457496034196105,-0.0027084773552692454,-0.0008663924051548477,-0.015343663824735287,-0.007731211111497771
2021-02-17,0.003018395234927418,-0.01141778623419576,-0.004809617564421664,0.00022944178857198239,0.006330520677503948,-0.0012384751094378643
2021-02-18,-0.003623235413003023,-6.0090224343056775e-05,-0.004381839256135223,-0.004265204876153561,-0.004055171524493417,-0.004288619696890983
2021-02-19,-0.0006050735430518372,0.004139970385630853,-0.004370746670949721,-0.0017675946206017201,-0.0133809811495329,0.005751580745270601
2021-02-22,0.022149821750701015,0.014858231751961881,-0.026261662183985734,-0.0077212498163090615,-0.007637384147737514,0.008287777800280338
2021-02-23,0.004725318753374008,-0.00230339647421296,-0.0029822173988822698,0.001213432843729656,-0.0028873048831288273,0.006226556186529564
2021-02-24,0.015205067589862509,-0.0007097783269722768,0.008209454672300609,0.010959424002503049,-0.006581790371674501,0.007619145740137334
2021-02-25,-0.00815850130334983,-0.01899580806530743,-0.0354846538465301,-0.024391097880452683,-0.016465541007407047,-0.019325714681111883
2021-02-26,-0.021290106174684187,-0.024480114534154218,0.0041791815175047375,-0.005165754727185501,0.032523885345675296,-0.014686080297528825
2021-03-01,-0.008403291659848655,-0.0017319159550748253,0.02963818219187253,0.02395106701633498,-0.013294994442557773,0.004428578499316771
2021-03-02,0.004210505611056625,0.00543314836651998,-0.016168733505434574,-0.007833843105813365,7.078955947914523e-05,-0.009677166378218693
2021-03-03,0.0059844202406988956,-0.011082728374519846,-0.029449461046419323,-0.013334184260973103,-0.010905347255061315,-0.00573666408232576
2021-03-04,0.015394124376470586,-0.00988559566723346,-0.01650246657403276,-0.01245228603666515,-0.006470385885189778,-0.01145690892290041
2021-03-05,0.020355390451324062,0.0006286134207726946,0.014948723015206333,0.018229661134537167,0.0019455482384396205,0.01088126659690758
2021-03-08,-0.01391324261168414,-0.010422315048140618,-0.028722845931413943,-0.004991488829872992,-0.00780474334728698,0.008597468321637436
2021-03-09,0.0,0.021048060194488905,0.038682994222250855,0.014177013282834494,0.013762232686950426,0.006598557862971255
2021-03-10,0.006400912076039322,0.0050853276984303974,-0.0028583025298711817,0.006205127815952949,0.002001568303660939,0.009928851322065668
2021-03-11,0.014968583870947239,-0.000866386502682559,0.022770033073145513,0.010088025149780577,-0.0072395213175235895,0.01160863359217501
2021-03-12,-0.00458188045571406,-0.00018574519969138947,-0.008145257670484796,0.0013457928359628113,-0.02144951466693268,0.01661837638969832
2021-03-15,-0.00345024022940299,0.004386867610048029,0.0106262386840843,0.005945833110224896,0.0058627625546874285,0.014735095894319095
2021-03-16,-0.004040383721141794,0.0009244132771240032,0.00547379574784479,-0.0012620976012378549,-0.004027133724910925,-0.004095568864737054
2021-03-17,0.0,0.0071195808075623646,0.004109103927142144,0.0034040890519566602,-0.00751103668526909,0.0008638115389887346
2021-03-18,-0.048587836022179864,-0.005826967579591447,-0.031109710299759286,-0.014656472623359562,-0.010178235890800025,-0.010194666114096584
2021-03-19,0.02162245903115334,0.0041743948168262435,0.0035192433578004056,-0.00185196590120551,0.0061787871728178345,-0.013719063281277144
2021-03-22,-0.001784110513437298,-0.0014713433816879729,0.018579349894655373,0.007953025879924525,0.011143722628961683,0.007047822780858581
2021-03-23,-0.028374931526820912,-0.007327408483150499,-0.004372030410860539,-0.007901636501626896,0.008986617885902604,-0.0014273542193317112
2021-03-24,0.02599115527444651,0.0034548592032761505,-0.01700918509298166,-0.0050966831701027004,0.005367552750756843,-0.00562046856152687
2021-03-25,-0.022934003294704297,-0.0036402714825332083,-0.0017332300731851547,0.005610095510927948,-0.007917094375617495,0.010130685639170522
2021-03-26,0.02353054564841628,0.0028393742167223124,0.014888816728523935,0.015986408360874726,-0.0035054679988872905,0.02133741687732904
2021-03-29,0.0011918876250396337,-0.011967328788776932,-0.00028467402251841634,-0.0005051023804414356,-0.008525096916128128,-0.005833424228010031
2021-03-30,-0.016211664786561997,-0.017239575016029463,-0.0050458882692696605,-0.002656894215215644,0.0052261235038537635,0.0012993499937286046
2021-03-31,0.005433120662808655,0.015053975494509153,0.015186915096388809,0.004045477634343264,-0.005595482439834321,-0.00607762324675587
2021-04-01,0.01671670108789236,0.012549018493591468,0.01690298302341464,0.010740879595579678,0.016461439992456306,0.018016447381866918
2021-04-05,-0.014912332590601096,-0.0003704696536619423,0.019768029513877572,0.014251394756581881,-0.004372673718860298,0.003841600147680424
2021-04-06,0.0035994584354428483,0.007996616729269768,-0.0006949288125115416,-0.0005910041981396219,0.0067694531641038225,0.0025529912795327903
2021-04-07,0.0029894542164021765,-0.0028223021365771928,0.0024152839038977802,0.0011568441553233555,-0.006989054448873766,0.0007434252010503073
2021-04-08,0.005358781705400162,0.010694635856861368,0.01037939057156212,0.004735453630044795,0.008221686406316486,-0.0037224667368525033
2021-04-09,-0.003569284968799824,-0.007566026934119563,0.006040051072388586,0.0072438019382605745,-0.0036294114026862445,-0.0011729475298984937
2021-04-12,0.000595766238016715,-0.006082067490100762,-0.0013058565223076357,0.00036462829033645505,-0.00043627568845128195,0.005850237773528555
2021-04-13,0.010663475717513027,0.007061488473290467,0.011605535330685868,0.002959144515807921,0.0074654342835209775,0.004972371948277043
2021-04-14,0.022721741781715377,-0.004353779487220599,-0.012081053496835636,-0.0034209020866464712,-0.003182273073711883,-0.005290512233836253
2021-04-15,0.006316312027634385,0.016033536538392568,0.015041855518759917,0.010685251265472928,0.016595664559957868,0.017353303855923485
2021-04-16,-0.0017186320290889512,0.006029562814785727,0.0011700882456269213,0.0033367938545021403,-0.007796466418506398,0.0021871100395305376
2021-04-19,0.0011461246599830943,-0.0027691247303618383,-0.009193657343793404,-0.0049252281753924265,-0.002876266174707709,0.001974778742948935
2021-04-20,-0.0017196799673104834,0.0035502419969404286,-0.00731527260253273,-0.007348342098732807,0.004598102340496624,0.008169470863028216
2021-04-21,-0.004024124691218045,0.009862362310854245,0.00852447393155309,0.00941732659029082,0.0020048087997741604,0.006569186409300265
2021-04-22,0.00803212068511705,-0.006504254231621154,-0.01212788852690938,-0.009174945192679473,0.004354770153744525,-0.005437187581338598
2021-04-23,0.007968119446743582,-0.003838772793776535,0.012510936688557628,0.010784231820423429,-0.0023535831453092015,0.00584638001493154
2021-04-26,0.006779768008504661,0.002640755671589723,0.006489745964547211,0.002085400043531749,-0.0014287226821805277,0.0029615533004196948
2021-04-27,0.008410425273026156,-0.002520544909244471,-0.004341497124222826,-0.00021558629356377423,-0.008761284782052847,-0.0001020748882085698
2021-04-28,0.0016736911104731078,0.0029400644612769256,-0.003386703914737055,-0.0002874422256411435,0.0006491863767763562,-0.0021438894670877673
2021-04-29,0.0066665884544847565,-0.0041425474621679115,0.003592336413539954,0.0063522939782929555,-0.0029597576366393596,0.008548211835875286
2021-04-30,-0.008340279564957864,-0.003374702192485479,-0.006576154759073027,-0.0065918530463289216,0.0023105712598630035,0.0039438644874651985
2021-05-03,0.011105167771480406,0.01289485518814093,-0.005339322209213293,0.002154438422713234,0.0005996470206968141,-0.0019196104588141694
2021-05-04,0.015342788243248418,-0.007356686965197312,-0.018159845742666825,-0.006188612640873892,0.006762634461894734,-0.006492733694465791
2021-05-05,0.0037990473075306674,0.004133613366980704,-0.003368046338358077,0.0003130209406778661,0.0016479116621113121,-0.016729547524618305
2021-05-06,0.004863647612166844,0.016542002735280725,0.007509415102531669,0.007953562533672631,0.001645395139028949,0.005573233795354682
2021-05-07,0.00965666607910931,0.008956587353821988,0.008081397580153471,0.00725184741189544,-0.004943677776275024,0.01308822700131973
2021-05-10,-0.006964891566744402,0.0030259218728545534,-0.025578564257151548,-0.009951975315275696,-0.010178674291707601,-0.0003046315561681112
2021-05-11,0.01069510481963487,0.0001742848474819425,-0.0013825462344092543,-0.008964601910506076,-0.005675857991897182,-0.012680479246713006
2021-05-12,-0.001064272754441209,-0.009983483413452454,-0.0262237514414414,-0.02147420795646493,-0.010563398086567588,-0.025642574977544186
2021-05-13,-0.028079539166484313,0.004098917859921336,0.007701737094063077,0.011940859738547971,0.0015474822693777313,0.012903769112966756
2021-05-14,0.008181068239412781,0.009074563611958908,0.021836302399849572,0.015238628281744937,0.009307981004242016,0.011812103572533594
2021-05-17,0.01241585374374754,0.011572105937362132,-0.00608473989471392,-0.002547797756377257,-0.0021176492695467175,0.0010295204043542228
2021-05-18,-0.004839989394234578,0.0019442812059784487,-0.006773754117384456,-0.008652764830782367,-0.0025618688182635907,0.0002058919105403234
2021-05-19,-0.02069795415299147,0.0006853819629943914,0.0011479438654911078,-0.002625326956271934,-0.002422053167377314,-0.003194512454674836
2021-05-20,-0.010511847393051443,0.00455687179574138,0.019158511430290126,0.010700593001531367,0.008195031352284055,0.011187038164924168
2021-05-21,0.00941059306080616,0.0004544691684227331,-0.0055499804305201295,-0.0008191485496160666,0.003201490483894176,-0.0010212053105869145
2021-05-24,0.013680136066117843,0.0017594874877140398,0.01667919943993912,0.010142442260883122,0.0036974204994004722,0.012387361329024849
2021-05-25,-0.0032662365008877536,0.009031903514378214,0.0013822237132767867,-0.0022210349534974583,0.009220466991296306,-0.0003030723524553025
2021-05-26,0.0016344816188023081,-0.0017435678186670245,0.0034780815155794897,0.001982487534188948,-0.0017220888396947132,0.004431577317326685
2021-05-27,0.015663196050937245,0.0003940189892901458,-0.0037481504216705375,0.0005249323645912796,-0.004030585178933066,-0.002313779264033755
2021-05-28,-0.0032205942373679797,0.003763087633854134,0.003149291571971524,0.0017872507214580224,-0.0015875764626720468,0.006025162361765091
2021-06-01,0.01758627356259712,-0.0026945732480543327,-0.00332975640560651,-0.0008814391630425078,-0.00022459470831925898,0.01786123595660083
2021-06-02,0.005268913602277436,0.004878526963101315,0.0019510374013131937,0.001571488774435359,0.0023125815689999385,0.011635379521874434
2021-06-03,-0.008443267233657181,-0.019772420864664575,-0.010460196623883533,-0.0037182165747573492,-0.003760640937812809,-0.0037007954063250637
2021-06-04,0.011067120156933452,0.010725633264657475,0.016827112389948162,0.009104338756859676,0.013601753112391535,0.0004877658079687208
2021-06-07,0.0015710823126076079,0.003999619209611005,0.002975761824138168,-0.0009708334286511189,-0.0030779912991203418,0.011731157070411946
2021-06-08,0.009893275551696057,-0.003096867753862753,0.0004751104983080623,0.00021312430732312038,0.007001430934161057,0.008255000694721737
2021-06-09,-0.004674089864431075,-0.0019193434836646261,0.00023742389577385836,-0.0014927472024748312,0.008789850973132118,0.0013374090641846692
2021-06-10,0.0036374033092414493,0.004285131517665519,0.010366538069629172,0.00463746538263532,0.005981027271679373,0.007134511866277116
2021-06-11,-0.003116979812866738,-0.011316177890912549,0.0026116258873436493,0.0016510008753787275,-0.001614396536258944,-0.0039890751005007274
2021-06-14,-0.005739609183639693,-0.00587816641004224,0.009536913378624945,0.002236364571934324,-0.007689463457499102,0.0038942776113453093
2021-06-15,-0.004194935235883879,-0.0037848631237418218,-0.0065524052059915405,-0.0018356738285385532,-0.0012039942306056872,-0.010769525045907002
2021-06-16,-0.005797080181611847,-0.017036003680355627,-0.003658678162738127,-0.005598955713264964,-0.0008511264469932556,-0.00653739069437087
2021-06-17,-0.026239857319572124,-0.031222825916410457,0.0126172004194256,-0.0003317488488301379,0.014860545306951245,-0.001254637823811855
2021-06-18,0.01025643463053072,-0.005562705142465596,-0.007877848508014651,-0.01358212524836322,0.018631634707633182,-0.017142856910536075
2021-06-21,0.012276797052583888,0.012173251058175794,0.006195672236875005,0.014214402211850441,-0.016885154882184672,0.020420863568201497
2021-06-22,0.0015901203737165304,-0.004201668574228101,0.009278262980463303,0.0053319205740764986,0.0024398956387585713,-0.005211346176862364
2021-06-23,0.006335778118892854,-0.000661876798756289,0.0004888848886546171,-0.0012060680755645592,-0.002579134888484269,-0.0017432883951160605
2021-06-24,0.0036775320996467187,-0.0006021199876098393,0.006164004042482851,0.005898180470134129,0.0016042193445562347,-0.002159694671250101
2021-06-25,-0.004203983100510733,0.003306999189259585,-0.0012294950098343804,0.0035459476189974026,-0.010438204051494537,0.006727608990258815
2021-06-28,-0.000526728297510104,-5.9996439618181796e-05,0.012088239638877063,0.0020139901852234132,0.010229233041544994,-0.0029195934642567423
2021-06-29,0.004730711398020837,-0.010561034647227352,0.003612226809661223,0.0005379065804929084,0.0016713665698011582,-0.0027325093742254225
2021-06-30,0.009394580931922913,0.004841763592293269,-0.0015788825609339696,0.00084155927851981,0.004443096469906926,-0.005290850110157841
2021-07-01,0.003629744946419766,0.0034354496150825753,0.0003949987515268205,0.005521063653721292,5.563294913724093e-05,0.004313387049121431
2021-07-02,0.009273578136307581,0.00653692915069648,0.01141321891100322,0.007614269069889268,0.006016365457263362,0.003027634935128809
2021-07-06,-0.027555736850352286,0.004949187883217299,0.00431252275735261,-0.001822922391185422,0.011652339714347981,0.007287613385885017
2021-07-07,-0.012198313585225495,0.0037995736126816837,0.0021078830129095394,0.0035277720641122556,0.008820187756435338,0.003479400694671675
2021-07-08,0.008501590793366987,-0.0006520293887515294,-0.006058177607270565,-0.008181425103787276,0.003910585619205875,-0.0028021055059381794
2021-07-09,0.011572912160771054,0.0033150614410244472,0.0062242994854466716,0.010618223592461895,-0.01416219710981359,0.01631365568032006
2021-07-12,0.0015677981253943152,-0.0012418718351820957,0.003898153376568736,0.0035756353619271763,-0.0012979348551001024,0.008530275069889015
2021-07-13,0.008320442166127595,0.0013009357869862015,0.0,-0.0034148323028588834,-0.007682735177374056,-0.014065948131428918
2021-07-14,-0.00988824029152191,0.010697757313475442,0.0017918367796116996,0.0014909753825378402,0.011297504487099985,0.006962536202853364
2021-07-15,-0.005243817354275926,0.0001754642548270624,-0.007048259969796078,-0.0034214195376121026,0.010970199747865728,0.0016143616950783368
2021-07-16,0.0,-0.009751038308664306,-0.008132399218449216,-0.007874240186530379,-0.0018880884847041202,-0.000664395750821889
2021-07-19,-0.04077815821928654,0.0011798535126086307,-0.008227005724533498,-0.01487810098415654,0.021692055763543827,-0.018400074712817016
2021-07-20,0.014678309015038415,-0.0012979424872483492,0.011549293290792129,0.014228619688774202,-0.009686262010933255,0.023325752126816646
2021-07-21,0.019770754397753,-0.003726190289075504,0.007690678047558741,0.00806367093584992,-0.012747615486505381,-9.427096811975844e-05
2021-07-22,0.007905129279895284,0.0019535411866025143,0.006588546800616157,0.00209203267798852,0.009409276737959438,-0.007969945069072892
2021-07-23,0.005235581006270085,-0.0031393408805522327,0.011609753828563996,0.010235380806148164,-0.006712005029569923,0.008253255405902493
2021-07-26,0.007284179234253507,-0.0023758261058626218,0.0007873661567439072,0.002451941563332838,-0.0029666780029211637,0.0004721802155147614
2021-07-27,-0.005718720966634283,0.0016636888817753714,-0.011079081348269959,-0.00456809162112215,0.010614178833110444,0.005649795255570744
2021-07-28,0.004681496832171117,0.0050335632022413535,0.003834049688214769,-0.00041012158005138133,6.666235158458989e-05,-0.003480476499828633
2021-07-29,0.01749004536384069,0.01104402302009877,0.0017751497671962824,0.004138868229055959,-0.005561596129356694,0.00018833088974101742
2021-07-30,-0.005625251107585605,-0.007918108309763028,-0.00522503743352587,-0.004868248177928081,0.004692338122809225,0.0013181939103432683
2021-08-02,-0.010827570121791918,-0.0012374082182162738,8.211026136173416e-05,-0.002100224748183166,0.00888015582262991,-0.0021663110701810595
2021-08-03,-0.004676403887852398,-0.0007077270423847537,0.0060430382008807015,0.008102369680677235,0.0005311052594212384,0.0012253691154935353
2021-08-04,-0.01627783884851519,0.00023593466942628538,0.001444058787869018,-0.004930997717701224,0.0020542130919487533,-0.0031128375514324347
2021-08-05,0.014714012710554503,-0.003959922253452319,0.006322753661829772,0.006312803591137062,-0.0051107995794641425,0.011645612863399712
2021-08-06,-0.008381461970660808,-0.02530870447734479,-0.004391865297395547,0.0016511198066817556,-0.0168419572356866,-0.0017757175719026463
2021-08-09,-0.014304788317311967,-0.017894816057729912,0.0018460685645234065,-0.0008137351373296298,-0.003592202058667837,-0.005345628831406657
2021-08-10,0.017980274570017052,0.00030914743149335067,-0.005139235395183128,0.0012432572249974072,-0.004629110361598521,-0.009543254783985766
2021-08-11,0.008870452782833382,0.013690828071884376,-0.0017186210755157916,0.002481519085667294,-0.0006141500217857754,0.0058689689065341
2021-08-12,-0.0036429680056988545,0.00024383177142706103,0.00359806717775335,0.0029926049198074622,-0.0016399301211862394,0.0021687314748861652
2021-08-13,-0.005751612926224059,0.014224167163591872,0.0035034065663843705,0.0018180446660585048,0.015672345701412738,0.00544728445448861
2021-08-16,-0.0026254608210654062,0.004975891262676946,0.0004338788710667174,0.002351967376444719,0.002420424653641895,-0.0012184762202993582
2021-08-17,-0.011102343038309037,-0.0014961551501162518,-0.008846894585703424,-0.0065767474771964984,-0.00040299749054550915,-0.0010322860741851514
2021-08-18,-0.011765001555446908,0.0007783092556952198,-0.009671418034396417,-0.011005350771526423,0.0033537236319691743,-0.009147689397380532
2021-08-19,-0.014084651237737944,-0.002936716523141314,0.004819840304078227,0.001547018932339661,0.007338225358540562,0.004819923615790422
2021-08-20,-0.02373831920867442,0.0005400158455302062,0.010305366082114631,0.007925813662415848,0.000664672713121206,0.0049848772403757735
2021-08-23,0.03566908940980751,0.012104007439095454,0.014845581880081227,0.008757756394878413,-0.000664672713121206,-0.0018781611355240813
2021-08-24,0.02080628304448684,-0.0004742535717268126,0.003049582414173635,0.0015862983823300425,-0.007806958672737174,-0.0044273341652010245
2021-08-25,0.008935613868636505,-0.006961609676564784,0.0011481532194208555,0.0020961257322991145,-0.008341839580245036,-0.0006610946408107665
2021-08-26,-0.007880211514233793,0.0011338353884635666,-0.006370438461660299,-0.005920545562652535,0.0027659191065652067,0.00037770961793359703
2021-08-27,0.012578931057542597,0.014917723322636078,0.009673221990410319,0.008901121096913656,0.006780825659183698,0.010428152487952147
2021-08-30,0.0036391797533892323,-0.00494785904714945,0.011159776822308842,0.004387956475193633,0.0026057385242763687,0.00995014776787162
2021-08-31,-0.004681496832171117,0.0020056420675675923,-0.0008154559669080186,-0.001482616168465789,-0.006830124121685266,0.004708222277630014
2021-09-01,-0.004703401544674524,5.889688474436383e-05,0.001656522720517195,0.0005313326243303607,0.001674005359035391,0.015897886048071186
2021-09-02,0.011458385443182895,-0.002655242464544294,-0.0004727288442705202,0.0030717793776462443,0.004356046794984358,0.005243816579149296
2021-09-03,0.0010350768033067226,0.010637446088029634,0.0030708931408192086,-0.00024276352779217802,-0.009136066178834668,0.00018006441853213317
2021-09-07,-0.011446463166342014,-0.019778020504278793,0.0014140785875662587,-0.003581928904736742,-0.008471357069489649,-0.011333078048969547
2021-09-08,0.0072993704702257745,-0.0025075441660513675,-0.0034865532182317693,-0.0012187742216260844,0.00678285366605369,0.005002391787131799
2021-09-09,-0.0072993704702257745,0.004413734414974613,-0.0034462956025951286,-0.004289481434793352,0.01202784522694067,-0.020532345902296356
2021-09-10,0.0129973553533409,-0.005071495164425954,-0.007618741283363484,-0.007916080216707755,-0.008855618840732937,-0.014740424689761333
2021-09-13,0.0077180240383829535,0.0033441618437191067,-0.0006906229914145356,0.002556099471944684,0.006046526522853313,0.00674411272906994
2021-09-14,-0.0005126858387707323,0.006417907636002695,-0.002847210356311969,-0.005411065533961867,0.012050020037237985,-0.0017752991419097697
2021-09-15,0.016277072293230166,-0.005881528710091288,0.007407695141721682,0.008317793142491148,-0.00351370972976639,0.0031746554456608678
2021-09-16,-0.00708870381500093,-0.02290224274781849,0.0006872323032007799,-0.0015861794736231616,-0.0045929187991555764,0.0008385542431685877
2021-09-17,-0.008163147217326472,-0.001586299932490931,-0.011912778638546229,-0.009788885949046033,-0.004815003067885293,-0.008982023275989626
2021-09-20,-0.011852791382694683,0.007118755657040232,-0.020879795497927844,-0.016814845788339916,0.01232609747528457,-0.006127921886773358
2021-09-21,0.001036262931874088,0.006646896542603642,0.001229819290387013,-0.0009449937979990608,-0.0008612614740144409,0.00047288887905416743
2021-09-22,0.011328689077021892,-0.003740999554961988,0.009297168408886058,0.009707518908841806,0.005946625971632535,0.00968810640543083
2021-09-23,0.015244100856989018,-0.011613566243419804,0.009184578057164217,0.01207669574337178,-0.022855969993492486,-0.0019676750015173994
2021-09-24,0.004528391197901271,-0.0012850982867504968,0.0009379742826851611,0.001645861281573957,-0.009821807446812159,-0.010749915106669228
2021-09-27,0.013463203386351541,0.0020798706668898603,-0.00801415440633324,-0.0028649228977801755,-0.0036825121439081343,-0.013541703446716902
2021-09-28,-0.007956340915426185,-0.009763940911599711,-0.02870591296895242,-0.020357862160386375,-0.015699499130729322,-0.00679149076689356
2021-09-29,0.0009979977433802745,-0.004514933012786493,-0.0016409673603332564,0.001681804550129229,0.0017339011487367273,0.007468207548474659
2021-09-30,0.006462820324227625,0.017816984307014394,-0.003680443242617848,-0.012297509860633937,-0.00013926723559354315,-0.016661420704433105
2021-10-01,0.013290891571898111,0.002250511092103835,0.0061826156984903236,0.011813877806019946,0.008381148554319928,0.014049196180931922
2021-10-04,0.016008213723747833,0.004667408258472783,-0.021212998505604652,-0.012979674254268936,-0.002549119840242753,0.00019360373381882567
2021-10-05,0.012434322682552512,-0.004667408258472783,0.01340869052627891,0.010351055774941997,-0.009703478216025019,-0.006900874386916556
2021-10-06,-0.016775000496327408,0.0026697573525336082,0.006387213967801841,0.004147518626486324,0.005625263041522999,0.009512860200025841
2021-10-07,0.01248828629634069,-0.005285683868044622,0.009133360853481598,0.00860846156436601,-0.010512509597155884,0.0027012439746281203
2021-10-08,0.0033356978260505876,0.0004262740437868118,-0.004999145903716418,-0.0018253061738198184,-0.007023267579759462,-0.009486897450625698
2021-10-11,0.006638199453955718,-0.0018893655741347715,-0.007699433009738854,-0.007266062267213158,-0.0025404263012882566,0.0025256363955170613
2021-10-12,0.0,0.004504271350483258,-0.003493626015509399,-0.0024644248933514135,0.016954902114449943,0.013012820761332478
2021-10-13,0.005655124857101512,0.01763773443447203,0.007976021664957145,0.0035909697178864164,0.009679266486666727,0.007252021367263772
2021-10-14,0.010285205310075263,0.002443480858075553,0.018249103174987624,0.016680550705831187,0.003708875078639373,0.012096116533816925
2021-10-15,0.00833729006340489,-0.01602049176485476,0.006280800930919206,0.0075871707799377575,-0.005843885377168512,-0.0007518059518822895
2021-10-18,-0.00601442331347668,-0.002482990902389126,0.010005571106377786,0.0029559989540102194,0.004677762917232542,0.0025349861534307294
2021-10-19,0.0023175850238619233,0.0032085191864092977,0.0075390820569323225,0.007685442386331509,-0.013890441774230489,0.0004685078447064228
2021-10-20,0.011049866296571231,0.008725778175469046,-0.0013059868507649952,0.003919862710855426,-0.006773000453045519,0.015622703638026536
2021-10-21,-0.015225210956617552,-0.0008991093021597507,0.006088502499731696,0.002604970644332738,-0.0011922531896990662,0.0013828792929331257
2021-10-22,0.004638096095353816,0.006098334452754983,-0.008437892834779248,-0.0010368355349967828,0.01095298541951717,0.004688227421611124
2021-10-25,0.005077393617910708,0.006890365329616621,0.010185780729202953,0.005348521540009088,-0.0015279056091914711,0.00320471539512468
2021-10-26,0.0013802536992595371,-0.007427027125168628,0.0031438555627412157,0.0008999004118166454,0.008234965430513164,0.002738700427255658
2021-10-27,-0.01856200157445409,0.0026206236403645278,0.0023183176428904773,-0.004440221419811152,0.018031372201535945,-0.008514518794730641
2021-10-28,0.005138862755434737,-0.0002379136626089462,0.01104405452366386,0.00960248939481989,-0.003390294318578846,0.013878786016999989
2021-10-29,-0.005138862755434737,-0.00854429930170042,0.0049069560576038285,0.0020271359577410664,0.003051879354440068,-0.011307683044649686
2021-11-01,0.007466258161930028,0.005207004497418843,0.0034128966494302304,0.0017188571037980438,-0.007226229510886029,0.004940006897197868
2021-11-02,0.002785397640046039,-0.0021513131388868345,0.0041726243287305564,0.0040347760680834455,0.004428442653054532,0.0047342163167378715
2021-11-03,-0.025829034374922344,-0.008350148277322944,0.01055975597461245,0.006086590064793285,-0.01038694863887546,0.003354925540978826
2021-11-04,-0.006203855225044741,0.011277125295739765,0.012737117542283016,0.004701741399209425,0.010455161082822961,-0.009550292730986065
2021-11-05,0.013786885389301506,0.012978359326946354,0.0009537302812772097,0.0034634027358499964,0.014845399532782189,0.005104881905390712
2021-11-08,0.006119066793051964,0.0035851848469015124,-0.0013556147413549269,0.000853394935103502,-0.0018771661006846685,-0.0008186241537373462
2021-11-09,0.007945773056472483,0.004916006634196002,-0.006907078725514992,-0.003310917714199668,0.012933837186574593,0.0017274027142590853
2021-11-10,-0.012649523869876056,0.010800248284572156,-0.014806053878883674,-0.008077408686387955,-0.01845182286933511,-0.0046439157608793025
2021-11-11,0.007047406488326136,0.005586453042739414,0.0027687847911694874,0.00032351559602439295,-0.0014854208997840956,0.0016416060351360784
2021-11-12,-0.001405678048420178,0.00189346149789138,0.01046772625557768,0.0075184865041455495,-0.004402358747866764,-0.0007290931204817497
2021-11-15,0.000468915889254351,-0.0015489449243064612,-0.00022802634937324484,0.00034236594280834254,-0.012636431204079202,0.006996583699371506
2021-11-16,-0.0014068935157567353,-0.0072601560044773805,0.007095493005620845,0.00395009931239354,-0.002545828968277597,-0.006632012569869339
2021-11-17,-0.008955929899160608,0.009095692432078195,0.0005282203100929195,-0.002432315121887463,0.00789318632712277,0.0030944184503400862
2021-11-18,0.0033088921849113717,-0.0032143154449517652,0.010308131666414866,0.0033907822912313534,0.0037527497832465784,0.000181505780464164
2021-11-19,-0.01617542458115251,-0.007675708262916636,0.0055601829526077395,-0.0017898454379103867,0.010503014577285974,-0.005922752979993895
2021-11-22,0.007168443670997782,-0.02267561664312101,-0.0116774244540645,-0.0028190729401273984,-0.011797005405846939,-0.004947163771771734
2021-11-23,0.017933457230294714,-0.008690053468478176,-0.004567766789810079,0.0013251998851835367,-0.014564964531758484,0.00804951960464706
2021-11-24,-0.0037489119180418307,-0.0009569597921075257,0.0032147660954375823,0.002666081738785131,0.015927665992451878,0.012044696546466227
2021-11-26,-0.06147585331702787,-0.001616846252669113,-0.019140709762003993,-0.02255562727848126,0.024955197225865255,-0.028209567169957595
2021-11-29,0.0,-0.0013795005365553337,0.02147024685087029,0.012191995967263836,-0.00807085461202206,0.007380261195585547
2021-11-30,-0.027842897305197845,-0.006744546424564568,-0.014795231434704625,-0.019649544123603313,0.015087824320847432,-0.01911543735389465
2021-12-01,-0.008765146297639692,0.003980006790396118,-0.017159157219956533,-0.011169216969739715,0.006149889412530918,-0.01662613202334473
2021-12-02,0.008765146297639692,-0.005552205835400947,0.007181128037635709,0.015200114980508772,0.0012464017080304757,0.029564321676209815
2021-12-03,0.0010261608922781384,0.008376819081740372,-0.017541603444826137,-0.00873929773482729,0.01186142640270127,-0.003334711414775704
2021-12-06,0.017285749377550008,-0.002463595385072459,0.007981070417465652,0.01177371237916347,-0.013830177116090248,0.017385390570691328
2021-12-07,0.015007689980582217,0.0035432060613329597,0.029669359004982354,0.020473841453174657,-0.008112719107665534,0.014305289667113641
2021-12-08,0.013317113421412063,0.0005393685677796967,0.004464173025388263,0.002644566285343153,-0.017435627196135783,0.007165741132356018
2021-12-09,-0.015305064029268234,-0.006130129283900665,-0.014823505778466917,-0.006774583158179581,0.005577579276368816,-0.014564597805753365
2021-12-10,0.011377739782437502,0.004211020685246147,0.010811722455481565,0.009369445521265618,-0.0024158317461777656,0.003074385909034305
2021-12-13,-0.004931053369225502,0.0025181269175167387,-0.01455212893796709,-0.00889775931390524,0.014671292201106745,0.009346122493399278
2021-12-14,-0.008937441007188074,-0.009385206339642238,-0.01040427909581254,-0.006903818395092465,-0.0023863104673829127,-0.012873312038725437
2021-12-15,0.004975103171287909,0.004282351988517341,0.022541479173061596,0.01550415519683046,-0.009667812588125102,0.01394605453289266
2021-12-16,0.005937742858942219,0.012024970840539773,-0.02605095420191983,-0.008857643353353595,0.0003883943012059632,-0.0003576172448873649
2021-12-17,-0.011910843773610402,-0.0021431166861889395,-0.005001713953282305,-0.010700145046787846,0.01126819706700033,-0.0012521339315210156
2021-12-20,-0.0070141223415198795,-0.004240244730916665,-0.009747706421512348,-0.010690049567497084,-0.007519894892035417,-0.007816472467640168
2021-12-21,0.020896368677711052,-0.0004189761834467731,0.02213346100323399,0.01760311221635824,-0.0038150024609304722,0.011211492520406985
2021-12-22,0.011747490982400688,0.009356118800107005,0.012105069310367256,0.0099490250138361,0.004616205490303393,0.010204468874405848
2021-12-23,0.005338595340644403,0.002251481491211571,0.0075108752387338384,0.006202846411238028,-0.008714776651317813,-0.0010598694036447753
2021-12-27,0.012506201167818976,0.002364450476828317,0.0163920485094442,0.014052846239206218,0.0024208648319552495,0.016833833117911645
2021-12-28,-0.0019140739002048157,-0.004319380340024992,-0.004645543270510366,-0.0008174651355004059,-0.003970933938732379,0.003677678541355256
2021-12-29,0.004778019392488897,-0.0002965516280148961,-0.0001495961862714168,0.0012785241389723367,-0.010984573163770328,0.006706928895778397
2021-12-30,-0.004778019392488897,0.0071515817441829554,-0.002992715036651994,-0.0027684582068143726,0.008350794374660353,0.00433110253256519
2021-12-31,-0.00480053656359658,0.006808358432550676,-0.00626409297108399,-0.002523516712508389,0.0019593544594922463,0.0027621939209439006
2022-01-03,0.0038423341421665036,-0.015503300973700007,0.009580813683013112,0.005773325742427282,-0.026600738620426334,-0.007875117174154234
2022-01-04,0.011913441457644947,0.007339514803168967,-0.013055318244151515,-0.00033484298190522566,-0.0041668232398208715,-0.0012169946738875836
2022-01-05,-0.004272469291195069,-0.0030121970522101194,-0.03120291330611913,-0.01938908702247577,-0.005443133573403536,-0.029036184407017274
2022-01-06,0.008526865615529733,-0.012319703780208968,-0.000703105411069771,-0.0009396351813100168,0.0025858420593127818,0.0008952577242320459
2022-01-07,0.0018848994212614656,0.004540812572282782,-0.010891710978776281,-0.003961454096831574,-0.0072142081954389425,-0.006643079390419082
2022-01-10,-0.00424626409288642,0.003035593623995858,0.0006579019028949418,-0.0012451989336588198,0.0024573829932625912,-0.005780390483071329
2022-01-11,0.019199821993116206,0.011992457136645207,0.014910403966585939,0.009067071134690075,0.006639141786053848,0.0015385211077267869
2022-01-12,0.007854099787799829,0.002639137142411485,0.003957520364359368,0.0026999392906574826,-0.0038379888385309258,0.0011751823055607957
2022-01-13,-0.01064089310368832,-0.00340277134129785,-0.025334252819786407,-0.013874489678102897,0.008840848406467927,-0.0019894276985272796
2022-01-14,0.012939201750849172,-0.002883829150556849,0.006203351749127783,0.0004089258988049238,-0.015224860579804655,-0.009093365974911727
2022-01-18,0.007775072773509528,-0.001651618267930921,-0.025209380484784383,-0.017868234034040142,-0.014174332065246098,-0.010560936082092631
2022-01-19,0.0054519466758731205,0.01575575060513401,-0.011044265590750335,-0.01043787532586471,0.006899615182268448,-0.013570410716354786
2022-01-20,-0.0036313929381646126,-0.0025020112544043016,-0.01307359420943488,-0.011129689976800528,0.006148035833764887,-0.01290318909693422
2022-01-21,0.0009091848566553651,-0.0032677719138094474,-0.0281203762318043,-0.01982576064583963,0.011836538598384294,-0.0024675573903740755
2022-01-24,-0.002274364202806467,0.005479160681096218,0.004567463930971627,0.004237585521498666,-0.008249710673965183,0.0018987077529786234
2022-01-25,0.009066287399222439,0.003192034576976255,-0.023454355839606755,-0.012284124226536797,-0.0016157946046320149,-0.003991640662245999
2022-01-26,0.0022537617753242145,-0.01629856790431372,-0.001565804438835805,-0.0025118872966984895,-0.01216780174271559,-0.01574070625833368
2022-01-27,0.004940566685498471,-0.012982115320597565,-0.010121766642947172,-0.004950344896362147,0.018196440072891562,-0.016680910669019333
2022-01-28,0.0008955522927682757,-0.0029877523376660164,0.030887326843237695,0.02453218844860139,0.00034937509997945426,0.03184999290996249
2022-01-31,0.003574601595470739,0.0059070563312300095,0.03147762089433659,0.01785080658777982,-0.005183245601391384,0.012216765357989878
2022-02-01,0.004006309635847138,0.0008325368758193008,0.006780433719470125,0.006734295864430528,-0.0033249687769014713,-0.0035834760498314466
2022-02-02,0.003990226153020249,0.0036194338899537826,0.008092625518704821,0.009667005917777693,0.0033807541280106435,0.012672102811024821
2022-02-03,0.002210028511061779,-0.0014224174555623748,-0.04138847040769811,-0.02378559401836533,-0.007836380157040246,-0.010690444629327445
2022-02-04,0.007915558252828525,0.0015408910869814108,0.012535820206072579,0.0046912979767279595,-0.014851911030497433,-0.009948229032215039
2022-02-07,0.0021876921216725798,0.0073753173535777705,-0.008076954077226084,-0.003214711919930835,0.0006472462897981757,-0.0014293635183166842
2022-02-08,-0.008779631892809281,0.003052207946077523,0.011172596856650507,0.00819422053430241,-0.006708153046413479,-0.0046831829866356145
2022-02-09,0.010089953566697396,0.0033934142753979657,0.020969261654707694,0.014530202634138512,0.0018797351093535752,0.02235779169246932
2022-02-10,-0.005251619957344911,-0.0038037857675305986,-0.022892642093924387,-0.01812903013116074,-0.016020211697997055,-0.02389200258541102
2022-02-11,0.014808539672169108,0.01887560786556186,-0.032235396379260095,-0.01991570443232593,0.014719093252623772,-0.009157174266053225
2022-02-14,0.005174812067169299,0.005336451777181672,0.001238295498534825,-0.003274729262160214,-0.012519440266176574,-0.00914385344916635
2022-02-15,-0.016479113321593797,-0.009545260370239284,0.02455971692825898,0.01599825869606697,-0.011417590712343717,0.008950343968119334
2022-02-16,0.0013108941127861762,0.010231731307338343,-0.00025257928112942807,0.0011201959043418697,0.005909458546469182,0.004637960655102802
2022-02-17,0.008262660033313107,0.01357550816897568,-0.03019520865427605,-0.02159295497207392,0.0074110819371062675,-0.010660902974411357
2022-02-18,0.0038902844140533688,-0.0007337240197315964,-0.011471040744425842,-0.0064960139866645505,0.010471608048426617,-0.006059616555308622
2022-02-22,0.014135934379663873,0.002086858856896079,-0.010094609943922528,-0.010789692247130667,0.0026011167350015185,-0.003633464844303269
2022-02-23,0.009314241489383868,0.004497100140273602,-0.025948924204415746,-0.017898029292688022,-0.01387736439658216,-0.01666713753370619
2022-02-24,0.004205101931139765,-0.006471023453826774,0.033052371269820746,0.014937257553533811,0.0006583419347752084,0.01666713753370619
2022-02-25,-0.015222278700194991,-0.003336237275936682,0.015388047166524643,0.021823956005611045,0.0007307499661131089,0.02381852400238227
2022-02-28,0.016899601120616392,0.010311993951243714,0.002974320163717792,-0.0025616771002736627,0.021681669294606465,-0.015002896799710008
2022-03-01,0.03943017547923944,0.01800043176575361,-0.015429812020422595,-0.015347605159497846,0.011495564276889247,-0.005280152131278193
2022-03-02,0.03210091443472507,-0.010460864384516988,0.01664030525386817,0.018229308741730677,-0.03478070336154104,0.018552367103160883
2022-03-03,0.010861255659195823,0.005935763844875375,-0.014387947888696573,-0.004991012730361177,0.010134581011626231,0.008146834549422444
2022-03-04,0.04119228382778006,0.015803608419049375,-0.014597893630717174,-0.008157824137374092,0.017116126925844632,0.0045715222404831835
2022-03-07,0.021608707862426524,0.014753495270293016,-0.037578340308750846,-0.029922447010301667,-0.007658664127820458,-0.019962181681984603
2022-03-08,0.016885509936394705,0.0269914293684268,-0.004659269080889317,-0.0076106929896075926,-0.010110969319314655,-0.004858710836281865
2022-03-09,-0.08277758972970828,-0.030161495266206373,0.035365330466465394,0.02645781278211956,-0.009847231823659541,0.015273284321829728
2022-03-10,-0.012069455236895177,0.0031163668784781606,-0.011166633825269834,-0.004525733113807995,-0.01447156990258236,0.002491138153713379
2022-03-11,0.017087685319161938,-0.00705269602424341,-0.02095667869606732,-0.012796476514963295,0.00334094358114978,-0.00797424876967856
2022-03-14,-0.029701354483401055,-0.01518847505814147,-0.0193911798471591,-0.0073352690534109755,-0.023625678942355677,-0.007843891008504578
2022-03-15,-0.02490081626750751,-0.01888261003368097,0.030884543055035074,0.021752121741338115,-0.0017474393608774008,0.006685789681793786
2022-03-16,-0.008576767568605703,0.0062412859954879,0.03641571885563888,0.02193191886674839,0.009759989709144712,0.011808192206018475
2022-03-17,0.046874161770281475,0.004876733952654533,0.012033660275991842,0.012433171507201024,-0.007481367878887646,0.015342660281866927
2022-03-18,0.004685819739724373,-0.008828710707897258,0.020261149909349463,0.010893248266968136,0.012138956761288178,0.0
2022-03-21,0.036715338694416566,0.007611755019546251,-0.0027841153786969386,-0.00029230270721214424,-0.02342902763280641,-0.006127800971094111
2022-03-22,-0.002255625741430123,-0.007277189924242755,0.01946209619991901,0.011633380505988278,-0.012894796010358256,0.002549894372334549
2022-03-23,0.02453655394290033,0.01356720957605173,-0.01447556278170481,-0.012961967874042024,0.021678451412591393,-0.011282770896170469
2022-03-24,-0.009965038258338055,0.0072341375131088625,0.021983438791952636,0.014961859910202158,-0.007863592093546146,0.0063103980387371195
2022-03-25,0.007390969946384551,-0.004103860537691517,-0.000834588474595499,0.004871741995865264,-0.013970102771421189,0.012408572523864514
2022-03-28,-0.04441825864327287,-0.01837151770682066,0.015353838581114942,0.007087673509348136,0.00851316055906537,0.010581135935908925
2022-03-29,0.003841785601681469,0.00044668806848946474,0.01706318635085058,0.012295046772822005,0.0075239091113941114,0.028918250529373246
2022-03-30,0.017860980112141434,0.008006283379257795,-0.011107019580961719,-0.006193827764195525,0.007771858194413284,-0.00726533627179915
2022-03-31,-0.018628140571553597,0.000387520788049045,-0.012471956142061202,-0.01551111101142677,0.002425691332135216,-0.012289344446407391
2022-04-01,0.006502180750477482,-0.006386215878902313,-0.0019052885181460866,0.002830277705024642,0.003799372945043622,0.019283300934711534
2022-04-04,0.018882699474302544,0.00483506168268466,0.02037976620794879,0.008529939005836873,-0.0069739041411436276,-0.004899942604825291
2022-04-05,-0.0082644574480355,-0.006284549046099208,-0.022454578482846266,-0.012711836673548582,-0.022851570048803893,-0.004923656522850095
2022-04-06,-0.007953113625722263,0.0023404756196958587,-0.021950426002565138,-0.010049775385366999,-0.008126890621085181,0.011812745484478526
2022-04-07,0.0034161897290672094,0.003777741580450744,0.002374877812280296,0.005026416930327571,-0.00756115390825407,-0.009986362594302634
2022-04-08,0.012427284261684601,0.006246419748616283,-0.014077749098774461,-0.002677457159638408,-0.01088994634942253,0.0016410541489930708
2022-04-11,-0.008267645271211599,0.004947206140849758,-0.023941527324230272,-0.017240070115478012,-0.01595137990514761,-0.010807009448940086
2022-04-12,0.029375658317699838,0.007647435301758598,-0.0042332288844724175,-0.003712148544319227,-0.0013813431893927586,-0.0014745345987305924
2022-04-13,0.02174772867997099,0.004777109287769754,0.020123104718008378,0.011388606029773207,0.002031107555546363,0.0070757450181240245
2022-04-14,0.00750140571865332,-0.003309019437270244,-0.023132521311751475,-0.012530134945335725,-0.020249165081663634,-0.004313086032482261
2022-04-18,0.011323552312930474,0.0030924062818558085,0.0007678433129258977,0.0004111448366526105,-0.004981279931400628,-0.004054349243663324
2022-04-19,-0.026021777074033192,-0.015228268112133847,0.02210501491157757,0.016013701327215912,-0.007519093486930473,0.021557226017947073
2022-04-20,0.0010828302849432703,0.004883006193092676,-0.014692046311329143,-0.0007415502373042671,0.019925817982055172,0.016490776523790274
2022-04-21,-0.0014440344304142982,-0.003563943502361333,-0.020908293714533954,-0.015066789664893498,-0.007425444563724071,-0.006957489687188456
2022-04-22,-0.019333122171200756,-0.009769661352399872,-0.026534915544089266,-0.027822546553621486,-0.006314021463726505,-0.01769939331250825
2022-04-25,-0.007393702290398263,-0.01813443252023017,0.012764093109717933,0.005780933532634869,0.009951352698577942,-0.0025544184086205846
2022-04-26,0.013635731661203021,0.0015238553873304639,-0.03847559922703425,-0.02938851565715961,0.010016536876666038,-0.016578097717752982
2022-04-27,0.006930576136727318,-0.007585723242633513,-0.001199105036095105,0.002807758217242551,-0.012909052296769197,-0.006615249535760093
2022-04-28,0.00832578709804288,0.005383804789462765,0.03489983849428224,0.02494581458643541,0.0014887827419380883,0.018248620060982823
2022-04-29,-0.007598967888422514,-0.00011298334784104469,-0.04604240516136393,-0.0376557560225681,-0.013058069737804878,-0.04698331905923858
2022-05-02,0.015140861958223173,-0.018714522902945063,0.016557652077104024,0.006001373111564234,-0.01748575433806554,-0.024444781576152153
2022-05-03,-0.014051821523509478,0.002645759356915356,0.0010673408461974176,0.004573437645761125,0.0067189687956741295,0.012345707132659811
2022-05-04,0.03072763823883884,0.009774616775434453,0.033253118551371585,0.029998484294797123,0.005494729049191349,0.011425345506236972
2022-05-05,-0.005291917405368718,-0.0038184194446895248,-0.051676606584040385,-0.03618981932790977,-0.027780636397016778,-0.02703002164758672
2022-05-06,0.001060703659695239,0.001654504919470945,-0.0120535620343869,-0.005986909229031667,-0.014844802606147844,-0.01194031666550277
2022-05-09,-0.0462845731941699,-0.014585347642546154,-0.03991269689476962,-0.03254096437370979,0.008758791512836872,-0.045043526803342004
2022-05-10,-0.005939103743572094,-0.008481065653521469,0.01207555088327883,0.0023079384750799292,0.009028493297214446,-0.01838782644958492
2022-05-11,0.02427474896118964,0.008133958004822084,-0.03010694141598691,-0.016013481978727206,0.019089279505442036,-0.0021355553588344733
2022-05-12,0.004712764595319108,-0.0154527061706764,-0.002367080493443474,-0.0010445150386075852,-0.0018672537793653632,0.007772262377400807
2022-05-13,0.013649629430559251,-0.008142627698811467,0.03638981633412541,0.02362619562708712,-0.014891124880889173,0.026065190188305998
2022-05-16,0.016277757997698927,0.00949327965207658,-0.01165950529392834,-0.004065698506884097,-0.0010351995717794438,-0.006323072727441037
2022-05-17,-0.010940650421268572,-0.006299094085683521,0.02557198804517924,0.02036158382973685,-0.012157103651899703,0.013529959101841627
2022-05-18,-0.021884301043539445,0.0005313437048437564,-0.05033652104903652,-0.04114655927002708,0.02109335405585444,-0.02946137764534207
2022-05-19,0.012615131140938818,0.014590277160261067,-0.005372819569650744,-0.006143488915751227,0.0023925046708850317,-0.004447421767108217
2022-05-20,0.0014316303736796598,0.0006977677571926577,-0.0031126059235031533,0.0004365120886422602,0.011285971735510714,0.006347339489003012
2022-05-23,0.007482694996853834,0.004639589893868923,0.01649032639726311,0.018537520460069068,-0.016591114386466543,0.011533109383591977
2022-05-24,-0.0007102227692183938,0.007493711725538255,-0.02149108486352702,-0.007663286314829598,0.01954029510612454,0.008408074450032998
2022-05-25,0.00707963054225802,-0.006048248796559186,0.013898383855409868,0.008796087172214584,0.003946631647304244,0.008440426622360775
2022-05-26,0.010875400130872404,-0.0018506096399271144,0.027330223490233507,0.019784378278686177,-0.004535772388278403,0.0012295220923332906
2022-05-27,0.011793408746882506,0.0005208853826914606,0.03211825513913613,0.024252638014903738,0.0024382766574220227,0.02646895506275726
2022-05-31,-0.006920474863835402,-0.009942270255165475,-0.0026566535963103988,-0.005626678551617914,-0.021389431022572403,-0.012339122450200968
2022-06-01,0.004849379244338259,0.006348836617416254,-0.007423337594205215,-0.008121512234255945,-0.00114397261696908,-0.00831142581649491
2022-06-02,0.022549646370369825,0.012234040087981235,0.02701726722631559,0.01886445462835251,0.0005162110713730073,0.013646818776384073
2022-06-03,0.009414939254968946,-0.010203900438868097,-0.026363708324177892,-0.0165477815289794,-0.00215212735005732,-0.013443371392952486
2022-06-06,0.004341271857812412,-0.0044134478528645715,0.0033255535571612427,0.003040397654063831,-0.018615819664982602,-0.0031593891470915736
2022-06-07,0.006642366918671705,0.006497267812168417,0.008588725269495612,0.009546482821452429,0.01074221764189165,0.01368685127669611
2022-06-08,0.008897751417122901,-0.0009256257836884885,-0.007222647581787811,-0.010931967794006958,-0.008899973181391019,-0.02332902599361031
2022-06-09,0.0016391373621971184,-0.0031883338247284954,-0.027149640774089434,-0.024070183702165515,0.0033249899913201375,-0.023992102496968037
2022-06-10,-0.009875007051949769,0.013323135228160865,-0.035907635226704926,-0.02942431022347325,-0.006221135463256644,-0.02242003369446266
2022-06-13,-0.011310833247557994,-0.026767358824472787,-0.047611978938777,-0.03870778463832192,-0.03188200781834727,-0.05128185234014104
2022-06-14,-0.011101883143323388,-0.00803540720328666,0.0018136971290534376,-0.0030177584524366807,-0.012693822867465343,-0.007643612472503669
2022-06-15,0.0006762827863950882,0.012966509676610727,0.024665269539647205,0.014155601909354054,0.018484301375736756,0.02342930052508585
2022-06-16,0.004385278410440119,0.011180446816136502,-0.041182774722393845,-0.0336560414922511,0.007908261817652473,-0.026641223781800782
2022-06-17,-0.0363301645762224,-0.008256810144045446,0.012085958544546749,0.0021533832347291337,0.0032171136962686475,0.007554142791094343
2022-06-21,-0.002446331615260533,-0.0037437854344899435,0.024916668190878788,0.024861956537584717,-0.017097603288979357,0.013815253131468808
2022-06-22,-0.01800582264877404,0.003977268335422224,-0.0014597413925816483,-0.0018144885145199297,0.02712918505591322,0.012628004291905803
2022-06-23,-0.02269960205851529,-0.006148118298448857,0.014782939406333462,0.009754671349249122,0.008181151181068103,0.018820434568654676
2022-06-24,0.009430709368251744,-0.0009989609969460744,0.033689928955720205,0.03129915972487041,-0.01393925830193421,0.021053585976416933
2022-06-27,-0.0021684003795550133,-0.0011176944418576085,-0.007358545640429703,-0.003827165323491144,-0.008565529982273112,-0.0015046001808380893
2022-06-28,0.01186843252466252,-0.0016493806069401984,-0.03094082023977407,-0.020644596153319483,0.004648803680283642,-0.012227618359024639
2022-06-29,-0.017310173933912765,-0.0007666517068587453,0.0009166467819801127,-0.0008147248613736835,0.015487994429762786,-0.006225184697003172
2022-06-30,-0.03140858209885167,-0.006095587698334626,-0.012481061331411247,-0.008157424980550054,0.008743538320158173,-0.0018641077551642127
2022-07-01,0.004868145258009271,-0.0008313996785860311,0.006579111936755311,0.01052091014626999,0.01021434049919101,0.0178401563528805
2022-07-05,-0.06960681954709314,-0.021437799680384728,0.016975077702945818,0.0018869429623249445,0.007826194851739743,-0.002807051083108192
2022-07-06,-0.014928655393934065,-0.015969017587404544,0.0063914736934922445,0.0033713548994569464,-0.01693344776002359,-0.0018399901562133891
2022-07-07,0.04062694388832444,0.0005548992912700612,0.02117336032497441,0.014866324045899049,-0.008839031149692644,0.0027044405385945325
2022-07-08,0.017411820713601145,0.0004314382372543335,0.0012534578070519942,-0.0008229275911029177,-0.011138187863463322,-0.005307368143696145
2022-07-11,-0.001919658500056265,-0.005374926525164803,-0.021595991338021925,-0.011489514379930732,0.017097793225263835,-0.002174489697406301
2022-07-12,-0.046410264855696326,-0.00372364890598309,-0.009734740431621702,-0.008888096808719936,0.00592445338077674,-0.003925781331933997
2022-07-13,0.005620299773744453,0.004776265963685411,-0.0020631348222428514,-0.005265709061241353,0.011400930558442823,-0.004819278362955259
2022-07-14,-0.009250044720164219,-0.014146649261641109,0.003564745528359836,-0.00243127044796676,-0.008192066200714443,-0.009044058070676542
2022-07-15,0.012846429196498477,-0.002010475816356383,0.01797634465646869,0.01892474496093488,0.005612098755955586,0.016809189847966977
2022-07-18,0.01857399262774395,0.0009429497894322125,-0.008498591742346129,-0.008291287807009162,-0.010472973496153948,-0.00710661516357014
2022-07-19,0.003907670851145628,0.002384623832616839,0.030290055221389167,0.026660847345203464,-0.005409037877172729,0.025564731243092886
2022-07-20,-0.0007802450868168442,-0.009446509339211318,0.015731971696535396,0.006352811817264659,0.002620827311793583,-0.0023558060535346925
2022-07-21,-0.016926270604054938,0.014011796602265036,0.014252866294441446,0.010131573018206552,0.01712864342728082,0.007901850980789327
2022-07-22,-0.011981073555109134,0.0024926409954950657,-0.017690587977825523,-0.009321274586788775,0.016671227184197335,0.005198331003919421
2022-07-25,0.017918120480686195,-0.0027423043036360895,-0.005712187193019247,0.0012143806555657832,-0.009832990493415572,0.0016912487587905645
2022-07-26,0.0019712083880283338,-0.0011865143173865889,-0.019844244773826958,-0.011901615839732038,0.0007663522860541505,0.001055793398137439
2022-07-27,0.022586658015621985,0.010133467249785255,0.04139084218978084,0.025634946117241597,-0.005633983768891682,0.005996527655178774
2022-07-28,0.0007698181073281241,0.01211168004371821,0.009730743666979791,0.012464071881605143,0.007929674293000843,0.03189617516567633
2022-07-29,0.004606504985877891,0.002807145958569457,0.01807259816479867,0.014473787076262568,-0.0027215713721773227,0.005370091852006986
2022-08-01,-0.02050754179427461,0.005651232868696177,-0.0006025005142777928,-0.0029657136005249995,0.023798284534210623,-0.008116855887011276
2022-08-02,-0.005094934632900561,-0.005955990148902579,-0.0029860238249614923,-0.006619268526125488,-0.02138692599213954,-0.012919284400179976
2022-08-03,-0.008682184658952874,0.0024352760679882124,0.026868136205188797,0.015538237447825232,0.015622246442940302,0.0031939783120504828
2022-08-04,-0.010759063664021351,0.016404693683583993,0.004665683930853426,-0.0006759625564809468,-0.00033535340961687865,-0.001544223480781426
2022-08-05,-0.003612262485969797,-0.011309781450743017,-0.00820220126396709,-0.0016915577599041498,-0.024091470078875687,0.0027779430886853973
2022-08-08,0.011990474643974292,0.008434348290836446,-0.0032379694257196334,-0.0011615434257787882,0.01601274151181631,0.00889880085095296
2022-08-09,0.008308686903664153,0.0030548677970774207,-0.011382990220861977,-0.003978889201278868,-0.003894383010941027,0.005484141058276215
2022-08-10,0.01369616226193493,-0.002515111058863262,0.02752877678094201,0.02078657008654794,-0.006552947993070823,0.015076988423735393
2022-08-11,0.019246129357238573,-0.002641706914864095,-0.005692360292577803,0.0,-0.023585459402879927,-0.0023968427869798248
2022-08-12,-0.0053517446663708945,0.009155976822721179,0.01928355286079242,0.01678714697035666,0.010089741118680884,0.01705347420008607
2022-08-15,-0.01234108129832645,-0.012950528089989533,0.008048746878684732,0.004112265126438253,-0.0008656076492457032,0.004022356565211993
2022-08-16,-0.011317208348476271,-0.0017516299628299592,-0.002344893976206741,0.0019570209484802703,0.004149019704994039,-0.002647034011395988
2022-08-17,0.003917026588206252,-0.00648934594710493,-0.011471555956681811,-0.007123486218509889,-0.010492344919246221,-0.0060064933369723406
2022-08-18,0.015131218701068594,-0.0026198444873024584,0.002402022420342931,0.002902136306658143,0.0014807124221318801,-0.006639126192844458
2022-08-19,-0.00038521583812212157,-0.007347552958115067,-0.019689598126479524,-0.01352897654715779,-0.016233334786129205,-0.010594980105474328
2022-08-22,0.008820962899418028,-0.006659303367833047,-0.026680045596309654,-0.021042406082962373,-0.003367340622647319,-0.022045828029571446
2022-08-23,0.016285050345704377,0.006966551217581163,-0.0008272010267527108,-0.0024222336947730128,-0.00551851682622484,-0.012923377184018037
2022-08-24,0.010463489130140502,0.002944580504679273,0.002893108345357831,0.0031962012379063154,-0.007345521362598362,0.00570697307499568
2022-08-25,-0.014227112871011194,0.0030581063588206447,0.01752711206308888,0.01401867758938824,0.013839693923763718,0.014788959249932176
2022-08-26,0.004139208218778556,-0.012227153201929575,-0.04185185142915948,-0.03443514490502064,0.0075093707524924724,-0.02550331353803248
2022-08-29,0.01453892234848686,0.0006180465249858713,-0.009904331493099328,-0.006634211944064994,-0.00830747771801743,-0.009034617711780157
2022-08-30,-0.028149715061513536,-0.00837555613648,-0.011198840113373798,-0.011038645408235404,0.0024815920867800045,-0.013920971182607822
2022-08-31,-0.02115873917100375,-0.007755309612976546,-0.005830539394854561,-0.007637895532797145,-0.009606738266576542,-0.004719319032977509
2022-09-01,-0.02161603949981661,-0.0088290234746502,0.00043418140772644165,0.00313272221395966,-0.0184779483219355,0.001825966124969547
2022-09-02,0.006731323095288566,0.008766173723187443,-0.014228741500517117,-0.010600298516485473,0.005640985385225505,-0.014049714991156925
2022-09-06,-0.005937046925577061,-0.005856578259355594,-0.007208359929280483,-0.003780262394801781,-0.025080326504513195,0.008992922988459995
2022-09-07,-0.024107257421681183,0.010117286090114419,0.020000114130876767,0.01780535159390695,0.015691236366667916,0.019335297118643346
2022-09-08,0.004058421494731235,-0.006020378897494183,0.005170823968247085,0.00651511354979295,-0.010309940033615739,0.0027469421679251482
2022-09-09,0.027957091240555343,0.005269846503476394,0.021626833370429033,0.015415802903000042,0.00221822703656116,0.01080870539662282
2022-09-12,0.013690805914744253,0.005055386193322242,0.011815632790294295,0.010690364829720522,-0.00825113077130002,0.009659725950889708
2022-09-13,-0.0050632699676746995,-0.013096728906648814,-0.05639775438659811,-0.04445613878651944,0.002324669459780715,-0.038997316191526465
2022-09-14,0.004285972069430155,-0.003855034555311221,0.00790206991831166,0.003808550305940628,0.0034306301119340077,-0.011458343722789976
2022-09-15,-0.02959378122044054,-0.018855801737618805,-0.016794062345767635,-0.011418360571036956,-0.0006483712935629882,-0.018655304006172102
2022-09-16,-0.0036109016601066912,0.005533767627080799,-0.006133480632897204,-0.007658101597404432,-0.008370521536711806,0.00011080547721231682
2022-09-19,0.003210431222726129,0.0007697907679808935,0.007757093201499643,0.007724943841892262,0.002332259774167511,-0.0014408310612257225
2022-09-20,-0.0012027261775346965,-0.005722932055293839,-0.008003130153902305,-0.011544628750126407,-0.010020134480421383,-0.024590035567969792
2022-09-21,-0.006035071471726106,0.004632228320962994,-0.018068182122118692,-0.01759798217542219,0.01661421568753063,-0.01592699682886245
2022-09-22,0.0028210350689796826,-0.0005778441890038621,-0.012383986838510275,-0.008435432143500066,-0.02588064375416721,-0.012786494807033755
2022-09-23,-0.03438748221032162,-0.017427816406674346,-0.016415843469334668,-0.016896705647754473,0.004076362226053121,-0.013380700767258169
2022-09-26,-0.023599764907546117,-0.01170141432179772,-0.004146472336026719,-0.009941817467871594,-0.01929545414368139,-0.028445011079977434
2022-09-27,0.010604485212630355,0.0020477436877319732,0.0004010809446706176,-0.0025559657084590626,-0.026683733520513897,-0.01340619586353764
2022-09-28,0.027467311778762937,0.020573557832177514,0.01969690934868762,0.01948516710377035,0.03293357967768262,0.020532400134163353
2022-09-29,-0.006176632865265486,-0.00019394717180531984,-0.029251443681820533,-0.02111017373108215,-0.00518966023951517,-0.029823058322855367
2022-09-30,-0.012468909957809693,6.462035224608087e-05,-0.017102045067228566,-0.015584443673319903,-0.012994707317976584,0.01116323322021806
2022-10-03,0.02233338236887583,0.024019005945364214,0.02318941580280587,0.026058898437795186,0.015764577083700715,0.01767998959691397
2022-10-04,0.026635964532220502,0.014226444596111776,0.03095651880461059,0.03051611143975652,-0.002796772811376691,0.020019085225774447
2022-10-05,0.017762429905081145,-0.005553659432976588,-0.0005316705436886338,-0.0023307434573833774,-0.009607561618127036,-0.019773927284706616
2022-10-06,0.006240230381474365,-0.0011269264553863678,-0.007903829120618155,-0.010369478450531489,-0.005573597331850699,-0.028205948815613446
2022-10-07,0.010442968106450401,-0.011023386142689162,-0.03884918843175189,-0.028290344296316938,-0.009755422573119787,-0.024364861368218804
2022-10-10,-0.011220785374645548,-0.0153182032171566,-0.010046753906953754,-0.007664696048545139,-0.015668344564332415,-0.009471491446912061
2022-10-11,-0.014501607522737991,-0.0020602123309396703,-0.013833156435603122,-0.0063530350468834484,0.004416058927484201,0.01011695125486689
2022-10-12,0.0,0.005335071671709102,-0.00034268904050094307,-0.0033041134477249656,0.004894836371590827,-0.010508022488658675
2022-10-13,0.01372301406680787,-0.0069476110871145025,0.023181417599428933,0.026049046784866192,-0.009612382074172032,0.018092877178015776
2022-10-14,-0.02005962877569134,-0.012537160793022473,-0.03051827784984784,-0.023052305883823898,-0.008285213641136657,-0.025160191749312055
2022-10-17,-0.002386620786738902,0.002872080630747398,0.032487959962396395,0.025372149612448602,-0.004881122554339257,0.03700060349472167
2022-10-18,-0.0108109350816461,0.002148660090393051,0.007876840126229467,0.01168117134492519,0.0023420449177926628,0.010825938927694345
2022-10-19,-0.00040256670575677944,-0.013488925988339062,-0.003653367124425877,-0.007111771483175211,-0.01837376145812808,-0.025231140609559333
2022-10-20,0.0008051478358561681,-0.0015834633753089022,-0.005115317863689128,-0.008420608858731526,-0.017240817843976686,-0.004375136074847852
2022-10-21,0.0012063313575549905,0.01767059741452659,0.023177480289295893,0.024011019620274077,-0.018187258004087603,0.007836027880281371
2022-10-24,0.002809624632537755,-0.003248865884512675,0.010941362767526996,0.012162180396093625,-0.008298760894475343,-0.00012801421385244538
2022-10-25,0.005595590250100813,0.0022753535606359065,0.020474734148512752,0.015842335939560748,0.028696773955123156,0.03853637134897259
2022-10-26,0.0185592376164343,0.0063434463543528,-0.0223443791162099,-0.007562628897520796,0.014304798580394795,-0.0006158841288907979
2022-10-27,0.0015637976855420455,-0.0015497241473587664,-0.018373590375782456,-0.005354293895922346,0.010416293450850489,0.00147768225758238
2022-10-28,-0.011788052884272204,-0.01026317410117894,0.030141745573111223,0.023512078934164293,-0.006897624140507652,0.021783403725497585
2022-10-31,-0.007140008812718257,-0.008194886192774753,-0.011695826902311524,-0.007249482597915247,-0.0071537296052586186,-0.0010838727807103155
2022-11-01,0.015014101598698204,0.010151726172797026,-0.010270245706777814,-0.004385423656437126,0.009302085961309992,-0.00036151638170167644
2022-11-02,0.008979202460007052,-0.00699697020289225,-0.034878629554854435,-0.025416419018448266,-0.00434949523712902,-0.027871365380871538
2022-11-03,-0.000777600045454907,-0.0038132974339371017,-0.01972794169318437,-0.010350403105291228,-0.005411735435579601,-0.0013647906284148803
2022-11-04,0.03327898764571424,0.03023458325284345,0.015956811900430523,0.014290516642263107,-0.01694295808958124,0.013562406659228365
2022-11-07,-0.008690722870276169,-0.003970260739379228,0.01093473152170965,0.009520234738384481,-0.010026925976600154,0.0
2022-11-08,-0.012218561445810128,0.02283632894068699,0.007260782674845423,0.005380986733229065,0.010875468020024925,0.003056613454766932
2022-11-09,-0.023320160964571457,-0.00502989475916138,-0.023346711078015225,-0.020817400194196978,0.0032820039972456527,-0.010308065217444096
2022-11-10,0.009003722579471685,0.029990153003992326,0.07119299974774229,0.05349738604091314,0.037751692782873825,0.07059498920254104
2022-11-11,0.018915796696072018,0.006584597947117743,0.01825845766809664,0.009631861389864937,-0.0036707736328365215,-0.00011488903016321217
2022-11-14,-0.015026279187218883,0.002185266227277438,-0.008789781033333277,-0.008543257738731214,-0.002454689736325122,-0.024672436998470104
2022-11-15,0.011578766198834689,0.0035106980811026034,0.013743431748174828,0.008493051854365774,0.016051087872392067,0.010782080645329373
2022-11-16,-0.011190645214219863,-0.0022987420952169657,-0.013743431748174828,-0.007658160266537983,0.021632276071195555,-0.009133672318552222
2022-11-17,-0.016826829462851745,-0.007293959961672591,-0.0022094334492743783,-0.0030642763062784795,-0.01060807520253082,-0.006846098126957578
2022-11-18,-0.007128697883473034,-0.006917507382314447,3.5181592643596105e-05,0.004529996557345761,-0.006901068658675236,0.01259349386864983
2022-11-21,-0.003583496830121824,-0.0056056352070879,-0.010340480656393147,-0.0036426189809510845,0.004206093246112985,0.005249102462843602
2022-11-22,0.010317486327189762,0.0011730356909014361,0.014299752968627288,0.013367130221094037,0.01409196721321404,0.0054536448711317576
2022-11-23,-0.01391387080352402,0.006212503317279072,0.009986919906729952,0.006281858392333639,0.017291448927437614,0.000809555183164612
2022-11-25,-0.008846088493891457,0.0008581023409730548,-0.006600250279189979,-0.00022375074388047977,-0.00339556604351543,0.0063389503719939455
2022-11-28,-0.006076544562319874,-0.00793489366537159,-0.014782020497867698,-0.016085778921276273,0.0028144240335743476,-0.027134030293910705
2022-11-29,0.01291895081531269,0.004928261563008185,-0.007598256803039938,-0.0017189960299184293,-0.011795272849064453,0.01639186222611322
2022-11-30,0.022214353760310335,0.0127009210150133,0.04457733620570181,0.031014742511365156,0.007327593324262693,0.02261996783234732
2022-12-01,-0.005113056197949106,0.018217842396307304,0.001226339654701647,-0.0007360867473344967,0.03144610145160609,-0.0021593418349139526
2022-12-02,-0.010703787724914093,-0.0034616677176240174,-0.003991221640636589,-0.0011543140555696496,0.012497078768205938,-0.0029629035311158347
2022-12-05,-0.026248235833878475,-0.017307805302720247,-0.01692605128216229,-0.0181532816540102,-0.01410576717992118,-0.018427332930340157
2022-12-06,-0.016086216775194284,0.0027336344458790407,-0.02093797678492404,-0.014519621130915539,0.012797542029466591,-0.009459759026954728
2022-12-07,-0.005001971494114521,0.008998493556537923,-0.004090735556373737,-0.0017025569063804369,0.02328948644479656,0.001992746646716448
2022-12-08,-0.0016730216007658782,0.0008413425277824516,0.011765292532277982,0.007803421220237361,-0.002744625118078048,0.007001986382555003
2022-12-09,0.0012549598044482302,0.0035378943750199454,-0.006397398923794206,-0.0074983041220502145,-0.026358748186865455,-0.0018620621159666229
2022-12-12,0.01081084811391575,-0.00829484183350182,0.01247336243109931,0.014314453961270956,0.0031924559812566145,0.007659916273476064
2022-12-13,0.016407335516396504,0.016936889733695004,0.010692694830593652,0.007541296500430228,0.009609825681897277,0.018330318505328513
2022-12-14,0.007700179290281994,-0.0024359858905977916,-0.007441311379039028,-0.006414216791966076,0.004262019036350928,-0.006834898291863567
2022-12-15,-0.012185377510821827,-0.016494600382901403,-0.03415300221106854,-0.02476571536409722,0.003894023810833147,-0.013462797620982236
2022-12-16,-0.012749604237819678,0.008671019495159804,-0.009580354032412863,-0.01187652820698748,-0.011233409649827664,-0.02617387281326522
2022-12-19,-0.001875488390450819,-0.002821808248999247,-0.01415330512940205,-0.008515671821592186,-0.016947883299417654,-0.01280601914877888
2022-12-20,0.004578634015597327,0.016458298941439686,-0.0007789767457930807,0.0013675175062015654,-0.017916701893295972,-0.0025324641985431384
2022-12-21,0.012791430593114494,-0.0016573862871149814,0.01440195781291198,0.014841714254981042,0.0025104283724672882,0.008537111940234432
2022-12-22,-0.012791430593114494,-0.01215898016893302,-0.024769161646006843,-0.014368881362996966,-0.00019304260950647745,-0.004210058627599267
2022-12-23,0.018107377707071493,0.0029938350392546553,0.002246442131195181,0.0057358113599566,-0.014768901789580013,0.008861844698301091
2022-12-27,0.00893220094238023,0.008394677302770326,-0.014238934506648704,-0.0039513083686166794,-0.01997107743972837,-0.00036249832713597385
2022-12-28,-0.011382231376468877,-0.0045159890327513,-0.013290611949186903,-0.012505870996425195,-0.005909153626632246,-0.017194494448458997
2022-12-29,-0.0012271807057993023,0.005582639597805361,0.02408289623796911,0.017840185981845558,0.011287205758436336,0.021657839712612592
2022-12-30,0.00896504832517353,0.004667758029330393,-0.0006009370355597454,-0.002637478615604927,-0.011186587280998417,-0.007248150129283815
2023-01-03,-0.024226201882004084,0.008335816871946733,-0.006782835065295423,-0.004218732369614564,0.018904194931151252,0.0009692765430155958
2023-01-04,-0.018033556535051343,0.009367889939565721,0.004752881203481607,0.007690553529218214,0.013606667013719154,0.02239774704834563
2023-01-05,-0.005091331404109223,-0.012529630867487818,-0.015778195353330027,-0.011479083620171693,0.004172268949954372,-0.027254406671729292
2023-01-06,0.00551428764587536,0.018534663811199614,0.02722739196316848,0.02267329115671135,0.018229379516855104,0.02654348632023318
2023-01-09,0.011774822085069747,0.002242601067979244,0.006452400057080254,-0.0005672111401135993,0.005310157920794367,0.00035557534237629085
2023-01-10,0.0,0.0036693044744913195,0.008428574699259173,0.006988308968394641,-0.01668853700155637,0.002248561685206596
2023-01-11,0.017816859433297694,-0.0006870298860048862,0.017152564425459538,0.01256860360334322,0.01612072476380444,0.03519324143899283
2023-01-12,0.008180051365743957,0.011501603213231348,0.005389684406305939,0.0036342924484511485,0.019491242172493983,0.012588870777586969
2023-01-13,0.009728599532876192,0.01193033370259311,0.006857400038128958,0.003871926567803996,-0.009417076971363514,-0.00621799481487173
2023-01-17,0.0068341306545343095,-0.006566591290623869,0.002026548211391699,-0.0018335869709087405,-0.006484530278899392,0.002831028857136708
2023-01-18,-0.010876284162239624,-0.0028758838411491183,-0.013085241341726395,-0.01591385957068603,0.023942297410874502,-0.01469501831070108
2023-01-19,0.010074693863455497,0.015743931377470766,-0.00987315220753704,-0.007306516973978994,-0.006279395030796664,-0.005523758338934037
2023-01-20,0.005996366921267704,-0.0033409804213135885,0.026999431065834578,0.018457637239361446,-0.01634391211089259,0.01181552958262877
2023-01-23,0.002388584370452751,0.0018946378029900401,0.021972605797412115,0.011927083369693392,-0.004719152504301327,0.004550879390667006
2023-01-24,-0.005582148330795622,0.0036119840879402787,-0.0020441100187431616,-0.0010738970542929493,0.014277953628837992,0.0024944024726467617
2023-01-25,-0.002802802960924833,0.004593393795208733,-0.0022217754394509015,0.0003746757960012559,0.002421949374813437,0.0004527606629229908
2023-01-26,0.004400772816799403,-0.009096515003608197,0.019309764135162055,0.010930521093694523,-0.004662819622595293,0.011143281867408206
2023-01-27,-0.011240490588326768,-0.00139396157562377,0.009905148485164439,0.0022950019646863495,-0.002527232430541204,0.011131032765791637
2023-01-30,-0.013002994553668934,-0.0025700149312912757,-0.02042582768942225,-0.012626126477605304,-0.003661117324481822,-0.012811420897005377
2023-01-31,0.017032031574771178,0.00362961650726934,0.014874919756348248,0.014596434645764766,0.007962557264299619,0.02074955628729125
2023-02-01,-0.019079126701041726,0.01251813452838757,0.02115799770684923,0.010571496116664747,0.011949532069254865,0.006131226348020213
2023-02-02,-0.007404453976044056,-0.020970284008537732,0.035260916271761644,0.014452352140252422,0.0012933998821127446,0.0224486575833982
2023-02-03,-0.02550829398035903,-0.025274496401227253,-0.017932430805680966,-0.010686323815887633,-0.01506867696473524,-0.018962149554962338
2023-02-06,0.0029603650354328437,0.0020732591842405057,-0.008494991878147395,-0.006129890401144422,-0.007431409751905704,-0.007314104926355647
2023-02-07,0.018825085369616357,0.0009200023760849163,0.020507076978249827,0.01299374615118154,-0.008058078989645168,-0.002193766504015038
2023-02-08,0.002069887165879525,0.002468544755507729,-0.017940936062083246,-0.010994949337951532,0.004747789419678128,-0.0047328128886841014
2023-02-09,-0.007888777537572889,-0.007943887464013422,-0.008877229848099688,-0.008706919176535877,-0.009518311667402024,-0.010982188332975262
2023-02-10,0.014073214144340263,0.0019053779351274613,-0.006584937091116849,0.002330868581630341,-0.011252795536805138,0.00345187667931679
2023-02-13,-0.0020572021856781753,-0.005089097798950171,0.015889030110583846,0.011670567705945878,0.008379469655085181,0.008853488665077514
2023-02-14,0.0032894236029932244,0.0007534549847427741,0.007362237737870814,-0.00046025684566863845,-0.002304619868722213,-0.007964672396155947
2023-02-15,-0.010730519062128963,-0.010014646847400499,0.007631581721202707,0.0032420290875494473,-0.009368489226410759,0.0039899744381326485
2023-02-16,-0.002908879614449411,-0.0008195726363133815,-0.01894267682972295,-0.013864471002678513,-0.014269894044688591,-0.009781794860632687
2023-02-17,-0.007518802304034011,0.002982339072148399,-0.007080490966141717,-0.00250134265023938,0.007746802684619247,-0.003917562347562686
2023-02-21,0.0012570053124041358,-0.0037440046605539123,-0.023959841983564267,-0.02026481801440827,-0.019629111698412416,-0.020278157385935636
2023-02-22,-0.013066499032057699,-0.005642376897915469,0.0007477734555800808,-0.0013790273226037542,0.009122377914343005,-0.009082089420654249
2023-02-23,0.007607783017109959,-0.000530591852650808,0.008696315847037006,0.005305131040866939,0.009724930482553518,0.0074786630204251026
2023-02-24,-0.0033740525379752917,-0.0072206822499252254,-0.016885835085311385,-0.010739763589068474,-0.013086133254689436,-0.01769347307674085
2023-02-27,0.0008444890326799737,0.0039126704061276385,0.007135402731377916,0.003400315575739832,0.0027688645982921756,0.0015153800749505564
2023-02-28,0.002950566594008386,0.004545621851780979,-0.001293458610529541,-0.0037031923720673987,0.004533236432935794,-0.001398864695556945
2023-03-01,0.017108651808703357,0.0057555556009338815,-0.008071739018981283,-0.003842999253733659,-0.010801520613425097,-0.012679145692800375
2023-03-02,-0.003730468891207206,-0.0005857351538960387,0.008241878627214483,0.007747186160268704,-0.008906550072823372,0.011628685885637147
2023-03-03,0.015657347272982847,0.010666001055863461,0.020463111233511633,0.015910584954726303,0.02393737672116547,0.015067725324962922
2023-03-06,-0.004917963649190948,-0.005056593695139888,0.0011337940934268431,0.0006923437176089564,-0.007784089489020651,-0.003918970840877556
2023-03-07,-0.020756272998450953,-0.017635068390636555,-0.01234174326417481,-0.015447572715029168,0.006113852037069378,-0.023604785971644837
2023-03-08,-0.005467991768286495,-0.00047456302828230434,0.004981884629482458,0.001630972383313889,0.0009826941827322244,0.01140456964968184
2023-03-09,-0.012306389859680245,0.009801127700098,-0.017477639080881957,-0.018622195081630544,0.0024524760678410473,-0.023179870181955664
2023-03-10,0.010618032458441284,0.02133366724772401,-0.014142966754921993,-0.014534733501840869,0.033904527003129736,-0.03370346246387523
2023-03-13,-0.006357336423605808,0.022688861946559058,0.007388560959755708,-0.001426241972319886,0.002270678100407153,0.013031727832496287
2023-03-14,-0.012837126174404467,-0.005807897981361165,0.022720061132863734,0.0163950844149392,-0.01657836186352224,0.00960340051242703
2023-03-15,-0.023530497410193973,0.007773838437142189,0.005232229041257419,-0.006273949619230557,0.019126243154842903,-0.00072636125692771
2023-03-16,0.003081760537505751,0.0020180543660703876,0.026019305909463775,0.01739305733473806,-0.007853619740343376,-0.0021815093947807895
2023-03-17,-0.003081760537505751,0.028704276731303935,-0.004737442183573748,-0.011761740692452172,0.014897558197105809,-0.02294995822969792
2023-03-20,0.003960385267835598,0.00038079522406508914,0.003542684714600952,0.009569752277366561,-0.008836373793617902,0.011356737116975602
2023-03-21,0.0035072761685506215,-0.019055524569337123,0.01418151621898911,0.013045124197963887,-0.00862926357555338,-0.004428720309953782
2023-03-22,0.0026223367962621147,0.016877382247648676,-0.013691415800568763,-0.017193548645169976,0.01324531322584388,-0.03807222539119959
2023-03-23,-0.0026223367962621147,0.012460224063675973,0.011788396952628233,0.0026997629206730878,0.0,-0.006295509390376708
2023-03-24,0.004802329228252855,-0.011316136891164952,0.0036739147330688837,0.006540555655002223,0.004220324143327403,0.025321260590506434
2023-03-27,0.018555040344527374,-0.009299831745516407,-0.006875065090016008,0.0018681741097061888,-0.023771292499162655,-0.0011430395533533755
2023-03-28,0.004691904413463011,0.008155744573005386,-0.005326034541016433,-0.0022472110799105494,0.0018192980284581495,-0.0024171613226746658
2023-03-29,-0.006403380054902819,-0.0049731154716585735,0.018069806090506013,0.014430349114680219,-0.0020109472872915646,0.02192078249263041
2023-03-30,0.007254068216871801,0.008998964139578014,0.009420803126447552,0.005838102527543576,0.004590725483190283,0.012999319267893661
2023-03-31,0.009310300334373078,-0.005225877277023727,0.01649397699674182,0.013996232177903245,0.014869766025314313,0.021176425798676846
2023-04-03,0.016294455120402063,0.00717858251921033,-0.0024333942679461984,0.003803395933172915,0.004692177597311442,-0.00797976081718943
2023-04-04,-0.0012439738721670146,0.018469345695108608,-0.0033789782812325697,-0.005563634539459628,0.004959277114009453,-0.0013362961597511713
2023-04-05,0.003727468951304047,-0.0007982432900845993,-0.009921607220972462,-0.002621726419693715,0.010400670117305388,-0.005362476326087773
2023-04-06,-0.0028979510078084303,-0.007159660374899346,0.006719674562480904,0.0038932644590730092,0.0025827306229455615,0.006820270916001014
2023-04-10,0.0,-0.007427401530065936,-0.0005663946813312393,0.0010259101036149687,-0.016255761838469773,0.004601311847284961
2023-04-11,0.005375203766075476,0.00630066529229012,-0.006438149628009704,0.00026853538479798544,0.0020583182561102475,0.0042198657274825635
2023-04-12,0.007804525265175055,0.004873245294512607,-0.008873243226563687,-0.0040843979977891465,-0.0010288333296584184,-0.004823874866887401
2023-04-13,0.0,0.013425150587981882,0.019393066834534345,0.013195258171635693,-0.007889262993517221,-0.003026794555917256
2023-04-14,0.0012267678890509615,-0.01786901721989853,-0.0018817495306580057,-0.0024457035627927226,-0.009188873257410357,-0.01564241021349755
2023-04-17,-0.004095032909127383,-0.004463702764477162,0.0008473132799551308,0.003581828682574617,-0.011966956179426447,0.020601338309045758
2023-04-18,0.002049612614914764,0.0038732698004286803,6.270289153498254e-05,0.0006521333487103931,0.0035574359939696265,-0.002294903358912137
2023-04-19,-0.014020801184402298,-0.004789973842758144,-0.0004706114460839572,-0.0001689625347447432,-0.0009606539643698397,0.005908301430634921
2023-04-20,-0.00875917451756214,0.0039305245569876135,-0.007653744266145068,-0.0054722592765275024,0.008513592174549167,-0.009907057406048914
2023-04-21,-0.0020969796212302327,-0.009936876904452774,0.001043001269267485,0.0007767332301193974,-0.005635646300786057,0.00012131694943473548
2023-04-24,0.007944855030280085,0.0030347260178613666,-0.002086993114843061,0.001042540531801528,0.009627675505567979,-0.003770545033011885
2023-04-25,-0.014261939435672222,0.0050734265105614185,-0.01904375322669516,-0.016001016188003092,0.014597360677763405,-0.00991985970521192
2023-04-26,-0.015326001398893396,-0.005452222698837161,0.006046224465372063,-0.004244761934026009,-0.01071498359426215,-0.009646443047513387
2023-04-27,0.0012861064093896424,5.4098929280321784e-05,0.026827529306714837,0.019712655548441482,-0.009972420873300969,0.022364949539550594
2023-04-28,0.009381766952042181,0.00027061589311294654,0.006875402833903088,0.008498717035648973,0.016001970298267665,0.012199287394130565
2023-05-01,-0.008525156324814098,-0.004501468248395035,-0.0011477536155544144,-0.0010100842933429277,-0.029258258995044528,-0.007471112828022264
2023-05-02,-0.022949752287050096,0.0191128216996459,-0.008759918737416328,-0.011302838646585656,0.02461424748201324,-0.017077483032139185
2023-05-03,-0.012783793360592544,0.008443330394000803,-0.006565470101199011,-0.006887720018817767,0.005566453713725217,-0.003944835333165919
2023-05-04,0.0039847420251137855,0.007008337579460289,-0.00353614527335111,-0.007108131369283122,-0.009927682168886953,0.008241571895359456
2023-05-05,0.02228633252129031,-0.01577167201286489,0.02103160759801348,0.018343179865968118,-0.0033313613017957877,0.016523280058590828
2023-05-08,0.0047424746608011326,0.0012261535425386327,0.002474729218202576,0.00026672435836871955,-0.014113817513173643,-0.005800757791186939
2023-05-09,0.003006134207812039,0.007061173494321338,-0.006353536227845069,-0.004395064775317259,-0.0035839633129679527,-0.004250919050512891
2023-05-10,-0.003006134207812039,-0.00142946404099753,0.010823008134071443,0.004661640998151029,0.009657424718359842,0.009569633319744142
2023-05-11,-0.017354017769104946,-0.008619799546280227,0.0032549039620572984,-0.0017456276363656542,0.01051619535947168,-0.011031088616098472
2023-05-12,-0.007908716712950348,-0.0017115440993107356,-0.003593203342824758,-0.001311126815683572,-0.008404323833397953,-0.00012191088710622466
2023-05-15,0.011403734875071514,0.002138972799392569,0.005400150952842964,0.00344405294521799,-0.010411517977682472,-0.0017081025888989743
2023-05-16,-0.010962679598507385,-0.012578168330723116,0.001131796916220118,-0.0067051526035735165,-0.0030088103086862716,-0.025352211050989837
2023-05-17,0.011834410177471888,-0.003467895133702825,0.012031242125103425,0.012066081382794636,-0.002920112733957758,0.013436156666381649
2023-05-18,-0.009192443299436803,-0.013057794413406931,0.018402996346670086,0.009586938998043415,-0.007436817155907605,-0.0048311524230220115
2023-05-19,-0.0013200629694591903,0.009850156652287723,-0.002255858715600745,-0.0014559861320844192,-0.007096329744646468,-0.0016156568206868727
2023-05-22,0.0008802675223562595,-0.0023442435084914948,0.0033525986390552376,0.00040587644334344475,-0.003566880041860898,0.006076075748835841
2023-05-23,0.003951690607153058,0.0012000108481293736,-0.01275739657730579,-0.011286296031271625,0.002874100656638845,-0.009439934565798502
2023-05-24,0.0004380613207932704,-0.008101176111367181,-0.005142861558284473,-0.007271139061458598,-0.004961060278901641,-0.02169884755239515
2023-05-25,-0.015894310634129383,-0.009664579046816613,0.024041581975052573,0.008622587308853902,-0.0024900936543161833,-0.00012744431282651902
2023-05-26,0.015894310634129383,0.003987606249999942,0.02522956439013857,0.012867672095028482,0.008044895958062348,0.011414304425940713
2023-05-30,-0.02348874184612404,0.006171471778321447,0.004524742901578449,0.00038068837241844733,0.009941394605050391,0.003775670599445391
2023-05-31,-0.011274042010430474,0.0015370188425896103,-0.00570222311060764,-0.005560543576691224,0.008679488740769514,0.00501269682710781
2023-06-01,0.016194718064332925,0.007867103377943607,0.011485713935990738,0.009456113055990478,0.003915862660770486,0.00012489559016426455
2023-06-02,0.01285757384120112,-0.014857275420165017,0.0074719363718767084,0.014357649101763847,-0.011018656654691483,0.02407975684976371
2023-06-05,-0.0026467246561847624,0.006002365721135661,0.0007045504264739932,-0.001918122421741053,-0.0018647949096202154,-0.006978833395810291
2023-06-06,0.0013242379717626207,0.001097437284125924,-0.0001689276663281447,0.0021750948048646634,0.00587666020989186,0.009537815951614625
2023-06-07,0.0039622246769090985,-0.012083252758880114,-0.01711117298864373,-0.0034637167154949466,-0.01495478082931001,0.01820969575836351
2023-06-08,0.001755802755020408,0.013124733073092365,0.012336999114002545,0.00603040788043252,0.011628801384101273,-0.006233302036903865
2023-06-09,-0.006159277324089718,-0.002688130119842036,0.0038155298418987016,0.0017924318359696656,-0.0013725826643540273,-0.005789074233770286
2023-06-12,-0.01377485804723566,-0.0008792504640151577,0.016755638808055195,0.009031264483803092,0.0029393569885316495,0.00024189047082145976
2023-06-13,0.01333350956419288,-0.0073948331208413265,0.007654573411536525,0.006571102001998952,-0.009930015913146129,0.006388347923517834
2023-06-14,0.0022050850596251337,0.000553774340214197,0.007241455464241042,0.001190299040766618,0.007971461523777812,0.0037178476956949424
2023-06-15,0.020924955495170927,0.007005982383035736,0.011845191665055488,0.012321429241232806,0.009559917940503482,0.005252790907348093
2023-06-16,0.012433018600372492,-0.0015404017609146337,-0.006312640925056456,-0.003412139788802726,-0.003890864870092159,-0.0007145728868218626
2023-06-20,-0.00898776502762022,-0.010404681043488573,-0.0014325067080127596,-0.005201726603065282,0.006896024249556376,-0.011867080131520602
2023-06-21,0.014511609793308011,-0.001447469926816325,-0.013721543905786504,-0.005136718154266973,0.0024171948623328277,-0.006047380464565322
2023-06-22,-0.018820128689521542,-0.009966480697038982,0.011729676160910252,0.0036030649404148463,-0.012143813105923051,-0.01441852457262005
2023-06-23,-0.010853123346919347,0.002753451933942941,-0.00996267580646304,-0.007588573998653203,0.00992041703524471,-0.013880653412548405
2023-06-26,0.001308546664164023,0.0017380933759119088,-0.013496208310356472,-0.004094184057077399,0.0010639655524302682,0.022825153553407418
2023-06-27,-0.016260402535483998,-0.004604118590478379,0.01704792382792686,0.010903573771322783,-0.002613728176420693,0.012244714505931675
2023-06-28,-0.0031062797312255697,-0.0023100760234937567,0.0019498132139581514,0.0005042559269874403,0.004255746728127896,0.0014449470310475832
2023-06-29,0.0004442901265298005,-0.0010723394318450374,-0.002004605096989742,0.003933604134878088,-0.018213416041164443,0.011108124811247677
2023-06-30,0.008405278651225423,0.006641221688667542,0.015302473229947822,0.011731541123454647,0.011726027193586397,0.005520469922288385
2023-07-03,0.0,0.001121247777740031,0.0023521963632422427,0.001149995291644501,-0.005685249903969236,0.00976520538230119
2023-07-05,0.006148456854419226,-0.003536277643963359,-2.6917619382338387e-05,-0.0014882035103402913,-0.009547810070392515,0.0022494089989830712
2023-07-06,-0.0021915539622927582,-0.002984649764026237,-0.007645262361034355,-0.007861608853215074,-0.014244010082950176,-0.00771557394491218
2023-07-07,0.008302343375922394,0.0074730048154894035,-0.00332528212977401,-0.002527856464886291,-0.006037464737827847,-0.002266543525331066
2023-07-10,0.0021736431462815453,0.0007833887164983011,0.0003274579262146915,0.002527856464886291,0.001311198183199913,0.004290125871521333
2023-07-11,0.01165541196189368,0.0037406077556987327,0.004928394610827169,0.0063484210046969025,0.005127459560765324,0.014169638150859143
2023-07-12,0.007269672719319331,0.013450555215707816,0.012550912581690277,0.00801363125190857,0.011069873655662477,0.005378899240190194
2023-07-13,0.013962760737407987,0.0007144446386035952,0.016836269146207172,0.007905603399044558,0.010457465147132972,0.0063933432870539875
2023-07-14,-0.006745554971352874,-0.0031917364290752204,-0.0002110653191929046,-0.00062315071334762,-0.005905613482322991,-0.001971710759218759
2023-07-17,-0.008069521249032707,0.000716300128756231,0.009295223048676249,0.0034663428896379855,0.000493262573253439,-0.00652317132982283
2023-07-18,0.013132925614468771,0.011391151915955078,0.008147395696347814,0.007403175758171621,0.004528996679359132,-0.0055075572303318054
2023-07-19,0.005456424619434852,0.00016334311378951583,-0.0002333039553752414,0.0022212468759441606,0.011233263369398117,0.011217692840046922
2023-07-20,0.0029258103488691845,-0.005076251540707233,-0.023321812047582213,-0.006656600278340363,-0.012216335802432532,-0.0032586691564313597
2023-07-21,0.005411092188826405,-0.003069238517008799,-0.003003895583171712,0.0,0.0002949977254891323,0.004652011747400486
2023-07-24,0.0176922334674372,-0.0042906650791518786,0.0015961744108210496,0.004457392243483405,-0.003643463302618777,0.008204932175360113
2023-07-25,0.0036638273189022463,0.005552416740764343,0.006754866198166454,0.0027262768128357706,-0.0018765362482549008,-0.007161048410820214
2023-07-26,-0.004888003235965055,0.004867250719561511,-0.003332167286508536,0.00015369925981278953,0.0009880491617124676,0.00451064906201637
2023-07-27,-0.0024530352228251395,-0.015836715414990543,-0.0023868180642629966,-0.006652055119189981,-0.019644665832789343,-0.021932904472588888
2023-07-28,0.006121253592597409,0.007949707574280929,0.01805092206301051,0.009742720115196057,0.005122650988040434,-0.0008260888813351741
2023-07-31,0.0040601178143719885,0.002690787072192613,0.0005213928422111991,0.0019024004046990228,0.0024018785378494556,0.006471683455232302
2023-08-01,-0.005281392372973759,-0.010418766955582193,-0.002322332423647211,-0.002865819614192411,-0.01652253945124027,-0.0016431442530056017
2023-08-02,-0.015186077948314836,-0.004776993918500061,-0.02218861746194012,-0.014008534330875122,-0.010756758492722618,-0.0057734771574855515
2023-08-03,0.00946711123950239,-0.000334202918323534,-0.0016038594331302392,-0.002869984785580648,-0.02334177494223244,-0.010930324512520961
2023-08-04,0.0016373942722425205,0.0036138763540742858,-0.0046926074972635234,-0.004532933009369522,0.01755716616392977,-0.008156332892494511
2023-08-07,0.0004087741083735885,-0.0022779889325192926,0.00843095254489068,0.008690688384218603,-0.009890063917636027,0.012447686943873215
2023-08-08,-0.0012271807057993023,-0.006361270240024197,-0.008538621657280032,-0.004358209219963882,0.011546341196211785,-0.006443853927283527
2023-08-09,0.006934579276705044,-0.004769563349673156,-0.011055412853532509,-0.006707758478667003,0.00515762382040208,-0.0001199421769051412
2023-08-10,-0.005298524365273671,-0.0010691758408611918,0.0018463317517039002,0.0003588823981770517,-0.016599343297987623,-0.0038386398032406177
2023-08-11,-0.0016360549114313727,0.0,-0.006395779237879928,-0.0005831871237669262,-0.0023042100654286912,0.0015613313149653862
2023-08-14,-0.004924107104079756,-0.00304522053039058,0.011159623339054292,0.005504715317300679,-0.002204527797105449,-0.006621966649532851
2023-08-15,-0.012000913503956046,-0.0026580037072090335,-0.010668434281702943,-0.011717140607268028,-0.006113630920158819,-0.011298250776713203
2023-08-16,-0.004171911157010211,-0.005792775189195076,-0.010645320174889505,-0.007365214646971374,-0.007854585570162165,-0.012416472350579966
2023-08-17,0.0025052710375836895,-0.0015390561619561538,-0.010983161324262802,-0.007649052688063485,-0.0042717070525579715,-0.008073229462929987
2023-08-18,0.007064251982335623,0.00017111358955279599,-0.0012556907168148612,0.00048118524204454616,0.003525366313703593,0.003112839150929858
2023-08-21,-0.0024876135824225543,0.0027339296425665793,0.015983254106361144,0.006485228767047602,-0.01342003363071953,-0.009242139848121056
2023-08-22,0.00041506237518351696,0.0016481975934530269,-0.0014301612890879056,-0.0027124503687288026,0.007644738955502994,0.002881842497076903
2023-08-23,0.0020725512072390373,0.010113328144583988,0.015645630038187974,0.011076172666096618,0.02447492051419431,0.015641095078342993
2023-08-24,0.0008277110691503609,-0.0002248455933200333,-0.021607451715989434,-0.013955790141531033,-0.006615569110452135,-0.0038257827427186086
2023-08-25,0.009880710001159532,-0.0012941233726575518,0.007721546203890206,0.007024920040729299,0.0032610168602618117,0.0007415316615562162
2023-08-28,-0.0016399903228792034,0.002867238875764677,0.007498912569587013,0.006321354457318407,0.001049676483864559,0.00934583328825589
2023-08-29,0.0036861587034953125,0.009720692377633178,0.021604623828197056,0.01435135684495581,0.010332330036762372,0.012044919730193726
2023-08-30,0.0012258545170258373,0.0024987503158229174,0.00556144015534521,0.004110200385093243,-0.0010387915058611696,0.0036212809275824043
2023-08-31,0.0040749195955482875,-0.0016651113471644052,0.0029938594033662724,-0.001464432636374191,0.0044592834046337515,-0.007377325042422278
2023-09-01,0.011724355551086418,0.0004997991755413267,-0.0010588498468511176,0.001863502499224623,-0.015701027636534803,0.001697957992349508
2023-09-05,0.004811741534031189,-0.008195174622491308,0.0012705181946355282,-0.004331281038950863,-0.014121508429614238,-0.011701637713831481
2023-09-06,0.002396911896517029,-0.004544556063018845,-0.008846923280668051,-0.006744927840229842,0.00245668669845589,-0.0020866303146584997
2023-09-07,-0.0019970419164612174,0.0010678794784508838,-0.007177139002438437,-0.003075096073662742,0.0027693433060322903,0.006246349580641741
2023-09-08,0.0019970419164612174,0.00033697027875945196,0.0013964859616333314,0.0015049931196804422,0.003822054313102896,-0.003914506961248954
2023-09-11,0.005967826185874436,0.001851395103543041,0.011713840230841654,0.006554973343901871,-0.007231906173992719,0.00012247830172196217
2023-09-12,0.003563726682293211,-0.005169992663579315,-0.011150377440157122,-0.005500672119051586,0.0057473073353842,-0.0004905300260968914
2023-09-13,0.003157101638942006,-0.0023126820451926378,0.003802041289215019,0.0011652879290560136,-0.0002121873836014032,-0.010973349492229723
2023-09-14,0.008240183155197922,0.0005080950731217726,0.0081438637177218,0.008585446941390629,-0.007243864592963334,0.017938669308929178
2023-09-15,-0.002347380998423354,0.006582106894978068,-0.017271343614583046,-0.012121345092499958,-0.006113357350794324,-0.0037821650194196366
2023-09-18,-0.0003917237503947568,0.005870383136318935,0.0010418963504603695,0.0005861176967538739,0.005685484739267999,-0.008962992146440918
2023-09-19,0.0007833794247069648,-0.0009480950413545131,-0.0021335824115809032,-0.002075982267584209,-0.00740812242805422,-0.004573970186023679
2023-09-20,-0.008256467254304845,0.0007251297423289671,-0.014515165742304603,-0.009235783098414885,0.0031198509187264634,0.000866905858702971
2023-09-21,-0.003163343483196357,-0.007274811145922655,-0.018494671772666393,-0.016666404822387904,-0.026009314336767453,-0.0346359933306708
2023-09-22,0.0007917529416543445,0.0031961900557462286,0.00013982975100912398,-0.0022510330398386458,0.008016417918485175,-0.007590010288291538
2023-09-25,-0.004759948128015168,-0.005163898932471156,0.0047385628311307215,0.004196391979546021,-0.0249165832656848,-0.0009042015460227759
2023-09-26,-0.0011935790184844919,-0.008023084937964775,-0.01513021143474269,-0.014800384021661728,-0.0034821813612930796,-0.01839224125712846
2023-09-27,0.005557772163253816,-0.012443751217318777,0.00234064180404836,0.0003989752968358573,-0.005189773560307032,-0.006736569539463666
2023-09-28,-0.0011884646290942769,-0.005009715204337795,0.008330434447637813,0.005780805101358588,0.0030495807263903885,0.009549413055992773
2023-09-29,-0.010759089508611375,-0.01032850551809883,0.0007259216720783002,-0.0024298192356901893,0.00011281210148528231,0.002912138784305185
2023-10-02,-0.007641308070311492,-0.01055420585609923,0.008311000215998732,-0.0003978619202804623,-0.01688201614197471,-0.01854251019458175
2023-10-03,-0.004450717942122484,-0.002892421000057155,-0.01770546693656261,-0.013476498107857005,-0.021746421354664314,-0.019716655270208605
2023-10-04,-0.028379483791753035,-0.00011826350755939075,0.013516887547880607,0.007255601355061536,0.014009206513848405,0.012148110719270022
2023-10-05,-0.005857845412029938,-0.0018344684108635434,-0.002950890156791175,-0.00037670917735344034,-0.004997323843578982,0.005546745158679478
2023-10-06,0.003769714229764798,0.0051398519222738415,0.016616658911868143,0.01180270034058939,-0.012190899776419961,0.0026946725130363447
2023-10-09,0.020687566382264766,0.018218478536943472,0.005087015297027264,0.006381864266304937,0.02319842121759308,0.010839860272356283
2023-10-10,-0.002460075507455528,-0.0016795054754084049,0.00552268556842872,0.005191268419330264,-0.001383902894581901,0.004780079104550694
2023-10-11,-0.005763701614652117,0.007276507826109224,0.007110005577086298,0.004087890207716605,0.020670897612736994,0.017204625949633012
2023-10-12,-0.0004130055225983753,-0.003054310387323511,-0.0034810430612601806,-0.006114971851093998,-0.02750231201633202,-0.014690557297478257
2023-10-13,0.026092093936244343,0.03164231938177586,-0.012649521098977878,-0.004993394123698813,0.017734084360691682,-0.002514068652154755
2023-10-16,-0.0032245447576624287,-0.004876800474352017,0.011242792643250787,0.010466602803316682,-0.0162249970997701,0.011851846659141962
2023-10-17,0.0028220119350592654,0.0018525567250016195,-0.003280763456325886,-4.5897358890378825e-05,-0.01108179940159637,-0.001440871843948699
2023-10-18,0.00881755071385415,0.014367113783494645,-0.013204624499117301,-0.013414739946933985,-0.008836888368827012,-0.021466547142079406
2023-10-19,0.01032174168985156,0.012199301049654387,-0.009401010119830744,-0.00882520562735234,-0.020685552026757925,-0.02399290326066339
2023-10-20,-0.00753225411000269,0.002727175302074336,-0.015030234983018254,-0.012364248885513796,0.005662195768097789,-0.0067450096752894595
2023-10-23,-0.0063872314648771855,-0.0033827788768210354,0.0030128587134194973,-0.0017346583770914137,0.011942142250081389,-0.0098550484947868
2023-10-24,-0.010871816993037964,-0.00010933686369085649,0.00968102805496418,0.007510963941975035,0.013090502692699957,0.01275123909372855
2023-10-25,0.007260907447518061,0.004199991317573648,-0.024780281196328247,-0.014456031917746692,-0.02251297482434733,-0.021718725352062762
2023-10-26,-0.008476245069511723,0.001577208003793018,-0.019251203609519152,-0.01204681145157327,0.015222281290804496,0.018960504658977584
2023-10-27,0.013287986603542912,0.011562693424814974,0.004789653839401886,-0.004543118864360096,-0.00425826930223927,-0.016149621617877585
2023-10-30,-0.01612947262678599,-0.005656514976964289,0.011202404270388655,0.011884890461137054,-0.004514037953097905,0.006295939450031263
2023-10-31,-0.003665230654497975,-0.0054715039881712,0.004770932573282316,0.006260680327210721,-0.0048935442265429785,0.016872259850678084
2023-11-01,0.0016306304117885695,-0.0031556165767172573,0.017207823588102578,0.010608300479658439,0.02145082723413161,0.006152251225209682
2023-11-02,0.010534950295728596,0.0033185604405963076,0.017990595121331943,0.018983015441462747,0.02254072154487563,0.03231922565097811
2023-11-03,-0.005253557922754837,0.003632316427605531,0.011680341359942226,0.009081940440554881,0.006755301372399991,0.023604053262753055
2023-11-06,0.004043611966112248,-0.007823081050705838,0.004071052154380972,0.002297775512033695,-0.009747135016161756,-0.0145401111312502
2023-11-07,-0.02162022161587629,-0.004153745714031487,0.009408096068082017,0.002842003708621199,0.01464251563292418,-0.008272518379999205
2023-11-08,-0.011196422484667679,-0.01001765347062733,0.0006437799426466384,0.0007320714593817002,0.016890001661439946,0.0032910785617055183
2023-11-09,-0.0025052710375836895,0.0039750574137906725,-0.007725451543257655,-0.007829181534997787,-0.023269816206875404,-0.015896467757143817
2023-11-10,0.005004190739268388,-0.010969699953244927,0.02223339968449345,0.015484356780987696,0.005584196166296351,0.009303331092278988
2023-11-13,0.014454005051708574,0.005555261386915866,-0.003123373218950398,-0.0009537789255569251,-0.0022753973945732753,-0.00836934320302074
2023-11-14,-0.0016413363576792683,0.008879636186604145,0.021298004607422705,0.019214906245475838,0.022414926712690075,0.054011059369984515
2023-11-15,-0.006592418669313371,-0.0026390807860945387,0.0007523055849478766,0.0021148483377047,-0.014133937586914058,0.0029029950145966765
2023-11-16,-0.024268945484186233,0.011222864579353953,0.0008556997965198931,0.00122241483898744,0.012350046936750125,-0.0021448604321934184
2023-11-17,0.014298015761662342,-0.00010890827769749478,0.00023278565085238512,0.0012431198931457388,0.004675421308331984,-0.0007581345824032582
2023-11-20,0.012448182480790937,-0.0016347162383043568,0.012101567527327717,0.007668149577166439,0.006089653426196939,0.007303992696733097
2023-11-21,0.005756502268725594,0.010740019593542094,-0.00582653514134801,-0.0021818720930202318,-0.0004413115783643562,-0.007051181460803413
2023-11-22,-0.008647362940250147,-0.004271361889172098,0.0040846959762212975,0.0038533997697092204,0.003527588548259075,0.0049160708548487975
2023-11-24,-0.006638921693716604,0.005188115339681332,-0.0014110539175238301,0.0006150712763561828,-0.011845031109384507,0.00288762334391901
2023-11-27,-0.006683474344405749,0.006715220224108975,-0.0008732109139275579,-0.0018025232149181392,0.01656580791862261,0.003629413596420328
2023-11-28,0.01208108620731485,0.013243765854618061,0.0026175074990533176,0.0009895139686779686,0.001969625841302225,0.006599137120160137
2023-11-29,0.007014608591238591,0.0014783465644931937,-0.0009742899932323468,-0.0007035414466187717,0.012492496731252523,0.006925293078843708
2023-11-30,-0.017002226916646546,-0.004176660491013173,-0.002517351064790674,0.003929764998768626,-0.011618662033414218,0.0072453522516333635
2023-12-01,-0.004611171808228232,0.01712403726695122,0.0028508073895761044,0.0058982957562179195,0.018659184816648633,0.02429552192916873
2023-12-04,-0.006745554971352874,-0.021850417580745685,-0.00932697754473022,-0.005263034710192294,-0.003986822525495093,0.007257871351137979
2023-12-05,-0.008922842775641815,-0.003786606077862409,0.00250766763576582,-0.000197214070221996,0.021257906851645636,-0.006661171043372605
2023-12-06,-0.02462852544481331,0.003680115406356599,-0.005800400522146809,-0.004037913232165735,0.013230113438809532,-0.002987781435731307
2023-12-07,0.0017482238910297987,0.0016489674559858614,0.013875475838358575,0.007601462182430296,-0.005753572600723622,0.0028685511069692637
2023-12-08,0.004357235043392027,-0.01343017351466802,0.004446804239250923,0.004290032278444045,-0.008216429514144252,-0.001672448487194167
2023-12-11,-0.0034842678712525554,-0.011104320560253456,0.0085057657318508,0.00388191764290724,-0.0021180202615234123,0.002746227494235143
2023-12-12,-0.015388291750842331,-0.0005447904909061663,0.007932753934192682,0.004556746382232468,0.0029634341353741434,-0.000596435380177951
2023-12-13,0.011453780997550123,0.022311764488914143,0.012637015570646781,0.013696048807861239,0.02319158429653445,0.03758133276849218
2023-12-14,0.016507778083886038,0.005845435089188555,-0.0008673243657844054,0.0032042261513645087,0.025680159030399885,0.02843251945107461
2023-12-15,0.0017219777627266453,-0.009208782757507805,0.0048224655076447576,-0.001647885735610366,0.0011102196951267018,-0.014171838397917469
2023-12-18,0.007149037602225405,0.0045351876568231475,0.006278733771662104,0.005609259413790646,-0.007999803479731504,-0.0022680713774096972
2023-12-19,0.007587645048434677,0.006790830606181686,0.0050966469494468924,0.006062465959881358,0.005374111071517085,0.007577838953347182
2023-12-20,-0.011627964552633152,-0.005460866362358985,-0.014971028319616053,-0.01395403744090018,0.006752401063218727,-0.012243607089893693
2023-12-21,0.0017977131887518816,0.0070457557204406385,0.011568208891004517,0.009437207272077863,-0.006348038956508262,0.008829245170916877
2023-12-22,-0.0017977131887518816,0.00442461403136285,0.0014947332252086554,0.002007646631555282,-0.004559002252936928,0.003883763658937056
2023-12-26,0.00984785242168762,0.00759184215150821,0.006103180758326943,0.004213644873299671,0.0028392040606481928,0.007383400123934791
2023-12-27,-0.004464286299261655,0.004527577262521731,0.002033509547000989,0.0018063363757230277,0.01756464976819494,0.004854634825323778
2023-12-28,-0.008537455406604444,-0.005832413160525185,-0.00048608922039861113,0.0003777728577301076,-0.007289693306854694,0.007070318556317012
2023-12-29,-0.005429850380352708,-0.0015680697977629166,-0.004337209276712883,-0.002899184697108481,-0.009060850968365841,-0.01192495338164079
2024-01-02,-0.008200507657295741,-0.0023566846852940415,-0.017067026012431263,-0.005612035397547288,-0.0057809730018014704,0.008564458640162087
2024-01-03,0.01272734978512835,-0.008371755159892302,-0.010637822661768936,-0.008200344225620881,0.0041617232975115215,-0.024190554042347046
2024-01-04,-0.005434674834487119,0.001004108607433274,-0.005159690164807884,-0.0032262743523947535,-0.015311013667137274,-0.0018409627566162712
2024-01-05,0.004982911662727574,0.00015844285681865244,0.0011851057772149787,0.001368865967281252,-0.009612247839947408,-0.002537052361573977
2024-01-08,-0.01456553318741749,-0.007846978293015283,0.020457370818411924,0.014174842659747,0.009817573273845248,0.01421581476687983
2024-01-09,0.007309238439532795,0.0003193058065589227,0.0019736827931771117,-0.0015182137821883046,-0.006396014275896533,-0.0067388937575936225
2024-01-10,-0.006850848459879266,-0.0022906686849220037,0.006754579949615369,0.00563953318594379,-0.0046685181925161245,0.0011455347712416852
2024-01-11,0.007305995418015243,0.001971362878363081,0.002078572704465209,-0.0004407701645678941,0.005599594563974186,-0.009315338797087236
2024-01-12,0.0036330781275712987,0.009746417465784418,0.0005128710732664743,0.0006926081611151602,-0.0019667406333176984,0.005990061873520247
2024-01-16,-0.00865008025844638,-0.00953348146491706,-9.764427714298307e-05,-0.0036780624466974388,-0.01776981564518909,-0.007377561587721182
2024-01-17,-0.0013727481193415159,-0.011077075533253655,-0.005656578903261433,-0.005574202095711911,-0.001583420572283778,-0.01844995235631508
2024-01-18,0.006389750250216597,0.008199176794244423,0.014094370576690274,0.008853502750193698,-0.009338669639224584,-0.005435952077549544
2024-01-19,-0.0018214534745393252,0.0029842685447007966,0.019636765819877944,0.012389152134211656,0.00319352877685386,0.011897296726623097
2024-01-22,0.004093708974912236,-0.0037851116316351963,0.0013050371700735752,0.002112089657323679,0.005933971981783692,0.005953958425268802
2024-01-23,0.005432308395671104,0.003891551309362029,0.004140990245705467,0.0029122986838139298,-0.00795535268571168,-0.006891301786894566
2024-01-24,0.008541293288686802,-0.008281084265806093,0.005533903660888129,0.0010925360352942448,-0.005874528180343397,-0.014402361439035616
2024-01-25,0.007580877301443412,0.0039621270789886864,0.0012204340798351865,0.005424168909823557,0.00651331947024314,0.012760312802693186
2024-01-26,0.0044326244751200505,-0.0006949345993065847,-0.005975319520476141,-0.0012712706823894138,-0.001917780280103365,-0.0028216529500530996
2024-01-29,-0.008438957385229262,0.0070336909422517024,0.01018819558775963,0.007888115167118848,0.011450646185915403,0.006571219599464051
2024-01-30,0.006668301482232852,0.00137957417666712,-0.006678723538086295,-0.0007735993302802058,0.009025097047824282,-0.009400856809008928
2024-01-31,-0.010690563670993747,-0.0007426235867571407,-0.01978047145025741,-0.016452047427926608,0.009772440258698722,-0.009609198569401123
2024-02-01,-0.012165061259732823,0.01034695770009364,0.011706674758121594,0.013003398711195047,0.019426024462275038,0.01795680236922781
2024-02-02,-0.01139746352524007,-0.009498266920115128,0.01675936510120568,0.01047226918961286,-0.022336245082398065,-0.012488538940469418
2024-02-05,0.004117965039039273,-0.005529246178959113,-0.0013062647660699866,-0.0036477773947556358,-0.020400585812469174,-0.021207062035118796
2024-02-06,0.0036464203586294985,0.0052110917695982195,-0.002009181372956803,0.0028989202003337766,0.009726425929653892,0.013352183098838566
2024-02-07,0.004539265501041001,-0.00026523300170389064,0.010237554020604556,0.008305907097740928,-0.004851342886810883,-0.0014351506981666873
2024-02-08,0.005420134072449123,-0.0009022539588237066,0.0018502562719948656,0.0004415898720386835,-0.005831590093590577,0.008103891476415548
2024-02-09,0.0026989967041837204,-0.0038836838223863523,0.009794941975078686,0.00576288783084955,-0.002022542483552492,0.0015419245805370352
2024-02-12,0.00044912540928487843,-0.0026153866387206293,-0.003920296145208724,-0.00043917730751541484,0.001171785266457448,0.00023725343110303498
2024-02-13,-0.00585461072545046,-0.013884637194949256,-0.015720001410349127,-0.013868780706439487,-0.017283945331077355,-0.020831774302276784
2024-02-14,-0.009530341367880002,-0.0005962900909111113,0.01083845198558464,0.009046749184668634,0.0050768821747571025,0.007832615440261925
2024-02-15,0.0022774304063717388,0.006701308514327486,0.002973243093485678,0.006876035574137518,0.005157751265418398,0.02301960706941042
2024-02-16,0.0022722555003729106,0.0036558786728413395,-0.00910906175969739,-0.004992477596624134,-0.0058044130617433964,-0.010376249839588958
2024-02-20,-0.005462074414443574,0.006045896751115443,-0.007576726222366936,-0.005520655080641035,0.0008622139290253017,-0.001779412507702638
2024-02-21,0.004099303025422163,5.331114505668921e-05,-0.004009812182974137,0.0009053462220061093,-0.007134656743518875,0.005565207626290203
2024-02-22,0.002723594016219799,0.00042663093910189076,0.028855356535722798,0.02048431081883617,0.004869860393612591,0.0018872393091324824
2024-02-23,-0.014612185829372848,0.005635602023986053,-0.0029491160121866145,0.000689420287288911,0.013297889080148728,-0.0004713521388399755
2024-02-26,0.009157654227262224,-0.002229172292928183,-0.0005268788542425185,-0.0036692407084490952,-0.002987222014996682,-0.011026224210076485
2024-02-27,0.007718462189492126,-0.0010632481058259202,0.0024024491164071904,0.0018560248182950545,-0.0070770977233092225,0.0011913669378742497
2024-02-28,-0.004078772587931656,0.0018068578078276332,-0.005338614506685602,-0.0013225149815347947,0.006328873229923815,0.010070412484206592
2024-02-29,-0.0013633906761802983,0.005137049487700551,0.008532904494455984,0.0035885215983295637,0.007032336340860645,0.008451988714646141
2024-03-01,0.004989786991522749,0.018734204946424526,0.014944453362316423,0.009344472930841619,0.006211670768235145,0.01185227463531735
2024-03-04,0.0031624384599320265,0.016045575240363874,-0.003574343898273824,-0.0010729743748649767,-0.0040304300106592805,0.009313004668601188
2024-03-05,-0.007697586790944122,0.006002093012313026,-0.018112717997794014,-0.01004446883588983,0.014141050637205943,-0.012205062544417444
2024-03-06,0.008148535033146942,0.008181839163568405,0.006264069208977929,0.005054458229941439,0.005850944995539287,0.0049691765857939885
2024-03-07,0.002701520720355788,0.005667751261581699,0.015064035890395289,0.009877508597217144,-0.0009378378881716998,-0.00023063186643845768
2024-03-08,-0.0031524689625586078,0.008417025116951748,-0.014539987006493504,-0.0060202334071659536,-0.0017743935084810758,0.01146414748041824
2024-03-11,0.008533713851966773,0.0018333385345243869,-0.003719799567424964,-0.0008603555855595246,-0.000522112193921842,-0.004799057641141857
2024-03-12,-0.002687095854406518,-0.011000916093968804,0.01423323590573311,0.010699902104260417,-0.008396503393648835,-0.002178589102764583
2024-03-13,0.013805670061438402,0.006982966028737714,-0.007715620917593924,-0.001568637704835396,-0.004860153500620079,-0.0050631192784234
2024-03-14,0.003091215249431567,-0.004183879789555256,-0.0025245198413230696,-0.0019788395421080907,-0.015476191931413474,-0.0151113666186653
2024-03-15,0.0035211431120973913,-0.003199519647615112,-0.011958087979617282,-0.006890269281606187,-0.00032242627363210374,-0.00222759451984178
2024-03-18,0.009184293472674465,0.0016010012977574206,0.009492275281065332,0.005925687296148396,-0.0030173381387559317,0.0004691514285077858
2024-03-19,-0.00043543556248559767,-0.0011504677080447223,0.0024882787806674855,0.005541644310856242,0.0028017851360599977,-0.00035194159079843246
2024-03-20,-0.002616602590571837,0.011841472011166587,0.011787075704273065,0.009206769263093939,-0.0003225998069424918,0.006551330300686331
2024-03-21,-0.0013108732604907303,-0.0010391759354035912,0.004720980520495743,0.0032992234607975846,0.002150513506661511,0.0072033207533177546
2024-03-22,-0.007020677428452249,-0.008053310017860582,0.0011431779553214838,-0.0018975527558922067,0.009515445191730976,-0.012666380499411822
2024-03-25,0.008331550688942979,0.003189315361775691,-0.0036358060284307214,-0.0027665971217993857,-0.005013733264255471,-0.006167711110984797
2024-03-26,-0.007891322774519871,0.0032287432792985626,-0.0032429470976991226,-0.0018486192346927055,0.0027768921111102074,-0.0040533579810837495
2024-03-27,-0.0008806497148197145,0.007214572450621404,0.0034002985276515574,0.008368628737188466,0.009868653440312514,0.025476089705319005
2024-03-28,0.01182401064239702,0.012817528202409889,-0.0018450537229810493,-0.00019117707953419938,-0.000845029353332194,0.00707873874474263
2024-04-01,0.004777498899287025,0.01015632882706452,0.0021149100228416984,-0.0017411469879311525,-0.018816937117360766,-0.016909120851791748
2024-04-02,0.0090576193840195,0.014664311961913867,-0.008667806378899634,-0.0063784948866674185,-0.00552574286787344,-0.012663632273440584
2024-04-03,0.011950632559968088,0.008734121015037566,0.002241845018478905,0.0010979323981894495,-0.00021703452673538237,0.0010712826562544464
2024-04-04,0.0025424055355260933,-0.005751211782368593,-0.015408777229975357,-0.0122811965682601,0.0071463607632029635,-0.006445277952544792
2024-04-05,0.005065413933041718,0.016969399304690214,0.011715058682572277,0.010392726361988736,-0.014016596299446071,0.005135732422117734
2024-04-08,-0.0004211319064402197,0.006209168519561992,0.0002951700870683638,0.000559278621325987,-0.00010951308754414413,0.010664843142158098
2024-04-09,-0.005491003217714674,0.005482001328254604,0.0036926304432896018,0.0011560028953150336,0.009258861821011877,0.01323133677542554
2024-04-10,0.005069693884468318,-0.009508923035404848,-0.008766726636952882,-0.010063694565934256,-0.022034405236901478,-0.04229153822972709
2024-04-11,-0.00168710226074964,0.019246832874495468,0.01584200987095752,0.007518649305322533,-0.004554553859065891,0.0033920521395938152
2024-04-12,0.0012655277964559453,-0.013327746093359849,-0.016070249111911572,-0.013899236606178533,0.005330463930414808,-0.011922457432139488
2024-04-15,0.0012640157039802702,0.0185461080043563,-0.016587848766874913,-0.012607305857279094,-0.015627421775234573,-0.01715774431061501
2024-04-16,-0.0016856803766511774,0.0012212692273934067,9.271437680613559e-05,-0.0018253905165375173,-0.006659176294220082,-0.014168700102241694
2024-04-17,-0.015728276446358436,-0.007395532411290873,-0.0122762364865876,-0.005935944797585968,0.011037349879560843,-0.007350956038933987
2024-04-18,-0.0004285312901202154,0.00340963671078498,-0.005722799698240522,-0.00205982591392484,-0.0050529776425989326,0.0001272159563603381
2024-04-19,0.0047039514395774695,0.003126642096903609,-0.020906277444372456,-0.00876671355849723,0.0035958094886625602,0.00482151460968705
2024-04-22,0.0,-0.025012716627156983,0.010006603463039276,0.009167114742869131,-0.0016840704742726587,0.008821744712728119
2024-04-23,0.0042571304989786896,-0.002461690648096315,0.014812564291849739,0.011796780401231999,0.00033690892284798934,0.009117913990254856
2024-04-24,-0.0012752991344902043,-0.0018618228395403946,0.0033819448650209694,-0.00047488907180159856,-0.0071010304670178215,0.001863129941034991
2024-04-25,0.005514295420990134,0.0059457569557404,-0.004841490761284817,-0.0038060082514030924,-0.007038468997014213,-0.005725070586401593
2024-04-26,0.0008457350009756226,0.0032366836371746643,0.01531381804641807,0.009429233931113501,0.005226688927709056,0.0004992845961906411
2024-04-29,-0.0008457350009756226,-0.002033283758808402,0.004052046572701862,0.0035351712494646748,0.00835126406719322,0.010177640055793802
2024-04-30,-0.012771546934935873,-0.02013850411793694,-0.019036204388440225,-0.015967978995664822,-0.008578027085144768,-0.017062579219347285
2024-05-01,-0.014674352976094873,0.009021337418355202,-0.007256791745745339,-0.0032524337870301068,0.007343934297488808,0.0003765975741512051
2024-05-02,0.003472238386549087,-0.003091862325121042,0.012682615854294532,0.009309977605626685,0.004281797889610139,0.01396537302616796
2024-05-03,0.0012990435432653769,-0.0007979449099417835,0.01989907645158695,0.012319078091801217,0.010068125041172493,0.006664225241624244
2024-05-06,0.011187653048680968,0.010463427933373737,0.010893897029602861,0.010273839088730696,0.0038885970421178584,0.0008607313694035668
2024-05-07,-0.0008561453306352718,-0.004610940499420124,0.00015903337486022906,0.0011029969767442083,0.0060794472729917,0.009418454056766556
2024-05-08,-0.005152500813398575,-0.0029453952906237646,-0.0005907326853158423,9.653769942463697e-05,-0.0060794472729917,-0.008435872029169289
2024-05-09,0.00386681784359455,0.015655419861163367,0.0021791166654363536,0.005745328994023247,0.004866603390808244,0.020295982973709492
2024-05-10,-0.0017166111550723784,0.008079783894319625,0.002355427457056969,0.0012872193760289363,-0.005643355625803537,-0.002770817758758426
2024-05-13,0.006422574942840598,-0.011265319955387376,0.0023047220762757448,0.0001344187923582041,0.0025489570487842172,0.0032519860928514888
2024-05-14,-0.004277248779849696,0.008426442720749883,0.006411585681198595,0.004577668411837266,0.0056287531537071445,0.007666576262238323
2024-05-15,0.0034232081320584307,0.012757032448187822,0.015509368492783615,0.012306964148637078,0.013555345698076593,0.01374736111810293
2024-05-16,0.0025596714349189753,-0.0039009421414322176,-0.0020333279478990107,-0.0020595221891825943,-0.0009776659433722301,-0.0007064426853276018
2024-05-17,0.010173928169501245,0.016363162829441613,-0.00048701467772183094,0.0014363925564628843,-0.006761334060853663,-0.00011780534545557941
2024-05-20,0.008818094149541267,0.004015863208073789,0.006948611188116516,0.0011513908506541881,-0.002958712621614623,-0.005907242273938351
2024-05-21,-0.004189445854382079,-0.0014706294501545258,0.0019545164644201307,0.0024494642922201493,0.005144680888360398,-0.00035559408638441425
2024-05-22,-0.01437660082694503,-0.018544867564565415,-0.00019748257893770216,-0.0028833135281391975,0.0012000479485712034,-0.009049823844299532
2024-05-23,-0.0051237229543890095,-0.020146148039186684,-0.004508641475728048,-0.007331086342222903,-0.006454550561461048,-0.021766113903860962
2024-05-24,0.006825989866746429,0.000926684101738573,0.009412056768272059,0.006594602133845662,0.0029589454555623007,0.0007331031417798783
2024-05-28,0.01769961892532912,0.01045829379441443,0.0037706362596789944,0.0006987441471268951,-0.014439513566034456,-0.0066185867190791114
2024-05-29,-0.010497796429685735,-0.009347362870368414,-0.0070734246398496126,-0.007027262431294368,-0.012175183236398546,-0.00976212824783218
2024-05-30,-0.013172033367371494,0.0018949634848048902,-0.010771156462553222,-0.006655917853938043,0.009618384989550144,0.014546642432799572
2024-05-31,-0.004715962582660271,-0.005881436093592818,-0.001861976216285477,0.009066984576429071,0.006766964382647345,0.018551596684091898
2024-06-03,-0.014282906774353066,0.008878251926791592,0.0053550092430887375,0.0008150270520932423,0.016045032851915053,-0.002285212604098419
2024-06-04,-0.010076712929021792,-0.009017596418210871,0.0027327290409253635,0.0011172654381308433,0.01161345769742006,0.0076767917057596335
2024-06-05,0.0035164999405168373,0.011775993219295344,0.019959306987205494,0.011815105810351945,0.007311214390606224,-0.001195630129278591
2024-06-06,0.013077759862629712,0.007364174396756518,-0.00034535456800721676,-1.8757654736134555e-05,-0.0015009102705079158,0.0019121833142854427
2024-06-07,-0.0143949644338206,-0.03633551284065817,-0.0008852573430893074,-0.0012164815134498852,-0.018516047276847303,-0.009477533684355777
2024-06-10,0.0143949644338206,0.009126408480625514,0.004031225073250155,0.0030848906664315834,-0.006688874912523346,0.00336940139768771
2024-06-11,-0.0013000795064059822,0.0028525382508943764,0.006839223227807167,0.002405443834765819,0.010288907459561791,-0.0036105366152279217
2024-06-12,0.0034631297075979894,0.002658183908153866,0.013012718381431476,0.008179566296291796,0.007485908241261718,0.008882507456208444
2024-06-13,0.0008639117183597556,-0.008183543017197259,0.0054055571014233195,0.002011601011021824,0.014592632002591088,0.004054907150369935
2024-06-14,-0.0038934937626220467,0.012876289526632334,0.005167936427616482,0.0006082006073455659,0.008379972047018569,-0.00023809268822727603
2024-06-17,0.0034616311963713287,-0.005205175700450759,0.012175364605699457,0.007927322815953985,-0.009979058075495928,-0.00393633742224786
2024-06-18,0.008173843174385631,0.003999264104051825,0.0003091624675928273,0.002537383697060136,0.009133265433154847,0.00393633742224786
2024-06-20,0.002139994975169923,0.012407060942233983,-0.0077378023700873655,-0.0027200260930388964,-0.006682525957207197,-0.002861144719815023
2024-06-21,-0.008156298441114096,-0.015614512577114326,-0.002682914181146856,-0.0013415070290356823,0.0,0.0025039986160235728
2024-06-24,0.008156298441114096,0.003949755820411127,-0.011449966277002233,-0.0032562645321005945,0.004036208010028908,0.007710998461807783
2024-06-25,-0.009450209808809173,-0.004974590412272661,0.011370717141931053,0.003843588829187894,0.0016947290835354067,-0.012366240619431146
2024-06-26,0.001724843378260843,-0.009271011435783016,0.0020629328198653596,0.0012473781065969192,-0.014388861594353486,-0.0031157781848332178
2024-06-27,0.005156840165258192,0.011273144249924094,0.0025780423674373054,0.0015752203432350953,0.003964249209063908,0.009674558455882831
2024-06-28,-0.004295532851513073,9.297215668091496e-05,-0.005204326754643773,-0.003942713125681507,-0.01878091681122651,0.007947035031564909
2024-07-01,0.01283172518327591,0.0026012036358737944,0.005847944174194986,0.002055794095982222,-0.017409497067722768,-0.009476461061411534
2024-07-02,0.0012741276100740606,-4.643502198220517e-05,0.010444848692199749,0.006707119204569345,0.00775532971251458,0.004689515701956637
2024-07-03,0.005502624670856715,0.011209933637062797,0.00830251486288791,0.004452819797730712,0.013047886084576632,-0.00096022408587082
2024-07-05,0.003791963485519023,0.01339666073469381,0.010372993058994417,0.005749808520088884,0.008244275707935067,0.0027579533896320285
2024-07-08,-0.013548097176506513,-0.012479622087256281,0.0023753828159334134,0.001153431428376983,0.002158830149127766,0.0032279088223381436
2024-07-09,-0.006843596862349699,0.0016943111880909356,0.0008641638600161983,0.0009719245938963894,-0.004430147025819231,-0.00023869276664445493
2024-07-10,0.0,0.0036536533844149233,0.010372528072307041,0.009846531525782076,0.0031354262414104994,0.007374671551345635
2024-07-11,0.0034276971859656946,0.017578001160185153,-0.022174219044410748,-0.00865973044638757,0.009668279414586145,0.028276295870926837
2024-07-12,-0.0038568751607281904,-0.0006272936376374716,0.0058576501374281165,0.006287480378468047,0.004267121201032786,0.007574748804916709
2024-07-15,-0.007326055828164257,0.0032219172131213725,0.002684170058945945,0.002746290258841988,-0.011563413069561435,0.006723536582033951
2024-07-16,-0.002598471000402114,0.019729877820048536,0.0003829186513684135,0.0059127122024058565,0.014008622307686736,0.012191154371527624
2024-07-17,0.0,-0.004654019570797807,-0.029794370584093954,-0.014120463360193902,0.00021233691694799717,0.006820627746642494
2024-07-18,-0.00739939645703469,-0.006401633154546893,-0.004743741014684666,-0.007714321911868716,-0.007673389332692793,-0.008842270741512337
2024-07-19,-0.01363554474533224,-0.01810066223064588,-0.008903057414811677,-0.006662901242614261,-0.005901712722489627,-0.001800329910611076
2024-07-22,0.002653635382177999,0.00031568247916791137,0.014787940063321514,0.010257183021679772,-0.002910006981833746,0.010308186747444381
2024-07-23,-0.00931888128725955,0.0035105070964620566,-0.0035310196700919505,-0.0015697383348145522,-0.0014039672595833608,-0.00078064245768239
2024-07-24,-0.000446013566724357,-0.0035105070964620566,-0.036529467156025675,-0.02292338939844818,-0.010867519773582579,-0.01483499865220228
2024-07-25,0.002227711509149799,-0.015768400613655587,-0.01108894503299318,-0.00522393004992594,0.008161669378458747,-0.003288843099378269
2024-07-26,-0.010288573220360586,0.010479424389843395,0.010203780089019787,0.011137532149954943,0.007773066208222268,0.017342681319822972
2024-07-29,-0.004506628903345966,-0.0014060442276129237,0.0020067570237607413,0.0005873998319501084,0.00536222012258758,0.005122491933836848
2024-07-30,-0.0031667306007134854,0.009935936183544491,-0.013826633911744324,-0.005079319493173529,0.0038435893113826225,0.00774502347486461
2024-07-31,0.022845480687076147,0.017948680176280263,0.02916431398368502,0.016124038601447843,0.010176757998770825,-0.003532896203779501
2024-08-01,-0.012029652146360537,-0.00344888370988361,-0.02451958119291664,-0.014262206768389518,0.008587995678424498,0.01001489279458756
2024-08-02,-0.018548429260139887,-0.001906444389298656,-0.02402124281951412,-0.01879375786528481,0.03068599424133378,-0.0005478618198004881
2024-08-05,-0.0018280184649905884,-0.012773165762624217,-0.030269659624583944,-0.029556443853860692,0.00527689059982972,-0.02901321564571102
2024-08-06,-0.008268312399562383,-0.008032891286850585,0.009509790772484372,0.009177486868991558,-0.022622591295007766,0.01954618467092395
2024-08-07,0.009182786797234055,-0.0006798590470786792,-0.010888897153497723,-0.006706602704236175,-0.007064696228900047,-0.006881477659058888
2024-08-08,0.009099229926989416,0.015566228805778515,0.030132295202271564,0.02285414538728059,-0.006170606719123839,0.009752826412209536
2024-08-09,0.00587037952648739,0.0024522519879104365,0.0052088552927793685,0.004400116147388111,0.009813158856319504,0.004621667870861934
2024-08-12,0.01386122789711619,0.01699935451192225,0.002151272317976627,0.0005252670931605863,0.003629417910042676,-0.007382760194851734
2024-08-13,-0.009368864023134194,-0.00153353416948665,0.02450984710114934,0.016311846846680744,0.006911248948300752,0.008699142469178689
2024-08-14,-0.006294937999214767,-0.008189191333500823,0.0003244697833650889,0.0031495842543147745,0.0062509650181512555,0.002627937401064706
2024-08-15,0.008086303718337184,0.0031339290416108057,0.024949118708999407,0.016994931592965834,-0.008102886987370717,-0.000765693546317614
2024-08-16,-0.006283729593104415,0.022140811735288146,0.0012850176666923119,0.002239822788804524,0.0034953802054760175,-0.000547411897589889
2024-08-19,-0.005417593594667203,-0.0016393656726290118,0.013050405726628966,0.009515897281916708,0.004607506781894699,0.008286974382865075
2024-08-20,-0.004082567321509689,0.003663270802502616,-0.0021008067465428937,-0.0016273840281577634,0.007936678147104637,-0.0011950505530764488
2024-08-21,-0.005012524746182745,-0.001334507922706507,0.0046532628493825,0.003430679864506736,0.0006077510664050934,0.005313060018070637
2024-08-22,-0.0009139614960438358,-0.012047289256478244,-0.015981790491787606,-0.007879587446342207,-0.009975639862948249,0.0029155032010557136
2024-08-23,0.017675398408548926,0.011487194343258622,0.010787024211827756,0.010569445544611256,0.006525840022469254,0.021758599067951856
2024-08-26,0.010279376773166149,0.0031842629268963307,-0.009755760501851896,-0.002386876468126964,-0.0025441125243998997,-0.0004221934838160024
2024-08-27,-0.004903046500341901,0.00270301522962324,0.0029829053211685164,0.0013723517083823467,-0.0017334437609841657,0.001476724496709103
2024-08-28,-0.012137717835545292,-0.007051666972007986,-0.011412364954122012,-0.005822212664646109,-0.0012259872179471998,-0.003907105431038893
2024-08-29,0.011243776039309594,0.005164620716357149,-0.0014648701943436038,8.941311264365481e-05,-0.0032754764098212874,-0.0030733683331884976
2024-08-30,-0.011243776039309594,-0.0071515197828322385,0.011848850352128792,0.009500797762766133,-0.0107207364540578,0.009611859844108395
2024-09-03,-0.020101110661443045,-0.004332950273532532,-0.030831192368877325,-0.02079372797476786,0.0162230954561986,-0.0005256543091025634
2024-09-04,-0.007410899268850191,0.0006077417877383695,-0.002602020178867903,-0.002048701891678384,0.012807530902107622,0.002835670704157245
2024-09-05,0.002321751037783315,0.008297784905919592,0.000933242704461712,-0.0024353702238606445,0.005640032231248426,-0.0032563585410265716
2024-09-06,-0.013542008727530419,-0.007430165851405768,-0.027152663085552753,-0.016973327586779163,-0.00010034896797783688,-0.0009475853467550976
2024-09-09,0.0028168403752042437,0.004197056104325192,0.012777737237643194,0.011133810714933468,0.0043097401141842795,0.011101976078810694
2024-09-10,-0.014640134610311772,0.004394427867848272,0.00919927646744867,0.004346456808267618,0.006976377437575287,0.014373838167685449
2024-09-11,0.008998301019448984,-0.0015918222264339477,0.021483006301368235,0.010206810117590948,-0.0007948766062906287,-0.0019527143570723382
2024-09-12,0.019146102420263045,0.017414763446119252,0.009768163555931686,0.008387845166127228,-0.004682631103239743,0.004208954182757019
2024-09-13,0.0018484840879500197,0.009894570827460036,0.004469928841612791,0.0052091918182739505,0.00269254747945169,0.010394371401676317
2024-09-16,0.007359670194517776,-8.375168155616564e-05,-0.004427702477406648,0.0014757262746867283,0.009120839846074702,0.003340087146361803
2024-09-17,0.006850848459879266,-0.005546263478780844,0.0005281350600627732,0.0004085391054875487,-0.00484725852314849,-0.0069963741997760565
2024-09-18,-0.006392668505329713,-0.00774034473177565,-0.004338806810351592,-0.0029703433897747544,-0.01247372194536922,-0.001221543482845533
2024-09-19,0.017707690245716723,0.01542123641948745,0.024969697427197346,0.01692042148438233,-0.003318842035351821,0.00020342872220435737
2024-09-20,0.0,0.012630557682531851,-0.0019050494217651703,-0.0017299892220252744,-0.0038356548274300906,-0.003979983879359494
2024-09-23,0.0004499337159558081,0.0019385267161009523,0.002647196761514259,0.00249589693882335,-0.00212627526685516,0.009870238871937609
2024-09-24,0.016507088434012385,0.013872405171650115,0.004811942768045974,0.0028570735177364526,-0.00020237139810674876,0.0014165739999842941
2024-09-25,-0.00844252259418754,-0.001382723256375229,0.0009267572665354606,-0.0022079006110393706,-0.008347301390214668,-0.006695701687614353
2024-09-26,-0.008964729310503294,0.005073989582052185,0.0074849106511898356,0.003956742996381379,0.002348227310150719,-0.00910073697904501
2024-09-27,0.004940482974876925,-0.007967487087645608,-0.005572409820092439,-0.0014512339449321843,0.005187501908680225,0.0012733370405495492
2024-09-30,-0.0022426063154465936,-0.008031540905022005,0.002708130457770075,0.0039992984787069474,-0.00477935452642253,0.007831757206665735
2024-10-01,0.01736075733390896,0.010436598143315656,-0.014030477270005726,-0.008998973160204038,0.00719411590797403,-0.006487674158988099
2024-10-02,0.008349949219305763,0.00020356647666464056,0.0014119968862909005,0.00042209417159799756,-0.008462918196479485,-0.0035191501486604437
2024-10-03,0.01433867104944353,-0.0006922454344495677,-0.0007472154588263891,-0.0018300703401283869,-0.009465325467284735,-0.009165568304626781
2024-10-04,0.002585125838773461,-0.0019980250389979304,0.011827793250525964,0.009046383469440755,-0.01237717531484428,-0.00482495316919529
2024-10-07,0.013675387807656758,-0.003393514036765133,-0.010769392081243723,-0.009081487613016748,-0.007564043648800478,-0.00887125156032198
2024-10-08,-0.023621463202426085,-0.007399232494345043,0.014824293200416783,0.009413108733006048,0.00168602343679769,0.0020136052492407686
2024-10-09,-0.008729945424399865,-0.005461070501716847,0.00783759339293777,0.0069026050649680926,-0.0057010830426103,0.0010581613520246336
2024-10-10,0.01953621671638306,0.007316064767088903,-0.0011361927560216145,-0.0017516779145614336,-0.003924944535953934,-0.00892299351710335
2024-10-11,0.0008595458056150918,0.010854286868861251,0.0015619090344483055,0.005970483612594002,-0.004047394686293337,0.011246739011908424
2024-10-14,-0.015584741759201215,-0.0016308312397317337,0.008356411060646884,0.008144978955629156,0.000746804628514397,0.00599592131505311
2024-10-15,-0.0193839830671374,0.0034623584364341653,-0.013457056553885849,-0.007799943775756546,0.01208396125228095,0.011988686323608277
2024-10-16,-0.0026726404288157646,0.004989142712823025,0.0001222665331015449,0.004336888662575866,0.004205507699622579,0.010924587130652696
2024-10-17,0.0013372593438294444,0.005970452161761841,0.0006923525051112378,8.600071030784306e-05,-0.015969668295391592,-0.007923783682580066
2024-10-18,-0.005359521532590339,0.010562207979592841,0.00653334205623235,0.0038389558056888262,0.0007460965579397794,0.007411237762762646
2024-10-21,0.00312991596948331,-0.00019902108052338718,0.0019194174349852489,-0.001643523489755161,-0.017625381004301666,-0.019782103671817097
2024-10-22,0.017260866537226693,0.010729555523637302,0.0010894103333773941,-0.0005312140693378709,0.0009751910893855964,0.0014631736510111182
2024-10-23,-0.005720642873146442,-0.012123752431614676,-0.015442596702576417,-0.009179367560592233,-0.0027116233446866644,0.007284942093377822
2024-10-24,-0.00044139383813046607,0.007663817134298867,0.008076198409953328,0.0021603593383066055,0.00638752489268235,0.0021751232827194045
2024-10-25,0.007039119126484028,0.0020548662166115506,0.006075202499149057,-0.0003454644966875975,-0.005627414455393165,-0.009460065376097226
2024-10-28,-0.02710660473573112,3.945329776655626e-05,0.00016144405745244228,0.0030866615487337157,-0.002717017126218302,0.003128630837362145
2024-10-29,-0.001803480359461762,0.010835937036952181,0.009562542287830489,0.001617071462733044,0.0015222599600699382,-0.00721042835099972
2024-10-30,0.012556218107189654,0.00549078920793189,-0.007586298050012097,-0.003029794379390438,0.002929692694006114,0.004395092916209542
2024-10-31,0.0066621936569704054,-0.015616471787270214,-0.025566833494098162,-0.019797665752492755,0.001623589129894576,-0.017060259745833584
2024-11-01,-0.010680956357555615,-0.004110813705942462,0.0073716804603725095,0.004211597101831721,-0.014198414004315651,-0.011107604702865537
2024-11-04,0.016859309446369597,0.0014248987496037202,-0.0029174050699767307,-0.0021563246479461284,0.01540278684647678,0.010895244699575812
2024-11-05,0.006140415314947134,0.0022519104403704304,0.012676278220644654,0.012019183608750872,0.005297479210066847,0.013192103455822668
2024-11-06,-0.010991565890059007,-0.030857976694085743,0.026800736144749315,0.02456158335767089,-0.02777043619201347,-0.021513014882510006
2024-11-07,0.010116694748282917,0.015948645391861582,0.015621581202060142,0.007702217397189237,0.012449566261111933,0.01192646799288255
2024-11-08,-0.015435829539074408,-0.006792442588198,0.0011677931609073156,0.004322461365743102,0.012621316508897529,0.014815059099688277
2024-11-11,-0.016129487739590775,-0.02375140115119212,-0.0005836062531647812,0.0009524320233582628,-0.004877262621531209,-0.0050188494249248095
2024-11-12,-0.005434674834487119,-0.008668821068980037,-0.0018116410991542153,-0.0031112750719248794,-0.015106902298819946,-0.01393299378373758
2024-11-13,-0.0031840151048179166,-0.010132384997697308,-0.0012875138217571802,0.0004857550550498857,-0.009531379415219199,0.00551200427153109
2024-11-14,-0.0009116514285749666,-0.00261255153137796,-0.0069739557423451615,-0.006450864313521265,0.005773807885585569,-0.009025950377904657
2024-11-15,-0.005028565011643504,-0.0017736414154017055,-0.024114413371262522,-0.012891377368952739,-0.002660426174037056,0.0005332710874874635
2024-11-18,0.02265612342042056,0.018841622825925164,0.006923542690370432,0.004088932262000355,0.0017745249485487946,0.007223305818317094
2024-11-19,0.0031313163280004552,0.008919428494707837,0.006856180417678104,0.003648809581418,0.005084559922617693,0.004856962329204961
2024-11-20,-0.00044671777990767936,0.0056162450322965185,-0.0005760997218082764,0.0003387703491766203,-0.0032023894908732586,-0.0012648247650837163
2024-11-21,0.007123924050199459,0.00830491888622209,0.0035907995257495884,0.005353994489823322,-0.0007747801600377358,0.00735519438050769
2024-11-22,0.000886806112693872,0.012809813332371967,0.0016025850004952602,0.003094496310015238,0.0005535534972542777,0.007509577384904986
2024-11-25,-0.014285916848537195,-0.0299014831873059,0.0015805082256488134,0.0033863652088355067,0.025558330629302795,0.013827465997014343
2024-11-26,0.0,0.001936433160953932,0.005354816997775735,0.005207900783252839,-0.0038900226008866667,0.00398878500886557
2024-11-27,-0.005410265541330173,0.002220248187002838,-0.007904514895428427,-0.0030346884096896787,0.006905001733188421,0.006409949328127773
2024-11-29,0.0009036366379842065,0.008587567442534194,0.00874840202975502,0.006192938512434409,0.01026843867524807,-0.004472401086580646
2024-12-02,-0.007252910961508263,-0.008792948302693837,0.010829007026811333,0.0017909294544118382,0.0023999284463940285,-0.014675262216470308
2024-12-03,0.011309808498206841,0.002010753244455543,0.0030614775243060777,0.00046342521577802387,-0.008666497961807629,-0.005078537030956731
2024-12-04,-0.005412799783254041,0.003029087486077664,0.012287224907185035,0.006190516696171322,0.010688649671902084,-0.0027051989325181935
2024-12-05,-0.0013577432139117995,-0.007425208209173029,-0.002774902828303283,-0.001646992523901325,0.002017723644955005,-0.0023992613449816957
2024-12-06,-0.0077290844151116644,0.00037050015179662665,0.008909738059358574,0.0018936948797865227,0.0014843847224916829,-0.0014632767436921768
2024-12-09,0.00953909323759472,0.009870874002919194,-0.007818093876463372,-0.005162875853526039,-0.00925993617526455,0.0028200401008895426
2024-12-10,0.002257796578771565,0.013078415980993796,-0.0034131342303895806,-0.0031138339952736516,-0.0047158937663747125,-0.014603376921111355
2024-12-11,0.01255059001759884,0.00948865236059504,0.01774377382353709,0.007700805415383982,-0.009499212981315175,-0.0023311453229819534
2024-12-12,-0.004016876165632066,-0.014772297747821739,-0.00647441029545881,-0.005165960799480729,-0.012221887847180035,-0.001592246971438449
2024-12-13,-0.0004474101336295888,-0.012165276223374377,0.0076252820497728635,-0.000198534821917562,-0.010263163040050038,-0.0028729361127881603
2024-12-16,-0.0053835661224259646,0.0024122979128051725,0.014297789198307598,0.0042609656090446535,0.002990445017716503,-0.0035223116212597105
2024-12-17,-0.00677054299716584,-0.00384601115345351,-0.0044134140110694275,-0.004128604681632453,0.0024301811920874883,-0.0048235293913228006
2024-12-18,-0.009099229926989416,-0.019371499639531997,-0.036743898748437864,-0.03025661064131402,-0.012583168484073148,-0.04213456745589461
2024-12-19,0.0,0.001420087931280456,-0.004463252565336084,-0.00030730620744279236,-0.015257000010399757,-0.015586281463559892
2024-12-20,0.00637820055296956,0.010379997439668998,0.00869473418578437,0.011939560195145305,0.005677931231682365,0.016706338313128732
2024-12-23,0.0007650662919140849,-0.004719916680210545,0.009695347573416058,0.005970350764072485,-0.009214764982230506,0.0039031579488071344
2024-12-24,0.005719743656103393,0.0019900326568702553,0.013468997773553149,0.011053780080501951,0.004219960650047483,0.006620841305833736
2024-12-26,-0.0028558763726591607,0.006728492701914668,-0.0006797996982577104,6.658957764127393e-05,-0.0005694410697500984,0.002680590525566018
2024-12-27,0.0047551481656569194,-0.00689421445370364,-0.013382195907191807,-0.010582276265711954,-0.008232536125607481,-0.010089846026978044
2024-12-30,0.008972975541087003,-0.00319477904087595,-0.013389224215522688,-0.011477196948838753,0.008004780257752309,-0.0049700568004871215
2024-12-31,0.005158195008966082,0.006214287831739718,-0.008530885917580555,-0.0036447696483694614,-0.005367343719250961,0.008681410528340372
